#include "sfx_index_data.h"

const unsigned char g_switchSfxIndexData[] = {
    0x53, 0x46, 0x58, 0x49, 0x00, 0x01, 0x00, 0x18, 0x00, 0x00, 0x09, 0x04, 0x00, 0x00, 0x07, 0x97,
    0x00, 0x22, 0x06, 0x00, 0x00, 0x00, 0x07, 0x80, 0x00, 0x00, 0x0d, 0x14, 0x00, 0x00, 0xac, 0x7c,
    0x64, 0x40, 0x00, 0x01, 0x00, 0x00, 0x00, 0x00, 0x00, 0x22, 0x0d, 0x80, 0x00, 0x00, 0x4c, 0x60,
    0x00, 0x00, 0x85, 0xa0, 0x00, 0x00, 0xac, 0xa4, 0x64, 0x40, 0x00, 0x01, 0x00, 0x00, 0x00, 0x00,
    0x00, 0x22, 0x59, 0xe0, 0x00, 0x00, 0x4b, 0x40, 0x00, 0x00, 0x83, 0xac, 0x00, 0x00, 0xac, 0xcc,
    0x69, 0x40, 0x00, 0x01, 0x00, 0x00, 0x00, 0x00, 0x00, 0x22, 0xa5, 0x20, 0x00, 0x00, 0x10, 0xa8,
    0x00, 0x00, 0x1d, 0x26, 0x00, 0x00, 0xac, 0xf4, 0x58, 0x40, 0x00, 0x01, 0x00, 0x00, 0x00, 0x00,
    0x00, 0x22, 0xb5, 0xe0, 0x00, 0x00, 0x0d, 0x80, 0x00, 0x00, 0x17, 0x99, 0x00, 0x00, 0xad, 0x1c,
    0x69, 0x40, 0x00, 0x01, 0x00, 0x00, 0x00, 0x00, 0x00, 0x22, 0xc3, 0x60, 0x00, 0x00, 0x76, 0x00,
    0x00, 0x00, 0xce, 0x80, 0x00, 0x00, 0xad, 0x44, 0x64, 0x40, 0x00, 0x01, 0x00, 0x00, 0x00, 0x00,
    0x00, 0x23, 0x39, 0x60, 0x00, 0x00, 0x06, 0x40, 0x00, 0x00, 0x0a, 0xeb, 0x00, 0x00, 0xad, 0x6c,
    0x6a, 0x40, 0x00, 0x01, 0x00, 0x00, 0x00, 0x00, 0x00, 0x23, 0x3f, 0xa0, 0x00, 0x00, 0x3c, 0x90,
    0x00, 0x00, 0x69, 0xf6, 0x00, 0x00, 0xad, 0x94, 0x4c, 0x40, 0x00, 0x01, 0x00, 0x00, 0x00, 0x00,
    0x00, 0x23, 0x7c, 0x40, 0x00, 0x00, 0x55, 0xe0, 0x00, 0x00, 0x96, 0x3e, 0x00, 0x00, 0xad, 0xbc,
    0x64, 0x40, 0x00, 0x01, 0x00, 0x00, 0x00, 0x00, 0x00, 0x23, 0xd2, 0x20, 0x00, 0x00, 0x58, 0x20,
    0x00, 0x00, 0x9a, 0x32, 0x00, 0x00, 0xad, 0xe4, 0x6c, 0x40, 0x00, 0x01, 0x00, 0x00, 0x00, 0x00,
    0x00, 0x24, 0x2a, 0x40, 0x00, 0x00, 0x77, 0x40, 0x00, 0x00, 0xd0, 0xab, 0x00, 0x00, 0xae, 0x0c,
    0x69, 0x40, 0x00, 0x01, 0x00, 0x00, 0x00, 0x00, 0x00, 0x24, 0xa1, 0x80, 0x00, 0x00, 0x1f, 0xc0,
    0x00, 0x00, 0x37, 0x83, 0x00, 0x00, 0xae, 0x34, 0x69, 0x40, 0x00, 0x01, 0x00, 0x00, 0x00, 0x00,
    0x00, 0x24, 0xc1, 0x40, 0x00, 0x00, 0x43, 0xb0, 0x00, 0x00, 0x76, 0x72, 0x00, 0x00, 0xae, 0x5c,
    0x66, 0x40, 0x00, 0x01, 0x00, 0x00, 0x00, 0x00, 0x00, 0x25, 0x05, 0x00, 0x00, 0x00, 0x5e, 0xb8,
    0x00, 0x00, 0xa5, 0xc1, 0x00, 0x00, 0xae, 0x84, 0x7f, 0x40, 0x00, 0x01, 0x00, 0x00, 0x00, 0x00,
    0x00, 0x25, 0x63, 0xc0, 0x00, 0x00, 0x04, 0xe8, 0x00, 0x00, 0x08, 0x93, 0x00, 0x00, 0xae, 0xac,
    0x50, 0x40, 0x00, 0x01, 0x00, 0x00, 0x00, 0x00, 0x00, 0x25, 0x68, 0xc0, 0x00, 0x00, 0x14, 0x18,
    0x00, 0x00, 0x23, 0x1f, 0x00, 0x00, 0xae, 0xd4, 0x6c, 0x40, 0x00, 0x01, 0x00, 0x00, 0x00, 0x00,
    0x00, 0x25, 0x7c, 0xe0, 0x00, 0x00, 0x3b, 0x00, 0x00, 0x00, 0x67, 0x35, 0x00, 0x00, 0xae, 0xfc,
    0x58, 0x40, 0x00, 0x01, 0x00, 0x00, 0x00, 0x00, 0x00, 0x25, 0xb7, 0xe0, 0x00, 0x00, 0x3e, 0xa8,
    0x00, 0x00, 0x6d, 0xa0, 0x00, 0x00, 0xaf, 0x24, 0x58, 0x40, 0x00, 0x01, 0x00, 0x00, 0x00, 0x00,
    0x00, 0x25, 0xf6, 0xa0, 0x00, 0x00, 0x24, 0xf0, 0x00, 0x00, 0x40, 0x9d, 0x00, 0x00, 0xaf, 0x4c,
    0x66, 0x40, 0x00, 0x01, 0x00, 0x00, 0x00, 0x00, 0x00, 0x26, 0x1b, 0xa0, 0x00, 0x00, 0x41, 0x80,
    0x00, 0x00, 0x72, 0x95, 0x00, 0x00, 0xaf, 0x74, 0x66, 0x40, 0x00, 0x01, 0x00, 0x00, 0x00, 0x00,
    0x00, 0x26, 0x5d, 0x20, 0x00, 0x00, 0x3e, 0x50, 0x00, 0x00, 0x6d, 0x03, 0x00, 0x00, 0xaf, 0x9c,
    0x66, 0x40, 0x00, 0x01, 0x00, 0x00, 0x00, 0x00, 0x00, 0x26, 0x9b, 0x80, 0x00, 0x00, 0x6e, 0xa8,
    0x00, 0x00, 0xc1, 0x9e, 0x00, 0x00, 0xaf, 0xc4, 0x67, 0x40, 0x00, 0x01, 0x00, 0x00, 0x00, 0x00,
    0x00, 0x27, 0x0a, 0x40, 0x00, 0x00, 0x0f, 0x28, 0x00, 0x00, 0x1a, 0x79, 0x00, 0x00, 0xaf, 0xec,
    0x5d, 0x40, 0x00, 0x01, 0x00, 0x00, 0x00, 0x00, 0x00, 0x20, 0xf8, 0x00, 0x00, 0x00, 0x07, 0x08,
    0x00, 0x00, 0x0c, 0x4c, 0x00, 0x00, 0xac, 0x04, 0x36, 0x40, 0x00, 0x01, 0x00, 0x00, 0x00, 0x00,
    0x00, 0x20, 0xff, 0x20, 0x00, 0x00, 0x0a, 0x80, 0x00, 0x00, 0x12, 0x58, 0x00, 0x00, 0xac, 0x2c,
    0x47, 0x40, 0x00, 0x01, 0x00, 0x00, 0x00, 0x00, 0x00, 0x29, 0xe7, 0x80, 0x00, 0x00, 0x05, 0x20,
    0x00, 0x00, 0x08, 0xec, 0x00, 0x00, 0xb0, 0xb4, 0x64, 0x40, 0x00, 0x01, 0x00, 0x00, 0x00, 0x00,
    0x00, 0x29, 0xe7, 0x80, 0x00, 0x00, 0x05, 0x20, 0x00, 0x00, 0x08, 0xec, 0x00, 0x00, 0xb0, 0xb4,
    0x50, 0x40, 0x00, 0x01, 0x00, 0x00, 0x00, 0x00, 0x00, 0x27, 0x19, 0x80, 0x00, 0x00, 0x89, 0x38,
    0x00, 0x00, 0xf0, 0x1e, 0x00, 0x00, 0xb0, 0x14, 0x64, 0x40, 0x00, 0x01, 0x00, 0x00, 0x00, 0x00,
    0x00, 0x27, 0xa2, 0xc0, 0x00, 0x00, 0x0a, 0x18, 0x00, 0x00, 0x11, 0xa1, 0x00, 0x00, 0xb0, 0x3c,
    0x53, 0x40, 0x00, 0x01, 0x00, 0x00, 0x00, 0x00, 0x00, 0x29, 0xe7, 0x80, 0x00, 0x00, 0x05, 0x20,
    0x00, 0x00, 0x08, 0xec, 0x00, 0x00, 0xb0, 0xb4, 0x01, 0x40, 0x00, 0x01, 0x00, 0x00, 0x00, 0x00,
    0x00, 0x29, 0xe7, 0x80, 0x00, 0x00, 0x05, 0x20, 0x00, 0x00, 0x08, 0xec, 0x00, 0x00, 0xb0, 0xb4,
    0x01, 0x40, 0x00, 0x01, 0x00, 0x00, 0x00, 0x00, 0x00, 0x29, 0xe7, 0x80, 0x00, 0x00, 0x05, 0x20,
    0x00, 0x00, 0x08, 0xec, 0x00, 0x00, 0xb0, 0xb4, 0x01, 0x40, 0x00, 0x01, 0x00, 0x00, 0x00, 0x00,
    0x00, 0x00, 0x00, 0x00, 0x00, 0x00, 0x00, 0x00, 0x00, 0x00, 0x00, 0x00, 0x00, 0x00, 0x00, 0x00,
    0x00, 0x40, 0x00, 0x00, 0x00, 0x00, 0x00, 0x00, 0x00, 0x21, 0x09, 0xa0, 0x00, 0x00, 0xfc, 0x50,
    0x00, 0x01, 0xb9, 0x80, 0x00, 0x00, 0xac, 0x54, 0x64, 0x40, 0x00, 0x01, 0x00, 0x00, 0x00, 0x00,
    0x00, 0x21, 0x09, 0xa0, 0x00, 0x00, 0xfc, 0x50, 0x00, 0x01, 0xb9, 0x80, 0x00, 0x00, 0xac, 0x54,
    0x64, 0x40, 0x00, 0x01, 0x00, 0x00, 0x00, 0x00, 0x00, 0x00, 0x00, 0x00, 0x00, 0x00, 0x00, 0x00,
    0x00, 0x00, 0x00, 0x00, 0x00, 0x00, 0x00, 0x00, 0x00, 0x40, 0x00, 0x00, 0x00, 0x00, 0x00, 0x00,
    0x00, 0x29, 0xec, 0xa0, 0x00, 0x00, 0x4c, 0x00, 0x00, 0x00, 0x84, 0xfb, 0x00, 0x00, 0xbd, 0xc4,
    0x6c, 0x40, 0x00, 0x01, 0x00, 0x00, 0x00, 0x00, 0x00, 0x2a, 0x38, 0xa0, 0x00, 0x00, 0x50, 0x58,
    0x00, 0x00, 0x8c, 0x8f, 0x00, 0x00, 0xbd, 0xec, 0x6c, 0x40, 0x00, 0x01, 0x00, 0x00, 0x00, 0x00,
    0x00, 0x2a, 0x89, 0x00, 0x00, 0x00, 0x70, 0xd0, 0x00, 0x00, 0xc5, 0x68, 0x00, 0x00, 0xbe, 0x14,
    0x6e, 0x40, 0x00, 0x01, 0x00, 0x00, 0x00, 0x00, 0x00, 0x2b, 0x67, 0xa0, 0x00, 0x00, 0x05, 0x20,
    0x00, 0x00, 0x08, 0xec, 0x00, 0x00, 0xbf, 0xcc, 0x64, 0x40, 0x00, 0x01, 0x00, 0x00, 0x00, 0x00,
    0x00, 0x2a, 0xf9, 0xe0, 0x00, 0x00, 0x4a, 0xd0, 0x00, 0x00, 0x82, 0xea, 0x00, 0x00, 0xbe, 0x3c,
    0x67, 0x40, 0x00, 0x01, 0x00, 0x00, 0x00, 0x00, 0x00, 0x2b, 0x44, 0xc0, 0x00, 0x00, 0x03, 0xd0,
    0x00, 0x00, 0x06, 0xab, 0x00, 0x00, 0xbe, 0x64, 0x64, 0x40, 0x00, 0x01, 0x00, 0x00, 0x00, 0x00,
    0x00, 0x2b, 0x48, 0xa0, 0x00, 0x00, 0x03, 0xd0, 0x00, 0x00, 0x06, 0xab, 0x00, 0x00, 0xbe, 0x8c,
    0x64, 0x40, 0x00, 0x01, 0x00, 0x00, 0x00, 0x00, 0x00, 0x2b, 0x4c, 0x80, 0x00, 0x00, 0x03, 0xd0,
    0x00, 0x00, 0x06, 0xab, 0x00, 0x00, 0xbe, 0xb4, 0x64, 0x40, 0x00, 0x01, 0x00, 0x00, 0x00, 0x00,
    0x00, 0x2b, 0x50, 0x60, 0x00, 0x00, 0x03, 0xd0, 0x00, 0x00, 0x06, 0xab, 0x00, 0x00, 0xbe, 0xdc,
    0x64, 0x40, 0x00, 0x01, 0x00, 0x00, 0x00, 0x00, 0x00, 0x2b, 0x54, 0x40, 0x00, 0x00, 0x03, 0xd0,
    0x00, 0x00, 0x06, 0xab, 0x00, 0x00, 0xbf, 0x04, 0x64, 0x40, 0x00, 0x01, 0x00, 0x00, 0x00, 0x00,
    0x00, 0x2b, 0x58, 0x20, 0x00, 0x00, 0x03, 0xd0, 0x00, 0x00, 0x06, 0xab, 0x00, 0x00, 0xbf, 0x2c,
    0x64, 0x40, 0x00, 0x01, 0x00, 0x00, 0x00, 0x00, 0x00, 0x2b, 0x5c, 0x00, 0x00, 0x00, 0x03, 0xd0,
    0x00, 0x00, 0x06, 0xab, 0x00, 0x00, 0xbf, 0x54, 0x64, 0x40, 0x00, 0x01, 0x00, 0x00, 0x00, 0x00,
    0x00, 0x2b, 0x5f, 0xe0, 0x00, 0x00, 0x03, 0xd0, 0x00, 0x00, 0x06, 0xab, 0x00, 0x00, 0xbf, 0x7c,
    0x64, 0x40, 0x00, 0x01, 0x00, 0x00, 0x00, 0x00, 0x00, 0x2b, 0x63, 0xc0, 0x00, 0x00, 0x03, 0xd0,
    0x00, 0x00, 0x06, 0xab, 0x00, 0x00, 0xbf, 0xa4, 0x64, 0x40, 0x00, 0x01, 0x00, 0x00, 0x00, 0x00,
    0x00, 0x2b, 0x67, 0xa0, 0x00, 0x00, 0x05, 0x20, 0x00, 0x00, 0x08, 0xec, 0x00, 0x00, 0xbf, 0xcc,
    0x64, 0x40, 0x00, 0x01, 0x00, 0x00, 0x00, 0x00, 0x00, 0x2b, 0x67, 0xa0, 0x00, 0x00, 0x05, 0x20,
    0x00, 0x00, 0x08, 0xec, 0x00, 0x00, 0xbf, 0xcc, 0x71, 0x40, 0x00, 0x01, 0x00, 0x00, 0x00, 0x00,
    0x00, 0x2b, 0x67, 0xa0, 0x00, 0x00, 0x05, 0x20, 0x00, 0x00, 0x08, 0xec, 0x00, 0x00, 0xbf, 0xcc,
    0x64, 0x40, 0x00, 0x01, 0x00, 0x00, 0x00, 0x00, 0x00, 0x2b, 0x67, 0xa0, 0x00, 0x00, 0x05, 0x20,
    0x00, 0x00, 0x08, 0xec, 0x00, 0x00, 0xbf, 0xcc, 0x69, 0x40, 0x00, 0x01, 0x00, 0x00, 0x00, 0x00,
    0x00, 0x2e, 0x91, 0x20, 0x00, 0x00, 0x3e, 0x20, 0x00, 0x00, 0x6c, 0xab, 0x00, 0x00, 0xce, 0x04,
    0x64, 0x40, 0x00, 0x01, 0x00, 0x00, 0x00, 0x00, 0x00, 0x2e, 0x51, 0xa0, 0x00, 0x00, 0x3f, 0x70,
    0x00, 0x00, 0x6f, 0x00, 0x00, 0x00, 0xcd, 0xdc, 0x64, 0x40, 0x00, 0x01, 0x00, 0x00, 0x00, 0x00,
    0x00, 0x2e, 0x01, 0x20, 0x00, 0x00, 0x50, 0x68, 0x00, 0x00, 0x8c, 0xab, 0x00, 0x00, 0xcd, 0xb4,
    0x64, 0x40, 0x00, 0x01, 0x00, 0x00, 0x00, 0x00, 0x00, 0x2d, 0xc1, 0x80, 0x00, 0x00, 0x3a, 0x98,
    0x00, 0x00, 0x66, 0x80, 0x00, 0x00, 0xcd, 0x3c, 0x74, 0x40, 0x00, 0x01, 0x00, 0x00, 0x00, 0x00,
    0x00, 0x2e, 0xcf, 0x40, 0x00, 0x00, 0x7e, 0x60, 0x00, 0x00, 0xdd, 0x21, 0x00, 0x00, 0xce, 0x2c,
    0x6a, 0x40, 0x00, 0x01, 0x00, 0x00, 0x00, 0x00, 0x00, 0x2f, 0x4d, 0xa0, 0x00, 0x00, 0x77, 0x50,
    0x00, 0x00, 0xd0, 0xc1, 0x00, 0x00, 0xce, 0x54, 0x60, 0x40, 0x00, 0x01, 0x00, 0x00, 0x00, 0x00,
    0x00, 0x2f, 0xc5, 0x00, 0x00, 0x00, 0x33, 0xa0, 0x00, 0x00, 0x5a, 0x57, 0x00, 0x00, 0xce, 0x7c,
    0x6a, 0x40, 0x00, 0x01, 0x00, 0x00, 0x00, 0x00, 0x00, 0x2f, 0xf8, 0xa0, 0x00, 0x00, 0x7c, 0xd0,
    0x00, 0x00, 0xda, 0x69, 0x00, 0x00, 0xce, 0xa4, 0x71, 0x40, 0x00, 0x01, 0x00, 0x00, 0x00, 0x00,
    0x00, 0x31, 0x1b, 0xe0, 0x00, 0x00, 0x38, 0x28, 0x00, 0x00, 0x62, 0x40, 0x00, 0x00, 0xd0, 0x0c,
    0x60, 0x40, 0x00, 0x01, 0x00, 0x00, 0x00, 0x00, 0x00, 0x31, 0x54, 0x20, 0x00, 0x00, 0x78, 0x50,
    0x00, 0x00, 0xd2, 0x82, 0x00, 0x00, 0xd0, 0x34, 0x64, 0x40, 0x00, 0x01, 0x00, 0x00, 0x00, 0x00,
    0x00, 0x2d, 0x49, 0x20, 0x00, 0x00, 0x1f, 0x90, 0x00, 0x00, 0x37, 0x34, 0x00, 0x00, 0xcc, 0x74,
    0x60, 0x40, 0x00, 0x01, 0x00, 0x00, 0x00, 0x00, 0x00, 0x2d, 0x68, 0xc0, 0x00, 0x00, 0x1e, 0x18,
    0x00, 0x00, 0x34, 0xa0, 0x00, 0x00, 0xcc, 0x9c, 0x5c, 0x40, 0x00, 0x01, 0x00, 0x00, 0x00, 0x00,
    0x00, 0x2d, 0x86, 0xe0, 0x00, 0x00, 0x31, 0x00, 0x00, 0x00, 0x55, 0xbd, 0x00, 0x00, 0xcc, 0xc4,
    0x64, 0x40, 0x00, 0x01, 0x00, 0x00, 0x00, 0x00, 0x00, 0x30, 0xc2, 0xa0, 0x00, 0x00, 0x1a, 0xa8,
    0x00, 0x00, 0x2e, 0x9a, 0x00, 0x00, 0xcf, 0x44, 0x5a, 0x40, 0x00, 0x01, 0x00, 0x00, 0x00, 0x00,
    0x00, 0x30, 0xdd, 0x60, 0x00, 0x00, 0x13, 0x30, 0x00, 0x00, 0x21, 0x8a, 0x00, 0x00, 0xcf, 0x6c,
    0x5a, 0x40, 0x00, 0x01, 0x00, 0x00, 0x00, 0x00, 0x00, 0x30, 0xf0, 0xa0, 0x00, 0x00, 0x21, 0x48,
    0x00, 0x00, 0x3a, 0x34, 0x00, 0x00, 0xcf, 0x94, 0x5a, 0x40, 0x00, 0x01, 0x00, 0x00, 0x00, 0x00,
    0x00, 0x31, 0xd3, 0x20, 0x00, 0x00, 0x23, 0xb0, 0x00, 0x00, 0x3e, 0x68, 0x00, 0x00, 0xd0, 0xac,
    0x71, 0x40, 0x00, 0x01, 0x00, 0x00, 0x00, 0x00, 0x00, 0x31, 0xf6, 0xe0, 0x00, 0x00, 0x11, 0xd8,
    0x00, 0x00, 0x1f, 0x34, 0x00, 0x00, 0xd0, 0xd4, 0x71, 0x40, 0x00, 0x01, 0x00, 0x00, 0x00, 0x00,
    0x00, 0x32, 0x08, 0xc0, 0x00, 0x00, 0x31, 0x88, 0x00, 0x00, 0x56, 0xa3, 0x00, 0x00, 0xd0, 0xfc,
    0x71, 0x40, 0x00, 0x01, 0x00, 0x00, 0x00, 0x00, 0x00, 0x2c, 0xc8, 0xa0, 0x00, 0x00, 0x47, 0x00,
    0x00, 0x00, 0x7c, 0x40, 0x00, 0x00, 0xcc, 0x24, 0x68, 0x40, 0x00, 0x01, 0x00, 0x00, 0x00, 0x00,
    0x00, 0x2c, 0x2c, 0x40, 0x00, 0x00, 0x57, 0x70, 0x00, 0x00, 0x99, 0x00, 0x00, 0x00, 0xcb, 0xd4,
    0x60, 0x40, 0x00, 0x01, 0x00, 0x00, 0x00, 0x00, 0x00, 0x32, 0xbd, 0x40, 0x00, 0x00, 0x32, 0xd8,
    0x00, 0x00, 0x58, 0xf4, 0x00, 0x00, 0xd1, 0xec, 0x75, 0x40, 0x00, 0x01, 0x00, 0x00, 0x00, 0x00,
    0x00, 0x32, 0xf0, 0x20, 0x00, 0x00, 0x22, 0x70, 0x00, 0x00, 0x3c, 0x3e, 0x00, 0x00, 0xd2, 0x14,
    0x7f, 0x40, 0x00, 0x01, 0x00, 0x00, 0x00, 0x00, 0x00, 0x33, 0x12, 0xa0, 0x00, 0x00, 0x1f, 0x88,
    0x00, 0x00, 0x37, 0x24, 0x00, 0x00, 0xd2, 0x3c, 0x74, 0x40, 0x00, 0x01, 0x00, 0x00, 0x00, 0x00,
    0x00, 0x32, 0x4d, 0x00, 0x00, 0x00, 0x3a, 0x80, 0x00, 0x00, 0x66, 0x5b, 0x00, 0x00, 0xd1, 0x9c,
    0x74, 0x40, 0x00, 0x01, 0x00, 0x00, 0x00, 0x00, 0x00, 0x2c, 0x83, 0xc0, 0x00, 0x00, 0x44, 0xd8,
    0x00, 0x00, 0x78, 0x74, 0x00, 0x00, 0xcb, 0xfc, 0x50, 0x40, 0x00, 0x01, 0x00, 0x00, 0x00, 0x00,
    0x00, 0x33, 0x32, 0x40, 0x00, 0x00, 0x26, 0x60, 0x00, 0x00, 0x43, 0x1c, 0x00, 0x00, 0xd2, 0x64,
    0x7f, 0x40, 0x00, 0x01, 0x00, 0x00, 0x00, 0x00, 0x00, 0x30, 0x86, 0xc0, 0x00, 0x00, 0x1a, 0x70,
    0x00, 0x00, 0x2e, 0x43, 0x00, 0x00, 0xce, 0xf4, 0x6a, 0x40, 0x00, 0x01, 0x00, 0x00, 0x00, 0x00,
    0x00, 0x30, 0x75, 0x80, 0x00, 0x00, 0x11, 0x28, 0x00, 0x00, 0x1d, 0xfe, 0x00, 0x00, 0xce, 0xcc,
    0x6a, 0x40, 0x00, 0x01, 0x00, 0x00, 0x00, 0x00, 0x00, 0x2d, 0xfe, 0x60, 0x00, 0x00, 0x02, 0xa8,
    0x00, 0x00, 0x04, 0x99, 0x00, 0x00, 0xcd, 0x8c, 0x64, 0x40, 0x00, 0x01, 0x00, 0x00, 0x00, 0x00,
    0x00, 0x2d, 0xfc, 0x20, 0x00, 0x00, 0x02, 0x38, 0x00, 0x00, 0x03, 0xdc, 0x00, 0x00, 0xcd, 0x64,
    0x64, 0x40, 0x00, 0x01, 0x00, 0x00, 0x00, 0x00, 0x00, 0x31, 0x16, 0xa0, 0x00, 0x00, 0x05, 0x28,
    0x00, 0x00, 0x09, 0x04, 0x00, 0x00, 0xcf, 0xe4, 0x64, 0x40, 0x00, 0x01, 0x00, 0x00, 0x00, 0x00,
    0x00, 0x31, 0x12, 0x00, 0x00, 0x00, 0x04, 0x98, 0x00, 0x00, 0x08, 0x06, 0x00, 0x00, 0xcf, 0xbc,
    0x64, 0x40, 0x00, 0x01, 0x00, 0x00, 0x00, 0x00, 0x00, 0x2d, 0xbc, 0x40, 0x00, 0x00, 0x05, 0x38,
    0x00, 0x00, 0x09, 0x1e, 0x00, 0x00, 0xcd, 0x14, 0x64, 0x40, 0x00, 0x01, 0x00, 0x00, 0x00, 0x00,
    0x00, 0x2d, 0xb7, 0xe0, 0x00, 0x00, 0x04, 0x60, 0x00, 0x00, 0x07, 0xa8, 0x00, 0x00, 0xcc, 0xec,
    0x64, 0x40, 0x00, 0x01, 0x00, 0x00, 0x00, 0x00, 0x00, 0x32, 0x3e, 0x00, 0x00, 0x00, 0x03, 0x78,
    0x00, 0x00, 0x06, 0x06, 0x00, 0x00, 0xd1, 0x4c, 0x64, 0x40, 0x00, 0x01, 0x00, 0x00, 0x00, 0x00,
    0x00, 0x32, 0x3a, 0x60, 0x00, 0x00, 0x03, 0x98, 0x00, 0x00, 0x06, 0x45, 0x00, 0x00, 0xd1, 0x24,
    0x64, 0x40, 0x00, 0x01, 0x00, 0x00, 0x00, 0x00, 0x00, 0x31, 0xcf, 0x80, 0x00, 0x00, 0x03, 0x90,
    0x00, 0x00, 0x06, 0x34, 0x00, 0x00, 0xd0, 0x84, 0x50, 0x40, 0x00, 0x01, 0x00, 0x00, 0x00, 0x00,
    0x00, 0x31, 0xcc, 0x80, 0x00, 0x00, 0x03, 0x00, 0x00, 0x00, 0x05, 0x36, 0x00, 0x00, 0xd0, 0x5c,
    0x50, 0x40, 0x00, 0x01, 0x00, 0x00, 0x00, 0x00, 0x00, 0x2e, 0x91, 0x20, 0x00, 0x00, 0x3e, 0x20,
    0x00, 0x00, 0x6c, 0xab, 0x00, 0x00, 0xce, 0x04, 0x40, 0x40, 0x00, 0x01, 0x00, 0x00, 0x00, 0x00,
    0x00, 0x2b, 0xd2, 0xc0, 0x00, 0x00, 0x0a, 0x48, 0x00, 0x00, 0x11, 0xfe, 0x00, 0x00, 0xcb, 0x34,
    0x60, 0x40, 0x00, 0x01, 0x00, 0x00, 0x00, 0x00, 0x00, 0x2b, 0xdd, 0x20, 0x00, 0x00, 0x0b, 0x48,
    0x00, 0x00, 0x13, 0xb2, 0x00, 0x00, 0xcb, 0x5c, 0x60, 0x40, 0x00, 0x01, 0x00, 0x00, 0x00, 0x00,
    0x00, 0x2b, 0xe8, 0x80, 0x00, 0x00, 0x17, 0xe8, 0x00, 0x00, 0x29, 0xce, 0x00, 0x00, 0xcb, 0x84,
    0x60, 0x40, 0x00, 0x01, 0x00, 0x00, 0x00, 0x00, 0x00, 0x2c, 0x00, 0x80, 0x00, 0x00, 0x2b, 0xa8,
    0x00, 0x00, 0x4c, 0x5f, 0x00, 0x00, 0xcb, 0xac, 0x64, 0x40, 0x00, 0x01, 0x00, 0x00, 0x00, 0x00,
    0x00, 0x2b, 0x6c, 0xc0, 0x00, 0x00, 0x5b, 0x38, 0x00, 0x00, 0x9f, 0x9d, 0x00, 0x00, 0xca, 0xe4,
    0x40, 0x40, 0x00, 0x01, 0x00, 0x00, 0x00, 0x00, 0x00, 0x32, 0x41, 0x80, 0x00, 0x00, 0x0b, 0x78,
    0x00, 0x00, 0x14, 0x08, 0x00, 0x00, 0xd1, 0x74, 0x01, 0x40, 0x00, 0x01, 0x00, 0x00, 0x00, 0x00,
    0x00, 0x32, 0x87, 0x80, 0x00, 0x00, 0x35, 0xb8, 0x00, 0x00, 0x5d, 0xf6, 0x00, 0x00, 0xd1, 0xc4,
    0x7f, 0x40, 0x00, 0x01, 0x00, 0x00, 0x00, 0x00, 0x00, 0x31, 0x1b, 0xe0, 0x00, 0x00, 0x38, 0x28,
    0x00, 0x00, 0x62, 0x40, 0x00, 0x00, 0xd0, 0x0c, 0x60, 0x40, 0x00, 0x01, 0x00, 0x00, 0x00, 0x00,
    0x00, 0x31, 0x54, 0x20, 0x00, 0x00, 0x78, 0x50, 0x00, 0x00, 0xd2, 0x82, 0x00, 0x00, 0xd0, 0x34,
    0x64, 0x40, 0x00, 0x01, 0x00, 0x00, 0x00, 0x00, 0x00, 0x31, 0xcc, 0x80, 0x00, 0x00, 0x03, 0x00,
    0x00, 0x00, 0x05, 0x36, 0x00, 0x00, 0xd0, 0x5c, 0x50, 0x40, 0x00, 0x01, 0x00, 0x00, 0x00, 0x00,
    0x00, 0x31, 0xcf, 0x80, 0x00, 0x00, 0x03, 0x90, 0x00, 0x00, 0x06, 0x34, 0x00, 0x00, 0xd0, 0x84,
    0x50, 0x40, 0x00, 0x01, 0x00, 0x00, 0x00, 0x00, 0x00, 0x2d, 0x0f, 0xa0, 0x00, 0x00, 0x39, 0x70,
    0x00, 0x00, 0x64, 0x80, 0x00, 0x00, 0xcc, 0x4c, 0x6c, 0x40, 0x00, 0x01, 0x00, 0x00, 0x00, 0x00,
    0x00, 0x2d, 0x0f, 0xa0, 0x00, 0x00, 0x39, 0x70, 0x00, 0x00, 0x64, 0x80, 0x00, 0x00, 0xcc, 0x4c,
    0x6a, 0x40, 0x00, 0x01, 0x00, 0x00, 0x00, 0x00, 0x00, 0x30, 0xa1, 0x40, 0x00, 0x00, 0x21, 0x50,
    0x00, 0x00, 0x3a, 0x40, 0x00, 0x00, 0xcf, 0x1c, 0x6a, 0x40, 0x00, 0x01, 0x00, 0x00, 0x00, 0x00,
    0x00, 0x3c, 0x43, 0xa0, 0x00, 0x00, 0x05, 0x20, 0x00, 0x00, 0x08, 0xec, 0x00, 0x00, 0xea, 0x0c,
    0x20, 0x40, 0x00, 0x01, 0x00, 0x00, 0x00, 0x00, 0x00, 0x36, 0x60, 0xe0, 0x00, 0x00, 0x32, 0x70,
    0x00, 0x00, 0x58, 0x41, 0x00, 0x00, 0xe6, 0x74, 0x64, 0x40, 0x00, 0x01, 0x00, 0x00, 0x00, 0x00,
    0x00, 0x36, 0x93, 0x60, 0x00, 0x00, 0x19, 0x00, 0x00, 0x00, 0x2b, 0xb8, 0x00, 0x00, 0xe6, 0x9c,
    0x64, 0x40, 0x00, 0x01, 0x00, 0x00, 0x00, 0x00, 0x00, 0x36, 0xac, 0x60, 0x00, 0x00, 0x2b, 0x28,
    0x00, 0x00, 0x4b, 0x80, 0x00, 0x00, 0xe6, 0xc4, 0x64, 0x40, 0x00, 0x01, 0x00, 0x00, 0x00, 0x00,
    0x00, 0x36, 0xd7, 0xa0, 0x00, 0x00, 0x28, 0x10, 0x00, 0x00, 0x46, 0x15, 0x00, 0x00, 0xe6, 0xec,
    0x64, 0x40, 0x00, 0x01, 0x00, 0x00, 0x00, 0x00, 0x00, 0x36, 0xff, 0xc0, 0x00, 0x00, 0x29, 0x90,
    0x00, 0x00, 0x48, 0xb1, 0x00, 0x00, 0xe7, 0x14, 0x64, 0x40, 0x00, 0x01, 0x00, 0x00, 0x00, 0x00,
    0x00, 0x37, 0x29, 0x60, 0x00, 0x00, 0x1f, 0x68, 0x00, 0x00, 0x36, 0xec, 0x00, 0x00, 0xe7, 0x3c,
    0x64, 0x40, 0x00, 0x01, 0x00, 0x00, 0x00, 0x00, 0x00, 0x37, 0x48, 0xe0, 0x00, 0x00, 0x2a, 0xa0,
    0x00, 0x00, 0x4a, 0x8b, 0x00, 0x00, 0xe7, 0x64, 0x64, 0x40, 0x00, 0x01, 0x00, 0x00, 0x00, 0x00,
    0x00, 0x37, 0x73, 0x80, 0x00, 0x00, 0x23, 0xe8, 0x00, 0x00, 0x3e, 0xd5, 0x00, 0x00, 0xe7, 0x8c,
    0x64, 0x40, 0x00, 0x01, 0x00, 0x00, 0x00, 0x00, 0x00, 0x37, 0x97, 0x80, 0x00, 0x00, 0x3e, 0xf8,
    0x00, 0x00, 0x6e, 0x2a, 0x00, 0x00, 0xe7, 0xb4, 0x6d, 0x40, 0x00, 0x01, 0x00, 0x00, 0x00, 0x00,
    0x00, 0x37, 0xd6, 0x80, 0x00, 0x00, 0x27, 0x10, 0x00, 0x00, 0x44, 0x55, 0x00, 0x00, 0xe7, 0xdc,
    0x6d, 0x40, 0x00, 0x01, 0x00, 0x00, 0x00, 0x00, 0x00, 0x37, 0xfd, 0xa0, 0x00, 0x00, 0x30, 0xb0,
    0x00, 0x00, 0x55, 0x2a, 0x00, 0x00, 0xe8, 0x04, 0x6d, 0x40, 0x00, 0x01, 0x00, 0x00, 0x00, 0x00,
    0x00, 0x38, 0x2e, 0x60, 0x00, 0x00, 0x1f, 0xa0, 0x00, 0x00, 0x37, 0x4e, 0x00, 0x00, 0xe8, 0x2c,
    0x6d, 0x40, 0x00, 0x01, 0x00, 0x00, 0x00, 0x00, 0x00, 0x38, 0x4e, 0x00, 0x00, 0x00, 0x42, 0x00,
    0x00, 0x00, 0x73, 0x80, 0x00, 0x00, 0xe8, 0x54, 0x6d, 0x40, 0x00, 0x01, 0x00, 0x00, 0x00, 0x00,
    0x00, 0x38, 0x90, 0x00, 0x00, 0x00, 0x2a, 0x18, 0x00, 0x00, 0x49, 0xa5, 0x00, 0x00, 0xe8, 0x7c,
    0x6d, 0x40, 0x00, 0x01, 0x00, 0x00, 0x00, 0x00, 0x00, 0x38, 0xba, 0x20, 0x00, 0x00, 0x2c, 0xe0,
    0x00, 0x00, 0x4e, 0x80, 0x00, 0x00, 0xe8, 0xa4, 0x6d, 0x40, 0x00, 0x01, 0x00, 0x00, 0x00, 0x00,
    0x00, 0x38, 0xe7, 0x00, 0x00, 0x00, 0x43, 0x70, 0x00, 0x00, 0x76, 0x00, 0x00, 0x00, 0xe8, 0xcc,
    0x6d, 0x40, 0x00, 0x01, 0x00, 0x00, 0x00, 0x00, 0x00, 0x39, 0x2a, 0x80, 0x00, 0x00, 0x1d, 0x28,
    0x00, 0x00, 0x32, 0xf9, 0x00, 0x00, 0xe8, 0xf4, 0x64, 0x40, 0x00, 0x01, 0x00, 0x00, 0x00, 0x00,
    0x00, 0x3c, 0x43, 0xa0, 0x00, 0x00, 0x05, 0x20, 0x00, 0x00, 0x08, 0xec, 0x00, 0x00, 0xea, 0x0c,
    0x64, 0x40, 0x00, 0x01, 0x00, 0x00, 0x00, 0x00, 0x00, 0x39, 0x47, 0xc0, 0x00, 0x00, 0x8d, 0xe0,
    0x00, 0x00, 0xf8, 0x3e, 0x00, 0x00, 0xe9, 0x1c, 0x6a, 0x40, 0x00, 0x01, 0x00, 0x00, 0x00, 0x00,
    0x00, 0x00, 0x00, 0x00, 0x00, 0x00, 0x00, 0x00, 0x00, 0x00, 0x00, 0x00, 0x00, 0x00, 0x00, 0x00,
    0x00, 0x40, 0x00, 0x00, 0x00, 0x00, 0x00, 0x00, 0x00, 0x00, 0x00, 0x00, 0x00, 0x00, 0x00, 0x00,
    0x00, 0x00, 0x00, 0x00, 0x00, 0x00, 0x00, 0x00, 0x00, 0x40, 0x00, 0x00, 0x00, 0x00, 0x00, 0x00,
    0x00, 0x3a, 0xb2, 0x60, 0x00, 0x01, 0x09, 0x20, 0x00, 0x01, 0xcf, 0xec, 0x00, 0x00, 0xe9, 0x94,
    0x64, 0x40, 0x00, 0x01, 0x00, 0x00, 0x00, 0x00, 0x00, 0x3b, 0xbb, 0x80, 0x00, 0x00, 0x3f, 0x90,
    0x00, 0x00, 0x6f, 0x34, 0x00, 0x00, 0xe9, 0xbc, 0x7f, 0x40, 0x00, 0x01, 0x00, 0x00, 0x00, 0x00,
    0x00, 0x3b, 0xfb, 0x20, 0x00, 0x00, 0x48, 0x80, 0x00, 0x00, 0x7e, 0xd5, 0x00, 0x00, 0xe9, 0xe4,
    0x64, 0x40, 0x00, 0x01, 0x00, 0x00, 0x00, 0x00, 0x00, 0x3c, 0x43, 0xa0, 0x00, 0x00, 0x05, 0x20,
    0x00, 0x00, 0x08, 0xec, 0x00, 0x00, 0xea, 0x0c, 0x10, 0x40, 0x00, 0x01, 0x00, 0x00, 0x00, 0x00,
    0x00, 0x3c, 0x43, 0xa0, 0x00, 0x00, 0x05, 0x20, 0x00, 0x00, 0x08, 0xec, 0x00, 0x00, 0xea, 0x0c,
    0x10, 0x40, 0x00, 0x01, 0x00, 0x00, 0x00, 0x00, 0x00, 0x3c, 0x43, 0xa0, 0x00, 0x00, 0x05, 0x20,
    0x00, 0x00, 0x08, 0xec, 0x00, 0x00, 0xea, 0x0c, 0x64, 0x40, 0x00, 0x01, 0x00, 0x00, 0x00, 0x00,
    0x00, 0x3c, 0x43, 0xa0, 0x00, 0x00, 0x05, 0x20, 0x00, 0x00, 0x08, 0xec, 0x00, 0x00, 0xea, 0x0c,
    0x01, 0x40, 0x00, 0x01, 0x00, 0x00, 0x00, 0x00, 0x00, 0x3c, 0x43, 0xa0, 0x00, 0x00, 0x05, 0x20,
    0x00, 0x00, 0x08, 0xec, 0x00, 0x00, 0xea, 0x0c, 0x01, 0x40, 0x00, 0x01, 0x00, 0x00, 0x00, 0x00,
    0x00, 0x3c, 0x43, 0xa0, 0x00, 0x00, 0x05, 0x20, 0x00, 0x00, 0x08, 0xec, 0x00, 0x00, 0xea, 0x0c,
    0x01, 0x40, 0x00, 0x01, 0x00, 0x00, 0x00, 0x00, 0x00, 0x3c, 0x43, 0xa0, 0x00, 0x00, 0x05, 0x20,
    0x00, 0x00, 0x08, 0xec, 0x00, 0x00, 0xea, 0x0c, 0x01, 0x40, 0x00, 0x01, 0x00, 0x00, 0x00, 0x00,
    0x00, 0x3c, 0x43, 0xa0, 0x00, 0x00, 0x05, 0x20, 0x00, 0x00, 0x08, 0xec, 0x00, 0x00, 0xea, 0x0c,
    0x01, 0x40, 0x00, 0x01, 0x00, 0x00, 0x00, 0x00, 0x00, 0x3c, 0x43, 0xa0, 0x00, 0x00, 0x05, 0x20,
    0x00, 0x00, 0x08, 0xec, 0x00, 0x00, 0xea, 0x0c, 0x01, 0x40, 0x00, 0x01, 0x00, 0x00, 0x00, 0x00,
    0x00, 0x3c, 0x43, 0xa0, 0x00, 0x00, 0x05, 0x20, 0x00, 0x00, 0x08, 0xec, 0x00, 0x00, 0xea, 0x0c,
    0x01, 0x40, 0x00, 0x01, 0x00, 0x00, 0x00, 0x00, 0x00, 0x3c, 0x43, 0xa0, 0x00, 0x00, 0x05, 0x20,
    0x00, 0x00, 0x08, 0xec, 0x00, 0x00, 0xea, 0x0c, 0x01, 0x40, 0x00, 0x01, 0x00, 0x00, 0x00, 0x00,
    0x00, 0x3c, 0x43, 0xa0, 0x00, 0x00, 0x05, 0x20, 0x00, 0x00, 0x08, 0xec, 0x00, 0x00, 0xea, 0x0c,
    0x01, 0x40, 0x00, 0x01, 0x00, 0x00, 0x00, 0x00, 0x00, 0x3c, 0x43, 0xa0, 0x00, 0x00, 0x05, 0x20,
    0x00, 0x00, 0x08, 0xec, 0x00, 0x00, 0xea, 0x0c, 0x01, 0x40, 0x00, 0x01, 0x00, 0x00, 0x00, 0x00,
    0x00, 0x3c, 0x43, 0xa0, 0x00, 0x00, 0x05, 0x20, 0x00, 0x00, 0x08, 0xec, 0x00, 0x00, 0xea, 0x0c,
    0x01, 0x40, 0x00, 0x01, 0x00, 0x00, 0x00, 0x00, 0x00, 0x3c, 0x43, 0xa0, 0x00, 0x00, 0x05, 0x20,
    0x00, 0x00, 0x08, 0xec, 0x00, 0x00, 0xea, 0x0c, 0x01, 0x40, 0x00, 0x01, 0x00, 0x00, 0x00, 0x00,
    0x00, 0x40, 0xa5, 0xe0, 0x00, 0x00, 0x05, 0x20, 0x00, 0x00, 0x08, 0xec, 0x00, 0x00, 0xf6, 0xc4,
    0x20, 0x40, 0x00, 0x01, 0x00, 0x00, 0x00, 0x00, 0x00, 0x3c, 0xe8, 0x40, 0x00, 0x00, 0x73, 0xe0,
    0x00, 0x00, 0xca, 0xc0, 0x00, 0x00, 0xf5, 0x34, 0x4c, 0x40, 0x00, 0x01, 0x00, 0x00, 0x00, 0x00,
    0x00, 0x40, 0xa5, 0xe0, 0x00, 0x00, 0x05, 0x20, 0x00, 0x00, 0x08, 0xec, 0x00, 0x00, 0xf6, 0xc4,
    0x64, 0x40, 0x00, 0x01, 0x00, 0x00, 0x00, 0x00, 0x00, 0x3d, 0x5c, 0x20, 0x00, 0x00, 0x12, 0x98,
    0x00, 0x00, 0x20, 0x7f, 0x00, 0x00, 0xf5, 0x5c, 0x47, 0x40, 0x00, 0x01, 0x00, 0x00, 0x00, 0x00,
    0x00, 0x3d, 0x6e, 0xc0, 0x00, 0x00, 0x56, 0xc0, 0x00, 0x00, 0x97, 0xc3, 0x00, 0x00, 0xf5, 0x84,
    0x64, 0x40, 0x00, 0x01, 0x00, 0x00, 0x00, 0x00, 0x00, 0x3d, 0xc5, 0x80, 0x00, 0x00, 0x32, 0x48,
    0x00, 0x00, 0x57, 0xfd, 0x00, 0x00, 0xf5, 0xac, 0x64, 0x40, 0x00, 0x01, 0x00, 0x00, 0x00, 0x00,
    0x00, 0x3d, 0xf7, 0xe0, 0x00, 0x00, 0xaf, 0xb8, 0x00, 0x01, 0x33, 0x80, 0x00, 0x00, 0xf5, 0xd4,
    0x7f, 0x40, 0x00, 0x01, 0x00, 0x00, 0x00, 0x00, 0x00, 0x40, 0xa5, 0xe0, 0x00, 0x00, 0x05, 0x20,
    0x00, 0x00, 0x08, 0xec, 0x00, 0x00, 0xf6, 0xc4, 0x64, 0x40, 0x00, 0x01, 0x00, 0x00, 0x00, 0x00,
    0x00, 0x3e, 0xa7, 0xa0, 0x00, 0x00, 0x4a, 0xa0, 0x00, 0x00, 0x82, 0x96, 0x00, 0x00, 0xf5, 0xfc,
    0x64, 0x40, 0x00, 0x01, 0x00, 0x00, 0x00, 0x00, 0x00, 0x40, 0xa5, 0xe0, 0x00, 0x00, 0x05, 0x20,
    0x00, 0x00, 0x08, 0xec, 0x00, 0x00, 0xf6, 0xc4, 0x64, 0x40, 0x00, 0x01, 0x00, 0x00, 0x00, 0x00,
    0x00, 0x00, 0x00, 0x00, 0x00, 0x00, 0x00, 0x00, 0x00, 0x00, 0x00, 0x00, 0x00, 0x00, 0x00, 0x00,
    0x00, 0x40, 0x00, 0x00, 0x00, 0x00, 0x00, 0x00, 0x00, 0x3e, 0xf2, 0x40, 0x00, 0x00, 0xbc, 0xb0,
    0x00, 0x01, 0x4a, 0x29, 0x00, 0x00, 0xf6, 0x24, 0x78, 0x40, 0x00, 0x01, 0x00, 0x00, 0x00, 0x00,
    0x00, 0x40, 0xa5, 0xe0, 0x00, 0x00, 0x05, 0x20, 0x00, 0x00, 0x08, 0xec, 0x00, 0x00, 0xf6, 0xc4,
    0x64, 0x40, 0x00, 0x01, 0x00, 0x00, 0x00, 0x00, 0x00, 0x3f, 0xaf, 0x00, 0x00, 0x00, 0x1d, 0x28,
    0x00, 0x00, 0x32, 0xf9, 0x00, 0x00, 0xf6, 0x4c, 0x64, 0x40, 0x00, 0x01, 0x00, 0x00, 0x00, 0x00,
    0x00, 0x40, 0xa5, 0xe0, 0x00, 0x00, 0x05, 0x20, 0x00, 0x00, 0x08, 0xec, 0x00, 0x00, 0xf6, 0xc4,
    0x64, 0x40, 0x00, 0x01, 0x00, 0x00, 0x00, 0x00, 0x00, 0x3f, 0xcc, 0x40, 0x00, 0x00, 0x87, 0x98,
    0x00, 0x00, 0xed, 0x48, 0x00, 0x00, 0xf6, 0x74, 0x64, 0x40, 0x00, 0x01, 0x00, 0x00, 0x00, 0x00,
    0x00, 0x40, 0xa5, 0xe0, 0x00, 0x00, 0x05, 0x20, 0x00, 0x00, 0x08, 0xec, 0x00, 0x00, 0xf6, 0xc4,
    0x20, 0x40, 0x00, 0x01, 0x00, 0x00, 0x00, 0x00, 0x00, 0x40, 0xa5, 0xe0, 0x00, 0x00, 0x05, 0x20,
    0x00, 0x00, 0x08, 0xec, 0x00, 0x00, 0xf6, 0xc4, 0x20, 0x40, 0x00, 0x01, 0x00, 0x00, 0x00, 0x00,
    0x00, 0x40, 0x53, 0xe0, 0x00, 0x00, 0x51, 0xf8, 0x00, 0x00, 0x8f, 0x68, 0x00, 0x00, 0xf6, 0x9c,
    0x5b, 0x40, 0x00, 0x01, 0x00, 0x00, 0x00, 0x00, 0x00, 0x40, 0x53, 0xe0, 0x00, 0x00, 0x51, 0xf8,
    0x00, 0x00, 0x8f, 0x68, 0x00, 0x00, 0xf6, 0x9c, 0x5a, 0x40, 0x00, 0x01, 0x00, 0x00, 0x00, 0x00,
    0x00, 0x40, 0x53, 0xe0, 0x00, 0x00, 0x51, 0xf8, 0x00, 0x00, 0x8f, 0x68, 0x00, 0x00, 0xf6, 0x9c,
    0x62, 0x40, 0x00, 0x01, 0x00, 0x00, 0x00, 0x00, 0x00, 0x3c, 0x94, 0x40, 0x00, 0x00, 0x54, 0x00,
    0x00, 0x00, 0x93, 0x00, 0x00, 0x00, 0xf5, 0x0c, 0x39, 0x40, 0x00, 0x01, 0x00, 0x00, 0x00, 0x00,
    0x00, 0x40, 0xa5, 0xe0, 0x00, 0x00, 0x05, 0x20, 0x00, 0x00, 0x08, 0xec, 0x00, 0x00, 0xf6, 0xc4,
    0x01, 0x40, 0x00, 0x01, 0x00, 0x00, 0x00, 0x00, 0x00, 0x40, 0xa5, 0xe0, 0x00, 0x00, 0x05, 0x20,
    0x00, 0x00, 0x08, 0xec, 0x00, 0x00, 0xf6, 0xc4, 0x01, 0x40, 0x00, 0x01, 0x00, 0x00, 0x00, 0x00,
    0x00, 0x40, 0xa5, 0xe0, 0x00, 0x00, 0x05, 0x20, 0x00, 0x00, 0x08, 0xec, 0x00, 0x00, 0xf6, 0xc4,
    0x01, 0x40, 0x00, 0x01, 0x00, 0x00, 0x00, 0x00, 0x00, 0x40, 0xa5, 0xe0, 0x00, 0x00, 0x05, 0x20,
    0x00, 0x00, 0x08, 0xec, 0x00, 0x00, 0xf6, 0xc4, 0x01, 0x40, 0x00, 0x01, 0x00, 0x00, 0x00, 0x00,
    0x00, 0x40, 0xa5, 0xe0, 0x00, 0x00, 0x05, 0x20, 0x00, 0x00, 0x08, 0xec, 0x00, 0x00, 0xf6, 0xc4,
    0x01, 0x40, 0x00, 0x01, 0x00, 0x00, 0x00, 0x00, 0x00, 0x40, 0xa5, 0xe0, 0x00, 0x00, 0x05, 0x20,
    0x00, 0x00, 0x08, 0xec, 0x00, 0x00, 0xf6, 0xc4, 0x01, 0x40, 0x00, 0x01, 0x00, 0x00, 0x00, 0x00,
    0x00, 0x40, 0xa5, 0xe0, 0x00, 0x00, 0x05, 0x20, 0x00, 0x00, 0x08, 0xec, 0x00, 0x00, 0xf6, 0xc4,
    0x01, 0x40, 0x00, 0x01, 0x00, 0x00, 0x00, 0x00, 0x00, 0x40, 0xa5, 0xe0, 0x00, 0x00, 0x05, 0x20,
    0x00, 0x00, 0x08, 0xec, 0x00, 0x00, 0xf6, 0xc4, 0x01, 0x40, 0x00, 0x01, 0x00, 0x00, 0x00, 0x00,
    0x00, 0x40, 0xa5, 0xe0, 0x00, 0x00, 0x05, 0x20, 0x00, 0x00, 0x08, 0xec, 0x00, 0x00, 0xf6, 0xc4,
    0x01, 0x40, 0x00, 0x01, 0x00, 0x00, 0x00, 0x00, 0x00, 0x40, 0xa5, 0xe0, 0x00, 0x00, 0x05, 0x20,
    0x00, 0x00, 0x08, 0xec, 0x00, 0x00, 0xf6, 0xc4, 0x01, 0x40, 0x00, 0x01, 0x00, 0x00, 0x00, 0x00,
    0x00, 0x42, 0xff, 0xa0, 0x00, 0x00, 0x05, 0x20, 0x00, 0x00, 0x08, 0xec, 0x00, 0x00, 0xfe, 0xcc,
    0x20, 0x40, 0x00, 0x01, 0x00, 0x00, 0x00, 0x00, 0x00, 0x42, 0xff, 0xa0, 0x00, 0x00, 0x05, 0x20,
    0x00, 0x00, 0x08, 0xec, 0x00, 0x00, 0xfe, 0xcc, 0x64, 0x40, 0x00, 0x01, 0x00, 0x00, 0x00, 0x00,
    0x00, 0x42, 0xff, 0xa0, 0x00, 0x00, 0x05, 0x20, 0x00, 0x00, 0x08, 0xec, 0x00, 0x00, 0xfe, 0xcc,
    0x64, 0x40, 0x00, 0x01, 0x00, 0x00, 0x00, 0x00, 0x00, 0x42, 0xff, 0xa0, 0x00, 0x00, 0x05, 0x20,
    0x00, 0x00, 0x08, 0xec, 0x00, 0x00, 0xfe, 0xcc, 0x64, 0x40, 0x00, 0x01, 0x00, 0x00, 0x00, 0x00,
    0x00, 0x40, 0xab, 0x00, 0x00, 0x00, 0x3c, 0x90, 0x00, 0x00, 0x69, 0xf6, 0x00, 0x00, 0xfe, 0x04,
    0x64, 0x40, 0x00, 0x01, 0x00, 0x00, 0x00, 0x00, 0x00, 0x40, 0xe7, 0xa0, 0x00, 0x00, 0x55, 0xe0,
    0x00, 0x00, 0x96, 0x47, 0x00, 0x00, 0xfe, 0x2c, 0x64, 0x40, 0x00, 0x01, 0x00, 0x00, 0x00, 0x00,
    0x00, 0x41, 0x3d, 0x80, 0x00, 0x00, 0x62, 0x10, 0x00, 0x00, 0xab, 0x94, 0x00, 0x00, 0xfe, 0x54,
    0x64, 0x40, 0x00, 0x01, 0x00, 0x00, 0x00, 0x00, 0x00, 0x41, 0x9f, 0xa0, 0x00, 0x00, 0xb1, 0x68,
    0x00, 0x01, 0x36, 0x6b, 0x00, 0x00, 0xfe, 0x7c, 0x64, 0x40, 0x00, 0x01, 0x00, 0x00, 0x00, 0x00,
    0x00, 0x42, 0x51, 0x20, 0x00, 0x00, 0xae, 0x80, 0x00, 0x01, 0x31, 0x57, 0x00, 0x00, 0xfe, 0xa4,
    0x64, 0x40, 0x00, 0x01, 0x00, 0x00, 0x00, 0x00, 0x00, 0x42, 0xff, 0xa0, 0x00, 0x00, 0x05, 0x20,
    0x00, 0x00, 0x08, 0xec, 0x00, 0x00, 0xfe, 0xcc, 0x01, 0x40, 0x00, 0x01, 0x00, 0x00, 0x00, 0x00,
    0x00, 0x42, 0xff, 0xa0, 0x00, 0x00, 0x05, 0x20, 0x00, 0x00, 0x08, 0xec, 0x00, 0x00, 0xfe, 0xcc,
    0x01, 0x40, 0x00, 0x01, 0x00, 0x00, 0x00, 0x00, 0x00, 0x42, 0xff, 0xa0, 0x00, 0x00, 0x05, 0x20,
    0x00, 0x00, 0x08, 0xec, 0x00, 0x00, 0xfe, 0xcc, 0x01, 0x40, 0x00, 0x01, 0x00, 0x00, 0x00, 0x00,
    0x00, 0x42, 0xff, 0xa0, 0x00, 0x00, 0x05, 0x20, 0x00, 0x00, 0x08, 0xec, 0x00, 0x00, 0xfe, 0xcc,
    0x01, 0x40, 0x00, 0x01, 0x00, 0x00, 0x00, 0x00, 0x00, 0x42, 0xff, 0xa0, 0x00, 0x00, 0x05, 0x20,
    0x00, 0x00, 0x08, 0xec, 0x00, 0x00, 0xfe, 0xcc, 0x01, 0x40, 0x00, 0x01, 0x00, 0x00, 0x00, 0x00,
    0x00, 0x42, 0xff, 0xa0, 0x00, 0x00, 0x05, 0x20, 0x00, 0x00, 0x08, 0xec, 0x00, 0x00, 0xfe, 0xcc,
    0x01, 0x40, 0x00, 0x01, 0x00, 0x00, 0x00, 0x00, 0x00, 0x42, 0xff, 0xa0, 0x00, 0x00, 0x05, 0x20,
    0x00, 0x00, 0x08, 0xec, 0x00, 0x00, 0xfe, 0xcc, 0x01, 0x40, 0x00, 0x01, 0x00, 0x00, 0x00, 0x00,
    0x00, 0x43, 0x04, 0xc0, 0x00, 0x00, 0x05, 0x20, 0x00, 0x00, 0x08, 0xec, 0x00, 0x01, 0x01, 0xe4,
    0x20, 0x40, 0x00, 0x01, 0x00, 0x00, 0x00, 0x00, 0x00, 0x43, 0x04, 0xc0, 0x00, 0x00, 0x05, 0x20,
    0x00, 0x00, 0x08, 0xec, 0x00, 0x01, 0x01, 0xe4, 0x20, 0x40, 0x00, 0x01, 0x00, 0x00, 0x00, 0x00,
    0x00, 0x43, 0x04, 0xc0, 0x00, 0x00, 0x05, 0x20, 0x00, 0x00, 0x08, 0xec, 0x00, 0x01, 0x01, 0xe4,
    0x20, 0x40, 0x00, 0x01, 0x00, 0x00, 0x00, 0x00, 0x00, 0x43, 0x04, 0xc0, 0x00, 0x00, 0x05, 0x20,
    0x00, 0x00, 0x08, 0xec, 0x00, 0x01, 0x01, 0xe4, 0x20, 0x40, 0x00, 0x01, 0x00, 0x00, 0x00, 0x00,
    0x00, 0x43, 0x04, 0xc0, 0x00, 0x00, 0x05, 0x20, 0x00, 0x00, 0x08, 0xec, 0x00, 0x01, 0x01, 0xe4,
    0x20, 0x40, 0x00, 0x01, 0x00, 0x00, 0x00, 0x00, 0x00, 0x43, 0x04, 0xc0, 0x00, 0x00, 0x05, 0x20,
    0x00, 0x00, 0x08, 0xec, 0x00, 0x01, 0x01, 0xe4, 0x20, 0x40, 0x00, 0x01, 0x00, 0x00, 0x00, 0x00,
    0x00, 0x43, 0x04, 0xc0, 0x00, 0x00, 0x05, 0x20, 0x00, 0x00, 0x08, 0xec, 0x00, 0x01, 0x01, 0xe4,
    0x20, 0x40, 0x00, 0x01, 0x00, 0x00, 0x00, 0x00, 0x00, 0x43, 0x04, 0xc0, 0x00, 0x00, 0x05, 0x20,
    0x00, 0x00, 0x08, 0xec, 0x00, 0x01, 0x01, 0xe4, 0x20, 0x40, 0x00, 0x01, 0x00, 0x00, 0x00, 0x00,
    0x00, 0x43, 0x04, 0xc0, 0x00, 0x00, 0x05, 0x20, 0x00, 0x00, 0x08, 0xec, 0x00, 0x01, 0x01, 0xe4,
    0x20, 0x40, 0x00, 0x01, 0x00, 0x00, 0x00, 0x00, 0x00, 0x43, 0x04, 0xc0, 0x00, 0x00, 0x05, 0x20,
    0x00, 0x00, 0x08, 0xec, 0x00, 0x01, 0x01, 0xe4, 0x20, 0x40, 0x00, 0x01, 0x00, 0x00, 0x00, 0x00,
    0x00, 0x43, 0x04, 0xc0, 0x00, 0x00, 0x05, 0x20, 0x00, 0x00, 0x08, 0xec, 0x00, 0x01, 0x01, 0xe4,
    0x20, 0x40, 0x00, 0x01, 0x00, 0x00, 0x00, 0x00, 0x00, 0x43, 0x04, 0xc0, 0x00, 0x00, 0x05, 0x20,
    0x00, 0x00, 0x08, 0xec, 0x00, 0x01, 0x01, 0xe4, 0x20, 0x40, 0x00, 0x01, 0x00, 0x00, 0x00, 0x00,
    0x00, 0x43, 0x04, 0xc0, 0x00, 0x00, 0x05, 0x20, 0x00, 0x00, 0x08, 0xec, 0x00, 0x01, 0x01, 0xe4,
    0x20, 0x40, 0x00, 0x01, 0x00, 0x00, 0x00, 0x00, 0x00, 0x43, 0x04, 0xc0, 0x00, 0x00, 0x05, 0x20,
    0x00, 0x00, 0x08, 0xec, 0x00, 0x01, 0x01, 0xe4, 0x20, 0x40, 0x00, 0x01, 0x00, 0x00, 0x00, 0x00,
    0x00, 0x43, 0x04, 0xc0, 0x00, 0x00, 0x05, 0x20, 0x00, 0x00, 0x08, 0xec, 0x00, 0x01, 0x01, 0xe4,
    0x20, 0x40, 0x00, 0x01, 0x00, 0x00, 0x00, 0x00, 0x00, 0x43, 0x04, 0xc0, 0x00, 0x00, 0x05, 0x20,
    0x00, 0x00, 0x08, 0xec, 0x00, 0x01, 0x01, 0xe4, 0x20, 0x40, 0x00, 0x01, 0x00, 0x00, 0x00, 0x00,
    0x00, 0x43, 0x09, 0xe0, 0x00, 0x00, 0xbd, 0xe8, 0x00, 0x01, 0x4c, 0x4a, 0x00, 0x01, 0x03, 0xa4,
    0x6a, 0x40, 0x00, 0x01, 0x00, 0x00, 0x00, 0x00, 0x00, 0x43, 0xc7, 0xe0, 0x00, 0x00, 0x1a, 0xf8,
    0x00, 0x00, 0x2f, 0x27, 0x00, 0x01, 0x04, 0xe4, 0x60, 0x40, 0x00, 0x01, 0x00, 0x00, 0x00, 0x00,
    0x00, 0x43, 0xc7, 0xe0, 0x00, 0x00, 0x1a, 0xf8, 0x00, 0x00, 0x2f, 0x27, 0x00, 0x01, 0x04, 0xe4,
    0x60, 0x40, 0x00, 0x01, 0x00, 0x00, 0x00, 0x00, 0x00, 0x43, 0xc7, 0xe0, 0x00, 0x00, 0x1a, 0xf8,
    0x00, 0x00, 0x2f, 0x27, 0x00, 0x01, 0x04, 0xe4, 0x60, 0x40, 0x00, 0x01, 0x00, 0x00, 0x00, 0x00,
    0x00, 0x43, 0xc7, 0xe0, 0x00, 0x00, 0x1a, 0xf8, 0x00, 0x00, 0x2f, 0x27, 0x00, 0x01, 0x04, 0xe4,
    0x5a, 0x40, 0x00, 0x01, 0x00, 0x00, 0x00, 0x00, 0x00, 0x43, 0xc7, 0xe0, 0x00, 0x00, 0x1a, 0xf8,
    0x00, 0x00, 0x2f, 0x27, 0x00, 0x01, 0x04, 0xe4, 0x50, 0x40, 0x00, 0x01, 0x00, 0x00, 0x00, 0x00,
    0x00, 0x43, 0xc7, 0xe0, 0x00, 0x00, 0x1a, 0xf8, 0x00, 0x00, 0x2f, 0x27, 0x00, 0x01, 0x04, 0xe4,
    0x60, 0x40, 0x00, 0x01, 0x00, 0x00, 0x00, 0x00, 0x00, 0x43, 0xc7, 0xe0, 0x00, 0x00, 0x1a, 0xf8,
    0x00, 0x00, 0x2f, 0x27, 0x00, 0x01, 0x04, 0xe4, 0x60, 0x40, 0x00, 0x01, 0x00, 0x00, 0x00, 0x00,
    0x00, 0x43, 0xc7, 0xe0, 0x00, 0x00, 0x1a, 0xf8, 0x00, 0x00, 0x2f, 0x27, 0x00, 0x01, 0x04, 0xe4,
    0x64, 0x40, 0x00, 0x01, 0x00, 0x00, 0x00, 0x00, 0x00, 0x00, 0x00, 0x00, 0x00, 0x00, 0x00, 0x00,
    0x00, 0x00, 0x00, 0x00, 0x00, 0x00, 0x00, 0x00, 0x00, 0x40, 0x00, 0x00, 0x00, 0x00, 0x00, 0x00,
    0x00, 0x00, 0x00, 0x00, 0x00, 0x00, 0x00, 0x00, 0x00, 0x00, 0x00, 0x00, 0x00, 0x00, 0x00, 0x00,
    0x00, 0x40, 0x00, 0x00, 0x00, 0x00, 0x00, 0x00, 0x00, 0x00, 0x00, 0x00, 0x00, 0x00, 0x00, 0x00,
    0x00, 0x00, 0x00, 0x00, 0x00, 0x00, 0x00, 0x00, 0x00, 0x40, 0x00, 0x00, 0x00, 0x00, 0x00, 0x00,
    0x00, 0x00, 0x00, 0x00, 0x00, 0x00, 0x00, 0x00, 0x00, 0x00, 0x00, 0x00, 0x00, 0x00, 0x00, 0x00,
    0x00, 0x40, 0x00, 0x00, 0x00, 0x00, 0x00, 0x00, 0x00, 0x00, 0x00, 0x00, 0x00, 0x00, 0x00, 0x00,
    0x00, 0x00, 0x00, 0x00, 0x00, 0x00, 0x00, 0x00, 0x00, 0x40, 0x00, 0x00, 0x00, 0x00, 0x00, 0x00,
    0x00, 0x00, 0x00, 0x00, 0x00, 0x00, 0x00, 0x00, 0x00, 0x00, 0x00, 0x00, 0x00, 0x00, 0x00, 0x00,
    0x00, 0x40, 0x00, 0x00, 0x00, 0x00, 0x00, 0x00, 0x00, 0x00, 0x00, 0x00, 0x00, 0x00, 0x00, 0x00,
    0x00, 0x00, 0x00, 0x00, 0x00, 0x00, 0x00, 0x00, 0x00, 0x40, 0x00, 0x00, 0x00, 0x00, 0x00, 0x00,
    0x00, 0x00, 0x00, 0x00, 0x00, 0x00, 0x00, 0x00, 0x00, 0x00, 0x00, 0x00, 0x00, 0x00, 0x00, 0x00,
    0x00, 0x40, 0x00, 0x00, 0x00, 0x00, 0x00, 0x00, 0x00, 0x00, 0x00, 0x00, 0x00, 0x00, 0x00, 0x00,
    0x00, 0x00, 0x00, 0x00, 0x00, 0x00, 0x00, 0x00, 0x00, 0x40, 0x00, 0x00, 0x00, 0x00, 0x00, 0x00,
    0x00, 0x00, 0x00, 0x00, 0x00, 0x00, 0x00, 0x00, 0x00, 0x00, 0x00, 0x00, 0x00, 0x00, 0x00, 0x00,
    0x00, 0x40, 0x00, 0x00, 0x00, 0x00, 0x00, 0x00, 0x00, 0x00, 0x00, 0x00, 0x00, 0x00, 0x00, 0x00,
    0x00, 0x00, 0x00, 0x00, 0x00, 0x00, 0x00, 0x00, 0x00, 0x40, 0x00, 0x00, 0x00, 0x00, 0x00, 0x00,
    0x00, 0x00, 0x00, 0x00, 0x00, 0x00, 0x00, 0x00, 0x00, 0x00, 0x00, 0x00, 0x00, 0x00, 0x00, 0x00,
    0x00, 0x40, 0x00, 0x00, 0x00, 0x00, 0x00, 0x00, 0x00, 0x00, 0x00, 0x00, 0x00, 0x00, 0x00, 0x00,
    0x00, 0x00, 0x00, 0x00, 0x00, 0x00, 0x00, 0x00, 0x00, 0x40, 0x00, 0x00, 0x00, 0x00, 0x00, 0x00,
    0x00, 0x00, 0x00, 0x00, 0x00, 0x00, 0x00, 0x00, 0x00, 0x00, 0x00, 0x00, 0x00, 0x00, 0x00, 0x00,
    0x00, 0x40, 0x00, 0x00, 0x00, 0x00, 0x00, 0x00, 0x00, 0x00, 0x00, 0x00, 0x00, 0x00, 0x00, 0x00,
    0x00, 0x00, 0x00, 0x00, 0x00, 0x00, 0x00, 0x00, 0x00, 0x40, 0x00, 0x00, 0x00, 0x00, 0x00, 0x00,
    0x00, 0x00, 0x00, 0x00, 0x00, 0x00, 0x00, 0x00, 0x00, 0x00, 0x00, 0x00, 0x00, 0x00, 0x00, 0x00,
    0x00, 0x40, 0x00, 0x00, 0x00, 0x00, 0x00, 0x00, 0x00, 0x00, 0x00, 0x00, 0x00, 0x00, 0x00, 0x00,
    0x00, 0x00, 0x00, 0x00, 0x00, 0x00, 0x00, 0x00, 0x00, 0x40, 0x00, 0x00, 0x00, 0x00, 0x00, 0x00,
    0x00, 0x00, 0x00, 0x00, 0x00, 0x00, 0x00, 0x00, 0x00, 0x00, 0x00, 0x00, 0x00, 0x00, 0x00, 0x00,
    0x00, 0x40, 0x00, 0x00, 0x00, 0x00, 0x00, 0x00, 0x00, 0x00, 0x00, 0x00, 0x00, 0x00, 0x00, 0x00,
    0x00, 0x00, 0x00, 0x00, 0x00, 0x00, 0x00, 0x00, 0x00, 0x40, 0x00, 0x00, 0x00, 0x00, 0x00, 0x00,
    0x00, 0x00, 0x00, 0x00, 0x00, 0x00, 0x00, 0x00, 0x00, 0x00, 0x00, 0x00, 0x00, 0x00, 0x00, 0x00,
    0x00, 0x40, 0x00, 0x00, 0x00, 0x00, 0x00, 0x00, 0x00, 0x00, 0x00, 0x00, 0x00, 0x00, 0x00, 0x00,
    0x00, 0x00, 0x00, 0x00, 0x00, 0x00, 0x00, 0x00, 0x00, 0x40, 0x00, 0x00, 0x00, 0x00, 0x00, 0x00,
    0x00, 0x00, 0x00, 0x00, 0x00, 0x00, 0x00, 0x00, 0x00, 0x00, 0x00, 0x00, 0x00, 0x00, 0x00, 0x00,
    0x00, 0x40, 0x00, 0x00, 0x00, 0x00, 0x00, 0x00, 0x00, 0x00, 0x00, 0x00, 0x00, 0x00, 0x00, 0x00,
    0x00, 0x00, 0x00, 0x00, 0x00, 0x00, 0x00, 0x00, 0x00, 0x40, 0x00, 0x00, 0x00, 0x00, 0x00, 0x00,
    0x00, 0x00, 0x00, 0x00, 0x00, 0x00, 0x00, 0x00, 0x00, 0x00, 0x00, 0x00, 0x00, 0x00, 0x00, 0x00,
    0x00, 0x40, 0x00, 0x00, 0x00, 0x00, 0x00, 0x00, 0x00, 0x00, 0x00, 0x00, 0x00, 0x00, 0x00, 0x00,
    0x00, 0x00, 0x00, 0x00, 0x00, 0x00, 0x00, 0x00, 0x00, 0x40, 0x00, 0x00, 0x00, 0x00, 0x00, 0x00,
    0x00, 0x00, 0x00, 0x00, 0x00, 0x00, 0x00, 0x00, 0x00, 0x00, 0x00, 0x00, 0x00, 0x00, 0x00, 0x00,
    0x00, 0x40, 0x00, 0x00, 0x00, 0x00, 0x00, 0x00, 0x00, 0x00, 0x00, 0x00, 0x00, 0x00, 0x00, 0x00,
    0x00, 0x00, 0x00, 0x00, 0x00, 0x00, 0x00, 0x00, 0x00, 0x40, 0x00, 0x00, 0x00, 0x00, 0x00, 0x00,
    0x00, 0x00, 0x00, 0x00, 0x00, 0x00, 0x00, 0x00, 0x00, 0x00, 0x00, 0x00, 0x00, 0x00, 0x00, 0x00,
    0x00, 0x40, 0x00, 0x00, 0x00, 0x00, 0x00, 0x00, 0x00, 0x00, 0x00, 0x00, 0x00, 0x00, 0x00, 0x00,
    0x00, 0x00, 0x00, 0x00, 0x00, 0x00, 0x00, 0x00, 0x00, 0x40, 0x00, 0x00, 0x00, 0x00, 0x00, 0x00,
    0x00, 0x00, 0x00, 0x00, 0x00, 0x00, 0x00, 0x00, 0x00, 0x00, 0x00, 0x00, 0x00, 0x00, 0x00, 0x00,
    0x00, 0x40, 0x00, 0x00, 0x00, 0x00, 0x00, 0x00, 0x00, 0x00, 0x00, 0x00, 0x00, 0x00, 0x00, 0x00,
    0x00, 0x00, 0x00, 0x00, 0x00, 0x00, 0x00, 0x00, 0x00, 0x40, 0x00, 0x00, 0x00, 0x00, 0x00, 0x00,
    0x00, 0x00, 0x00, 0x00, 0x00, 0x00, 0x00, 0x00, 0x00, 0x00, 0x00, 0x00, 0x00, 0x00, 0x00, 0x00,
    0x00, 0x40, 0x00, 0x00, 0x00, 0x00, 0x00, 0x00, 0x00, 0x00, 0x00, 0x00, 0x00, 0x00, 0x00, 0x00,
    0x00, 0x00, 0x00, 0x00, 0x00, 0x00, 0x00, 0x00, 0x00, 0x40, 0x00, 0x00, 0x00, 0x00, 0x00, 0x00,
    0x00, 0x00, 0x00, 0x00, 0x00, 0x00, 0x00, 0x00, 0x00, 0x00, 0x00, 0x00, 0x00, 0x00, 0x00, 0x00,
    0x00, 0x40, 0x00, 0x00, 0x00, 0x00, 0x00, 0x00, 0x00, 0x00, 0x00, 0x00, 0x00, 0x00, 0x00, 0x00,
    0x00, 0x00, 0x00, 0x00, 0x00, 0x00, 0x00, 0x00, 0x00, 0x40, 0x00, 0x00, 0x00, 0x00, 0x00, 0x00,
    0x00, 0x44, 0x3e, 0x20, 0x00, 0x00, 0x13, 0x98, 0x00, 0x00, 0x22, 0x40, 0x00, 0x01, 0x0c, 0x8c,
    0x00, 0x40, 0x00, 0x01, 0x00, 0x00, 0x00, 0x00, 0x00, 0x45, 0xa1, 0xe0, 0x00, 0x00, 0x0c, 0xb0,
    0x00, 0x00, 0x16, 0x2c, 0x00, 0x01, 0x0f, 0x34, 0x64, 0x40, 0x00, 0x01, 0x00, 0x00, 0x00, 0x00,
    0x00, 0x44, 0x51, 0xc0, 0x00, 0x00, 0x1a, 0xf8, 0x00, 0x00, 0x2f, 0x27, 0x00, 0x01, 0x0c, 0xb4,
    0x60, 0x40, 0x00, 0x01, 0x00, 0x00, 0x00, 0x00, 0x00, 0x44, 0x6c, 0xc0, 0x00, 0x00, 0x0d, 0x08,
    0x00, 0x00, 0x16, 0xce, 0x00, 0x01, 0x0c, 0xdc, 0x60, 0x40, 0x00, 0x01, 0x00, 0x00, 0x00, 0x00,
    0x00, 0x44, 0x79, 0xe0, 0x00, 0x00, 0x2b, 0x98, 0x00, 0x00, 0x4c, 0x44, 0x00, 0x01, 0x0d, 0x04,
    0x50, 0x40, 0x00, 0x01, 0x00, 0x00, 0x00, 0x00, 0x00, 0x45, 0xa1, 0xe0, 0x00, 0x00, 0x0c, 0xb0,
    0x00, 0x00, 0x16, 0x2c, 0x00, 0x01, 0x0f, 0x34, 0x5a, 0x40, 0x00, 0x01, 0x00, 0x00, 0x00, 0x00,
    0x00, 0x44, 0x51, 0xc0, 0x00, 0x00, 0x1a, 0xf8, 0x00, 0x00, 0x2f, 0x27, 0x00, 0x01, 0x0c, 0xb4,
    0x60, 0x40, 0x00, 0x01, 0x00, 0x00, 0x00, 0x00, 0x00, 0x44, 0x6c, 0xc0, 0x00, 0x00, 0x0d, 0x08,
    0x00, 0x00, 0x16, 0xce, 0x00, 0x01, 0x0c, 0xdc, 0x50, 0x40, 0x00, 0x01, 0x00, 0x00, 0x00, 0x00,
    0x00, 0x44, 0x79, 0xe0, 0x00, 0x00, 0x2b, 0x98, 0x00, 0x00, 0x4c, 0x44, 0x00, 0x01, 0x0d, 0x04,
    0x60, 0x40, 0x00, 0x01, 0x00, 0x00, 0x00, 0x00, 0x00, 0x44, 0xa5, 0x80, 0x00, 0x00, 0x2c, 0x10,
    0x00, 0x00, 0x4d, 0x19, 0x00, 0x01, 0x0d, 0x2c, 0x6e, 0x40, 0x00, 0x01, 0x00, 0x00, 0x00, 0x00,
    0x00, 0x44, 0xd1, 0xa0, 0x00, 0x00, 0x0e, 0x50, 0x00, 0x00, 0x19, 0x07, 0x00, 0x01, 0x0d, 0x54,
    0x60, 0x40, 0x00, 0x01, 0x00, 0x00, 0x00, 0x00, 0x00, 0x44, 0xe0, 0x00, 0x00, 0x00, 0x02, 0xe8,
    0x00, 0x00, 0x05, 0x14, 0x00, 0x01, 0x0d, 0x7c, 0x46, 0x40, 0x00, 0x01, 0x00, 0x00, 0x00, 0x00,
    0x00, 0x44, 0xe3, 0x00, 0x00, 0x00, 0x02, 0x30, 0x00, 0x00, 0x03, 0xd2, 0x00, 0x01, 0x0d, 0xa4,
    0x5a, 0x40, 0x00, 0x01, 0x00, 0x00, 0x00, 0x00, 0x00, 0x45, 0xa1, 0xe0, 0x00, 0x00, 0x0c, 0xb0,
    0x00, 0x00, 0x16, 0x2c, 0x00, 0x01, 0x0f, 0x34, 0x50, 0x40, 0x00, 0x01, 0x00, 0x00, 0x00, 0x00,
    0x00, 0x44, 0x51, 0xc0, 0x00, 0x00, 0x1a, 0xf8, 0x00, 0x00, 0x2f, 0x27, 0x00, 0x01, 0x0c, 0xb4,
    0x50, 0x40, 0x00, 0x01, 0x00, 0x00, 0x00, 0x00, 0x00, 0x44, 0x6c, 0xc0, 0x00, 0x00, 0x0d, 0x08,
    0x00, 0x00, 0x16, 0xce, 0x00, 0x01, 0x0c, 0xdc, 0x50, 0x40, 0x00, 0x01, 0x00, 0x00, 0x00, 0x00,
    0x00, 0x44, 0x79, 0xe0, 0x00, 0x00, 0x2b, 0x98, 0x00, 0x00, 0x4c, 0x44, 0x00, 0x01, 0x0d, 0x04,
    0x50, 0x40, 0x00, 0x01, 0x00, 0x00, 0x00, 0x00, 0x00, 0x44, 0xe5, 0x40, 0x00, 0x00, 0x08, 0xf0,
    0x00, 0x00, 0x0f, 0x9b, 0x00, 0x01, 0x0d, 0xcc, 0x64, 0x40, 0x00, 0x01, 0x00, 0x00, 0x00, 0x00,
    0x00, 0x44, 0xee, 0x40, 0x00, 0x00, 0x08, 0xf0, 0x00, 0x00, 0x0f, 0x9b, 0x00, 0x01, 0x0d, 0xf4,
    0x64, 0x40, 0x00, 0x01, 0x00, 0x00, 0x00, 0x00, 0x00, 0x44, 0x6c, 0xc0, 0x00, 0x00, 0x0d, 0x08,
    0x00, 0x00, 0x16, 0xce, 0x00, 0x01, 0x0c, 0xdc, 0x64, 0x40, 0x00, 0x01, 0x00, 0x00, 0x00, 0x00,
    0x00, 0x44, 0xf7, 0x40, 0x00, 0x00, 0x08, 0xf0, 0x00, 0x00, 0x0f, 0x9b, 0x00, 0x01, 0x0e, 0x1c,
    0x64, 0x40, 0x00, 0x01, 0x00, 0x00, 0x00, 0x00, 0x00, 0x00, 0x00, 0x00, 0x00, 0x00, 0x00, 0x00,
    0x00, 0x00, 0x00, 0x00, 0x00, 0x00, 0x00, 0x00, 0x00, 0x40, 0x00, 0x00, 0x00, 0x00, 0x00, 0x00,
    0x00, 0x00, 0x00, 0x00, 0x00, 0x00, 0x00, 0x00, 0x00, 0x00, 0x00, 0x00, 0x00, 0x00, 0x00, 0x00,
    0x00, 0x40, 0x00, 0x00, 0x00, 0x00, 0x00, 0x00, 0x00, 0x00, 0x00, 0x00, 0x00, 0x00, 0x00, 0x00,
    0x00, 0x00, 0x00, 0x00, 0x00, 0x00, 0x00, 0x00, 0x00, 0x40, 0x00, 0x00, 0x00, 0x00, 0x00, 0x00,
    0x00, 0x00, 0x00, 0x00, 0x00, 0x00, 0x00, 0x00, 0x00, 0x00, 0x00, 0x00, 0x00, 0x00, 0x00, 0x00,
    0x00, 0x40, 0x00, 0x00, 0x00, 0x00, 0x00, 0x00, 0x00, 0x00, 0x00, 0x00, 0x00, 0x00, 0x00, 0x00,
    0x00, 0x00, 0x00, 0x00, 0x00, 0x00, 0x00, 0x00, 0x00, 0x40, 0x00, 0x00, 0x00, 0x00, 0x00, 0x00,
    0x00, 0x43, 0xe2, 0xe0, 0x00, 0x00, 0x5b, 0x38, 0x00, 0x00, 0x9f, 0x9d, 0x00, 0x01, 0x0c, 0x64,
    0x60, 0x40, 0x00, 0x01, 0x00, 0x00, 0x00, 0x00, 0x00, 0x45, 0x00, 0x40, 0x00, 0x00, 0x43, 0x70,
    0x00, 0x00, 0x75, 0xfd, 0x00, 0x01, 0x0e, 0x44, 0x64, 0x40, 0x00, 0x01, 0x00, 0x00, 0x00, 0x00,
    0x00, 0x45, 0x43, 0xc0, 0x00, 0x00, 0x1a, 0x40, 0x00, 0x00, 0x2d, 0xed, 0x00, 0x01, 0x0e, 0x6c,
    0x58, 0x40, 0x00, 0x01, 0x00, 0x00, 0x00, 0x00, 0x00, 0x45, 0x5e, 0x00, 0x00, 0x00, 0x13, 0x98,
    0x00, 0x00, 0x22, 0x40, 0x00, 0x01, 0x0e, 0x94, 0x64, 0x40, 0x00, 0x01, 0x00, 0x00, 0x00, 0x00,
    0x00, 0x45, 0x71, 0xa0, 0x00, 0x00, 0x13, 0x98, 0x00, 0x00, 0x22, 0x40, 0x00, 0x01, 0x0e, 0xbc,
    0x64, 0x40, 0x00, 0x01, 0x00, 0x00, 0x00, 0x00, 0x00, 0x45, 0x85, 0x40, 0x00, 0x00, 0x13, 0x98,
    0x00, 0x00, 0x22, 0x40, 0x00, 0x01, 0x0e, 0xe4, 0x64, 0x40, 0x00, 0x01, 0x00, 0x00, 0x00, 0x00,
    0x00, 0x45, 0xae, 0xa0, 0x00, 0x00, 0x4b, 0xe0, 0x00, 0x00, 0x84, 0xbc, 0x00, 0x01, 0x0f, 0x5c,
    0x64, 0x40, 0x00, 0x01, 0x00, 0x00, 0x00, 0x00, 0x00, 0x45, 0xfa, 0x80, 0x00, 0x00, 0x64, 0x50,
    0x00, 0x00, 0xaf, 0x87, 0x00, 0x01, 0x0f, 0x84, 0x54, 0x40, 0x00, 0x01, 0x00, 0x00, 0x00, 0x00,
    0x00, 0x46, 0x5e, 0xe0, 0x00, 0x00, 0x1e, 0xa0, 0x00, 0x00, 0x35, 0x95, 0x00, 0x01, 0x0f, 0xac,
    0x64, 0x40, 0x00, 0x01, 0x00, 0x00, 0x00, 0x00, 0x00, 0x46, 0x7d, 0x80, 0x00, 0x00, 0x3a, 0xa8,
    0x00, 0x00, 0x66, 0xa2, 0x00, 0x01, 0x0f, 0xd4, 0x64, 0x40, 0x00, 0x01, 0x00, 0x00, 0x00, 0x00,
    0x00, 0x46, 0xb8, 0x40, 0x00, 0x00, 0x4e, 0x70, 0x00, 0x00, 0x89, 0x44, 0x00, 0x01, 0x0f, 0xfc,
    0x6c, 0x40, 0x00, 0x01, 0x00, 0x00, 0x00, 0x00, 0x00, 0x47, 0x06, 0xc0, 0x00, 0x00, 0x31, 0x88,
    0x00, 0x00, 0x56, 0xad, 0x00, 0x01, 0x10, 0x24, 0x64, 0x40, 0x00, 0x01, 0x00, 0x00, 0x00, 0x00,
    0x00, 0x47, 0x06, 0xc0, 0x00, 0x00, 0x31, 0x88, 0x00, 0x00, 0x56, 0xad, 0x00, 0x01, 0x10, 0x24,
    0x64, 0x40, 0x00, 0x01, 0x00, 0x00, 0x00, 0x00, 0x00, 0x47, 0x38, 0x60, 0x00, 0x00, 0x1b, 0x28,
    0x00, 0x00, 0x2f, 0x80, 0x00, 0x01, 0x10, 0x4c, 0x64, 0x40, 0x00, 0x01, 0x00, 0x00, 0x00, 0x00,
    0x00, 0x47, 0x38, 0x60, 0x00, 0x00, 0x1b, 0x28, 0x00, 0x00, 0x2f, 0x80, 0x00, 0x01, 0x10, 0x4c,
    0x64, 0x40, 0x00, 0x01, 0x00, 0x00, 0x00, 0x00, 0x00, 0x47, 0x53, 0xa0, 0x00, 0x00, 0x38, 0x00,
    0x00, 0x00, 0x62, 0x00, 0x00, 0x01, 0x10, 0x74, 0x64, 0x40, 0x00, 0x01, 0x00, 0x00, 0x00, 0x00,
    0x00, 0x47, 0x8b, 0xa0, 0x00, 0x00, 0x21, 0x40, 0x00, 0x00, 0x3a, 0x2a, 0x00, 0x01, 0x10, 0x9c,
    0x64, 0x40, 0x00, 0x01, 0x00, 0x00, 0x00, 0x00, 0x00, 0x47, 0xac, 0xe0, 0x00, 0x00, 0x3d, 0x40,
    0x00, 0x00, 0x6b, 0x2a, 0x00, 0x01, 0x10, 0xc4, 0x72, 0x40, 0x00, 0x01, 0x00, 0x00, 0x00, 0x00,
    0x00, 0x47, 0xea, 0x20, 0x00, 0x00, 0x24, 0xe0, 0x00, 0x00, 0x40, 0x80, 0x00, 0x01, 0x10, 0xec,
    0x64, 0x40, 0x00, 0x01, 0x00, 0x00, 0x00, 0x00, 0x00, 0x48, 0x0f, 0x00, 0x00, 0x00, 0x24, 0xa8,
    0x00, 0x00, 0x40, 0x1a, 0x00, 0x01, 0x11, 0x14, 0x64, 0x40, 0x00, 0x01, 0x00, 0x00, 0x00, 0x00,
    0x00, 0x48, 0x33, 0xc0, 0x00, 0x00, 0x31, 0xc0, 0x00, 0x00, 0x57, 0x0a, 0x00, 0x01, 0x11, 0x3c,
    0x64, 0x40, 0x00, 0x01, 0x00, 0x00, 0x00, 0x00, 0x00, 0x48, 0x65, 0x80, 0x00, 0x00, 0x3d, 0x08,
    0x00, 0x00, 0x6a, 0xcc, 0x00, 0x01, 0x11, 0x64, 0x64, 0x40, 0x00, 0x01, 0x00, 0x00, 0x00, 0x00,
    0x00, 0x48, 0xa2, 0xa0, 0x00, 0x00, 0x13, 0x18, 0x00, 0x00, 0x21, 0x6a, 0x00, 0x01, 0x11, 0x8c,
    0x64, 0x40, 0x00, 0x01, 0x00, 0x00, 0x00, 0x00, 0x00, 0x48, 0xb5, 0xc0, 0x00, 0x00, 0x5d, 0x78,
    0x00, 0x00, 0xa3, 0x8f, 0x00, 0x01, 0x11, 0xb4, 0x64, 0x40, 0x00, 0x01, 0x00, 0x00, 0x00, 0x00,
    0x00, 0x45, 0x98, 0xe0, 0x00, 0x00, 0x08, 0xf0, 0x00, 0x00, 0x0f, 0x9b, 0x00, 0x01, 0x0f, 0x0c,
    0x64, 0x40, 0x00, 0x01, 0x00, 0x00, 0x00, 0x00, 0x00, 0x45, 0x98, 0xe0, 0x00, 0x00, 0x08, 0xf0,
    0x00, 0x00, 0x0f, 0x9b, 0x00, 0x01, 0x0f, 0x0c, 0x64, 0x40, 0x00, 0x01, 0x00, 0x00, 0x00, 0x00,
    0x00, 0x45, 0x98, 0xe0, 0x00, 0x00, 0x08, 0xf0, 0x00, 0x00, 0x0f, 0x9b, 0x00, 0x01, 0x0f, 0x0c,
    0x64, 0x40, 0x00, 0x01, 0x00, 0x00, 0x00, 0x00, 0x00, 0x45, 0x98, 0xe0, 0x00, 0x00, 0x08, 0xf0,
    0x00, 0x00, 0x0f, 0x9b, 0x00, 0x01, 0x0f, 0x0c, 0x64, 0x40, 0x00, 0x01, 0x00, 0x00, 0x00, 0x00,
    0x00, 0x45, 0x98, 0xe0, 0x00, 0x00, 0x08, 0xf0, 0x00, 0x00, 0x0f, 0x9b, 0x00, 0x01, 0x0f, 0x0c,
    0x64, 0x40, 0x00, 0x01, 0x00, 0x00, 0x00, 0x00, 0x00, 0x45, 0x98, 0xe0, 0x00, 0x00, 0x08, 0xf0,
    0x00, 0x00, 0x0f, 0x9b, 0x00, 0x01, 0x0f, 0x0c, 0x64, 0x40, 0x00, 0x01, 0x00, 0x00, 0x00, 0x00,
    0x00, 0x45, 0x98, 0xe0, 0x00, 0x00, 0x08, 0xf0, 0x00, 0x00, 0x0f, 0x9b, 0x00, 0x01, 0x0f, 0x0c,
    0x64, 0x40, 0x00, 0x01, 0x00, 0x00, 0x00, 0x00, 0x00, 0x45, 0x98, 0xe0, 0x00, 0x00, 0x08, 0xf0,
    0x00, 0x00, 0x0f, 0x9b, 0x00, 0x01, 0x0f, 0x0c, 0x64, 0x40, 0x00, 0x01, 0x00, 0x00, 0x00, 0x00,
    0x00, 0x45, 0x98, 0xe0, 0x00, 0x00, 0x08, 0xf0, 0x00, 0x00, 0x0f, 0x9b, 0x00, 0x01, 0x0f, 0x0c,
    0x64, 0x40, 0x00, 0x01, 0x00, 0x00, 0x00, 0x00, 0x00, 0x45, 0x98, 0xe0, 0x00, 0x00, 0x08, 0xf0,
    0x00, 0x00, 0x0f, 0x9b, 0x00, 0x01, 0x0f, 0x0c, 0x64, 0x40, 0x00, 0x01, 0x00, 0x00, 0x00, 0x00,
    0x00, 0x45, 0x98, 0xe0, 0x00, 0x00, 0x08, 0xf0, 0x00, 0x00, 0x0f, 0x9b, 0x00, 0x01, 0x0f, 0x0c,
    0x64, 0x40, 0x00, 0x01, 0x00, 0x00, 0x00, 0x00, 0x00, 0x45, 0x98, 0xe0, 0x00, 0x00, 0x08, 0xf0,
    0x00, 0x00, 0x0f, 0x9b, 0x00, 0x01, 0x0f, 0x0c, 0x64, 0x40, 0x00, 0x01, 0x00, 0x00, 0x00, 0x00,
    0x00, 0x45, 0x98, 0xe0, 0x00, 0x00, 0x08, 0xf0, 0x00, 0x00, 0x0f, 0x9b, 0x00, 0x01, 0x0f, 0x0c,
    0x64, 0x40, 0x00, 0x01, 0x00, 0x00, 0x00, 0x00, 0x00, 0x45, 0x98, 0xe0, 0x00, 0x00, 0x08, 0xf0,
    0x00, 0x00, 0x0f, 0x9b, 0x00, 0x01, 0x0f, 0x0c, 0x64, 0x40, 0x00, 0x01, 0x00, 0x00, 0x00, 0x00,
    0x00, 0x49, 0x6e, 0x80, 0x00, 0x00, 0x13, 0x98, 0x00, 0x00, 0x22, 0x40, 0x00, 0x01, 0x26, 0xac,
    0x00, 0x40, 0x00, 0x01, 0x00, 0x00, 0x00, 0x00, 0x00, 0x4d, 0xc4, 0xc0, 0x00, 0x00, 0x0c, 0xb0,
    0x00, 0x00, 0x16, 0x2c, 0x00, 0x01, 0x2b, 0xd4, 0x64, 0x40, 0x00, 0x01, 0x00, 0x00, 0x00, 0x00,
    0x00, 0x49, 0x82, 0x20, 0x00, 0x00, 0x1a, 0xf8, 0x00, 0x00, 0x2f, 0x27, 0x00, 0x01, 0x26, 0xd4,
    0x60, 0x40, 0x00, 0x01, 0x00, 0x00, 0x00, 0x00, 0x00, 0x49, 0x9d, 0x20, 0x00, 0x00, 0x0d, 0x08,
    0x00, 0x00, 0x16, 0xce, 0x00, 0x01, 0x26, 0xfc, 0x60, 0x40, 0x00, 0x01, 0x00, 0x00, 0x00, 0x00,
    0x00, 0x49, 0xaa, 0x40, 0x00, 0x00, 0x2b, 0x98, 0x00, 0x00, 0x4c, 0x44, 0x00, 0x01, 0x27, 0x24,
    0x50, 0x40, 0x00, 0x01, 0x00, 0x00, 0x00, 0x00, 0x00, 0x4d, 0xc4, 0xc0, 0x00, 0x00, 0x0c, 0xb0,
    0x00, 0x00, 0x16, 0x2c, 0x00, 0x01, 0x2b, 0xd4, 0x5a, 0x40, 0x00, 0x01, 0x00, 0x00, 0x00, 0x00,
    0x00, 0x49, 0x82, 0x20, 0x00, 0x00, 0x1a, 0xf8, 0x00, 0x00, 0x2f, 0x27, 0x00, 0x01, 0x26, 0xd4,
    0x60, 0x40, 0x00, 0x01, 0x00, 0x00, 0x00, 0x00, 0x00, 0x49, 0x9d, 0x20, 0x00, 0x00, 0x0d, 0x08,
    0x00, 0x00, 0x16, 0xce, 0x00, 0x01, 0x26, 0xfc, 0x50, 0x40, 0x00, 0x01, 0x00, 0x00, 0x00, 0x00,
    0x00, 0x49, 0xaa, 0x40, 0x00, 0x00, 0x2b, 0x98, 0x00, 0x00, 0x4c, 0x44, 0x00, 0x01, 0x27, 0x24,
    0x60, 0x40, 0x00, 0x01, 0x00, 0x00, 0x00, 0x00, 0x00, 0x49, 0xd5, 0xe0, 0x00, 0x00, 0x2c, 0x10,
    0x00, 0x00, 0x4d, 0x19, 0x00, 0x01, 0x27, 0x4c, 0x6e, 0x40, 0x00, 0x01, 0x00, 0x00, 0x00, 0x00,
    0x00, 0x4a, 0x02, 0x00, 0x00, 0x00, 0x0e, 0x50, 0x00, 0x00, 0x19, 0x07, 0x00, 0x01, 0x27, 0x74,
    0x60, 0x40, 0x00, 0x01, 0x00, 0x00, 0x00, 0x00, 0x00, 0x4a, 0x10, 0x60, 0x00, 0x00, 0x02, 0xe8,
    0x00, 0x00, 0x05, 0x14, 0x00, 0x01, 0x27, 0x9c, 0x46, 0x40, 0x00, 0x01, 0x00, 0x00, 0x00, 0x00,
    0x00, 0x4a, 0x13, 0x60, 0x00, 0x00, 0x02, 0x30, 0x00, 0x00, 0x03, 0xd2, 0x00, 0x01, 0x27, 0xc4,
    0x5a, 0x40, 0x00, 0x01, 0x00, 0x00, 0x00, 0x00, 0x00, 0x4d, 0xc4, 0xc0, 0x00, 0x00, 0x0c, 0xb0,
    0x00, 0x00, 0x16, 0x2c, 0x00, 0x01, 0x2b, 0xd4, 0x60, 0x40, 0x00, 0x01, 0x00, 0x00, 0x00, 0x00,
    0x00, 0x49, 0x82, 0x20, 0x00, 0x00, 0x1a, 0xf8, 0x00, 0x00, 0x2f, 0x27, 0x00, 0x01, 0x26, 0xd4,
    0x50, 0x40, 0x00, 0x01, 0x00, 0x00, 0x00, 0x00, 0x00, 0x49, 0x9d, 0x20, 0x00, 0x00, 0x0d, 0x08,
    0x00, 0x00, 0x16, 0xce, 0x00, 0x01, 0x26, 0xfc, 0x50, 0x40, 0x00, 0x01, 0x00, 0x00, 0x00, 0x00,
    0x00, 0x49, 0xaa, 0x40, 0x00, 0x00, 0x2b, 0x98, 0x00, 0x00, 0x4c, 0x44, 0x00, 0x01, 0x27, 0x24,
    0x64, 0x40, 0x00, 0x01, 0x00, 0x00, 0x00, 0x00, 0x00, 0x4a, 0x15, 0xa0, 0x00, 0x00, 0x08, 0xf0,
    0x00, 0x00, 0x0f, 0x9b, 0x00, 0x01, 0x27, 0xec, 0x64, 0x40, 0x00, 0x01, 0x00, 0x00, 0x00, 0x00,
    0x00, 0x4a, 0x1e, 0xa0, 0x00, 0x00, 0x08, 0xf0, 0x00, 0x00, 0x0f, 0x9b, 0x00, 0x01, 0x28, 0x14,
    0x64, 0x40, 0x00, 0x01, 0x00, 0x00, 0x00, 0x00, 0x00, 0x49, 0x9d, 0x20, 0x00, 0x00, 0x0d, 0x08,
    0x00, 0x00, 0x16, 0xce, 0x00, 0x01, 0x26, 0xfc, 0x64, 0x40, 0x00, 0x01, 0x00, 0x00, 0x00, 0x00,
    0x00, 0x4a, 0x27, 0xa0, 0x00, 0x00, 0x08, 0xf0, 0x00, 0x00, 0x0f, 0x9b, 0x00, 0x01, 0x28, 0x3c,
    0x60, 0x40, 0x00, 0x01, 0x00, 0x00, 0x00, 0x00, 0x00, 0x00, 0x00, 0x00, 0x00, 0x00, 0x00, 0x00,
    0x00, 0x00, 0x00, 0x00, 0x00, 0x00, 0x00, 0x00, 0x00, 0x40, 0x00, 0x00, 0x00, 0x00, 0x00, 0x00,
    0x00, 0x00, 0x00, 0x00, 0x00, 0x00, 0x00, 0x00, 0x00, 0x00, 0x00, 0x00, 0x00, 0x00, 0x00, 0x00,
    0x00, 0x40, 0x00, 0x00, 0x00, 0x00, 0x00, 0x00, 0x00, 0x00, 0x00, 0x00, 0x00, 0x00, 0x00, 0x00,
    0x00, 0x00, 0x00, 0x00, 0x00, 0x00, 0x00, 0x00, 0x00, 0x40, 0x00, 0x00, 0x00, 0x00, 0x00, 0x00,
    0x00, 0x00, 0x00, 0x00, 0x00, 0x00, 0x00, 0x00, 0x00, 0x00, 0x00, 0x00, 0x00, 0x00, 0x00, 0x00,
    0x00, 0x40, 0x00, 0x00, 0x00, 0x00, 0x00, 0x00, 0x00, 0x00, 0x00, 0x00, 0x00, 0x00, 0x00, 0x00,
    0x00, 0x00, 0x00, 0x00, 0x00, 0x00, 0x00, 0x00, 0x00, 0x40, 0x00, 0x00, 0x00, 0x00, 0x00, 0x00,
    0x00, 0x49, 0x13, 0x40, 0x00, 0x00, 0x5b, 0x38, 0x00, 0x00, 0x9f, 0x9d, 0x00, 0x01, 0x26, 0x84,
    0x60, 0x40, 0x00, 0x01, 0x00, 0x00, 0x00, 0x00, 0x00, 0x4a, 0x30, 0xa0, 0x00, 0x00, 0x43, 0x70,
    0x00, 0x00, 0x75, 0xfd, 0x00, 0x01, 0x28, 0x64, 0x64, 0x40, 0x00, 0x01, 0x00, 0x00, 0x00, 0x00,
    0x00, 0x4a, 0x74, 0x20, 0x00, 0x00, 0x1a, 0x40, 0x00, 0x00, 0x2d, 0xed, 0x00, 0x01, 0x28, 0x8c,
    0x58, 0x40, 0x00, 0x01, 0x00, 0x00, 0x00, 0x00, 0x00, 0x4a, 0x8e, 0x60, 0x00, 0x00, 0x13, 0x98,
    0x00, 0x00, 0x22, 0x40, 0x00, 0x01, 0x28, 0xb4, 0x64, 0x40, 0x00, 0x01, 0x00, 0x00, 0x00, 0x00,
    0x00, 0x4a, 0xa2, 0x00, 0x00, 0x00, 0x13, 0x98, 0x00, 0x00, 0x22, 0x40, 0x00, 0x01, 0x28, 0xdc,
    0x64, 0x40, 0x00, 0x01, 0x00, 0x00, 0x00, 0x00, 0x00, 0x4a, 0xb5, 0xa0, 0x00, 0x00, 0x13, 0x98,
    0x00, 0x00, 0x22, 0x40, 0x00, 0x01, 0x29, 0x04, 0x64, 0x40, 0x00, 0x01, 0x00, 0x00, 0x00, 0x00,
    0x00, 0x4a, 0xd2, 0x40, 0x00, 0x00, 0x4b, 0x70, 0x00, 0x00, 0x84, 0x00, 0x00, 0x01, 0x29, 0x54,
    0x64, 0x40, 0x00, 0x01, 0x00, 0x00, 0x00, 0x00, 0x00, 0x4b, 0x1d, 0xc0, 0x00, 0x00, 0x57, 0x78,
    0x00, 0x00, 0x99, 0x0b, 0x00, 0x01, 0x29, 0x7c, 0x5c, 0x40, 0x00, 0x01, 0x00, 0x00, 0x00, 0x00,
    0x00, 0x4b, 0x75, 0x40, 0x00, 0x00, 0x21, 0x50, 0x00, 0x00, 0x3a, 0x4c, 0x00, 0x01, 0x29, 0xa4,
    0x6a, 0x40, 0x00, 0x01, 0x00, 0x00, 0x00, 0x00, 0x00, 0x4b, 0x96, 0xa0, 0x00, 0x00, 0x25, 0xa0,
    0x00, 0x00, 0x41, 0xcb, 0x00, 0x01, 0x29, 0xcc, 0x64, 0x40, 0x00, 0x01, 0x00, 0x00, 0x00, 0x00,
    0x00, 0x4b, 0xbc, 0x40, 0x00, 0x00, 0x4b, 0xb8, 0x00, 0x00, 0x84, 0x76, 0x00, 0x01, 0x29, 0xf4,
    0x6d, 0x40, 0x00, 0x01, 0x00, 0x00, 0x00, 0x00, 0x00, 0x4c, 0x08, 0x00, 0x00, 0x00, 0x1d, 0xb8,
    0x00, 0x00, 0x34, 0x00, 0x00, 0x01, 0x2a, 0x1c, 0x64, 0x40, 0x00, 0x01, 0x00, 0x00, 0x00, 0x00,
    0x00, 0x4c, 0x08, 0x00, 0x00, 0x00, 0x1d, 0xb8, 0x00, 0x00, 0x34, 0x00, 0x00, 0x01, 0x2a, 0x1c,
    0x64, 0x40, 0x00, 0x01, 0x00, 0x00, 0x00, 0x00, 0x00, 0x4c, 0x25, 0xc0, 0x00, 0x00, 0x1a, 0x10,
    0x00, 0x00, 0x2d, 0x95, 0x00, 0x01, 0x2a, 0x44, 0x64, 0x40, 0x00, 0x01, 0x00, 0x00, 0x00, 0x00,
    0x00, 0x4c, 0x25, 0xc0, 0x00, 0x00, 0x1a, 0x10, 0x00, 0x00, 0x2d, 0x95, 0x00, 0x01, 0x2a, 0x44,
    0x5d, 0x40, 0x00, 0x01, 0x00, 0x00, 0x00, 0x00, 0x00, 0x4c, 0x3f, 0xe0, 0x00, 0x00, 0x24, 0x98,
    0x00, 0x00, 0x40, 0x00, 0x00, 0x01, 0x2a, 0x6c, 0x64, 0x40, 0x00, 0x01, 0x00, 0x00, 0x00, 0x00,
    0x00, 0x4c, 0x64, 0x80, 0x00, 0x00, 0x0c, 0x20, 0x00, 0x00, 0x15, 0x30, 0x00, 0x01, 0x2a, 0x94,
    0x64, 0x40, 0x00, 0x01, 0x00, 0x00, 0x00, 0x00, 0x00, 0x4c, 0x70, 0xa0, 0x00, 0x00, 0x6e, 0xb0,
    0x00, 0x00, 0xc1, 0xaa, 0x00, 0x01, 0x2a, 0xbc, 0x70, 0x40, 0x00, 0x01, 0x00, 0x00, 0x00, 0x00,
    0x00, 0x4c, 0xdf, 0x60, 0x00, 0x00, 0x1b, 0x98, 0x00, 0x00, 0x30, 0x40, 0x00, 0x01, 0x2a, 0xe4,
    0x64, 0x40, 0x00, 0x01, 0x00, 0x00, 0x00, 0x00, 0x00, 0x4c, 0xfb, 0x00, 0x00, 0x00, 0x1b, 0x50,
    0x00, 0x00, 0x2f, 0xc6, 0x00, 0x01, 0x2b, 0x0c, 0x64, 0x40, 0x00, 0x01, 0x00, 0x00, 0x00, 0x00,
    0x00, 0x4d, 0x16, 0x60, 0x00, 0x00, 0x29, 0xb8, 0x00, 0x00, 0x49, 0x00, 0x00, 0x01, 0x2b, 0x34,
    0x64, 0x40, 0x00, 0x01, 0x00, 0x00, 0x00, 0x00, 0x00, 0x4d, 0x40, 0x20, 0x00, 0x00, 0x28, 0xf8,
    0x00, 0x00, 0x47, 0xab, 0x00, 0x01, 0x2b, 0x5c, 0x64, 0x40, 0x00, 0x01, 0x00, 0x00, 0x00, 0x00,
    0x00, 0x4d, 0x69, 0x20, 0x00, 0x00, 0x1b, 0xf8, 0x00, 0x00, 0x30, 0xeb, 0x00, 0x01, 0x2b, 0x84,
    0x64, 0x40, 0x00, 0x01, 0x00, 0x00, 0x00, 0x00, 0x00, 0x4d, 0x85, 0x20, 0x00, 0x00, 0x3f, 0x90,
    0x00, 0x00, 0x6f, 0x34, 0x00, 0x01, 0x2b, 0xac, 0x64, 0x40, 0x00, 0x01, 0x00, 0x00, 0x00, 0x00,
    0x00, 0x4a, 0xc9, 0x40, 0x00, 0x00, 0x08, 0xf0, 0x00, 0x00, 0x0f, 0x9b, 0x00, 0x01, 0x29, 0x2c,
    0x64, 0x40, 0x00, 0x01, 0x00, 0x00, 0x00, 0x00, 0x00, 0x4a, 0xc9, 0x40, 0x00, 0x00, 0x08, 0xf0,
    0x00, 0x00, 0x0f, 0x9b, 0x00, 0x01, 0x29, 0x2c, 0x64, 0x40, 0x00, 0x01, 0x00, 0x00, 0x00, 0x00,
    0x00, 0x4a, 0xc9, 0x40, 0x00, 0x00, 0x08, 0xf0, 0x00, 0x00, 0x0f, 0x9b, 0x00, 0x01, 0x29, 0x2c,
    0x64, 0x40, 0x00, 0x01, 0x00, 0x00, 0x00, 0x00, 0x00, 0x4a, 0xc9, 0x40, 0x00, 0x00, 0x08, 0xf0,
    0x00, 0x00, 0x0f, 0x9b, 0x00, 0x01, 0x29, 0x2c, 0x64, 0x40, 0x00, 0x01, 0x00, 0x00, 0x00, 0x00,
    0x00, 0x4a, 0xc9, 0x40, 0x00, 0x00, 0x08, 0xf0, 0x00, 0x00, 0x0f, 0x9b, 0x00, 0x01, 0x29, 0x2c,
    0x64, 0x40, 0x00, 0x01, 0x00, 0x00, 0x00, 0x00, 0x00, 0x4a, 0xc9, 0x40, 0x00, 0x00, 0x08, 0xf0,
    0x00, 0x00, 0x0f, 0x9b, 0x00, 0x01, 0x29, 0x2c, 0x64, 0x40, 0x00, 0x01, 0x00, 0x00, 0x00, 0x00,
    0x00, 0x4a, 0xc9, 0x40, 0x00, 0x00, 0x08, 0xf0, 0x00, 0x00, 0x0f, 0x9b, 0x00, 0x01, 0x29, 0x2c,
    0x64, 0x40, 0x00, 0x01, 0x00, 0x00, 0x00, 0x00, 0x00, 0x4a, 0xc9, 0x40, 0x00, 0x00, 0x08, 0xf0,
    0x00, 0x00, 0x0f, 0x9b, 0x00, 0x01, 0x29, 0x2c, 0x64, 0x40, 0x00, 0x01, 0x00, 0x00, 0x00, 0x00,
    0x00, 0x4a, 0xc9, 0x40, 0x00, 0x00, 0x08, 0xf0, 0x00, 0x00, 0x0f, 0x9b, 0x00, 0x01, 0x29, 0x2c,
    0x64, 0x40, 0x00, 0x01, 0x00, 0x00, 0x00, 0x00, 0x00, 0x4a, 0xc9, 0x40, 0x00, 0x00, 0x08, 0xf0,
    0x00, 0x00, 0x0f, 0x9b, 0x00, 0x01, 0x29, 0x2c, 0x64, 0x40, 0x00, 0x01, 0x00, 0x00, 0x00, 0x00,
    0x00, 0x4a, 0xc9, 0x40, 0x00, 0x00, 0x08, 0xf0, 0x00, 0x00, 0x0f, 0x9b, 0x00, 0x01, 0x29, 0x2c,
    0x64, 0x40, 0x00, 0x01, 0x00, 0x00, 0x00, 0x00, 0x00, 0x4a, 0xc9, 0x40, 0x00, 0x00, 0x08, 0xf0,
    0x00, 0x00, 0x0f, 0x9b, 0x00, 0x01, 0x29, 0x2c, 0x64, 0x40, 0x00, 0x01, 0x00, 0x00, 0x00, 0x00,
    0x00, 0x4a, 0xc9, 0x40, 0x00, 0x00, 0x08, 0xf0, 0x00, 0x00, 0x0f, 0x9b, 0x00, 0x01, 0x29, 0x2c,
    0x64, 0x40, 0x00, 0x01, 0x00, 0x00, 0x00, 0x00, 0x00, 0x4a, 0xc9, 0x40, 0x00, 0x00, 0x08, 0xf0,
    0x00, 0x00, 0x0f, 0x9b, 0x00, 0x01, 0x29, 0x2c, 0x64, 0x40, 0x00, 0x01, 0x00, 0x00, 0x00, 0x00,
    0x00, 0x4e, 0x2c, 0xc0, 0x00, 0x00, 0x13, 0x98, 0x00, 0x00, 0x22, 0x40, 0x00, 0x01, 0x40, 0xcc,
    0x00, 0x40, 0x00, 0x01, 0x00, 0x00, 0x00, 0x00, 0x00, 0x4f, 0x90, 0x80, 0x00, 0x00, 0x02, 0xf0,
    0x00, 0x00, 0x05, 0x1f, 0x00, 0x01, 0x43, 0x74, 0x50, 0x40, 0x00, 0x01, 0x00, 0x00, 0x00, 0x00,
    0x00, 0x4e, 0x40, 0x60, 0x00, 0x00, 0x1a, 0xf8, 0x00, 0x00, 0x2f, 0x27, 0x00, 0x01, 0x40, 0xf4,
    0x50, 0x40, 0x00, 0x01, 0x00, 0x00, 0x00, 0x00, 0x00, 0x4e, 0x5b, 0x60, 0x00, 0x00, 0x0d, 0x08,
    0x00, 0x00, 0x16, 0xce, 0x00, 0x01, 0x41, 0x1c, 0x50, 0x40, 0x00, 0x01, 0x00, 0x00, 0x00, 0x00,
    0x00, 0x4e, 0x68, 0x80, 0x00, 0x00, 0x2b, 0x98, 0x00, 0x00, 0x4c, 0x44, 0x00, 0x01, 0x41, 0x44,
    0x50, 0x40, 0x00, 0x01, 0x00, 0x00, 0x00, 0x00, 0x00, 0x4f, 0x90, 0x80, 0x00, 0x00, 0x02, 0xf0,
    0x00, 0x00, 0x05, 0x1f, 0x00, 0x01, 0x43, 0x74, 0x58, 0x40, 0x00, 0x01, 0x00, 0x00, 0x00, 0x00,
    0x00, 0x4e, 0x40, 0x60, 0x00, 0x00, 0x1a, 0xf8, 0x00, 0x00, 0x2f, 0x27, 0x00, 0x01, 0x40, 0xf4,
    0x60, 0x40, 0x00, 0x01, 0x00, 0x00, 0x00, 0x00, 0x00, 0x4e, 0x5b, 0x60, 0x00, 0x00, 0x0d, 0x08,
    0x00, 0x00, 0x16, 0xce, 0x00, 0x01, 0x41, 0x1c, 0x50, 0x40, 0x00, 0x01, 0x00, 0x00, 0x00, 0x00,
    0x00, 0x4e, 0x68, 0x80, 0x00, 0x00, 0x2b, 0x98, 0x00, 0x00, 0x4c, 0x44, 0x00, 0x01, 0x41, 0x44,
    0x60, 0x40, 0x00, 0x01, 0x00, 0x00, 0x00, 0x00, 0x00, 0x4e, 0x94, 0x20, 0x00, 0x00, 0x2c, 0x10,
    0x00, 0x00, 0x4d, 0x19, 0x00, 0x01, 0x41, 0x6c, 0x60, 0x40, 0x00, 0x01, 0x00, 0x00, 0x00, 0x00,
    0x00, 0x4e, 0xc0, 0x40, 0x00, 0x00, 0x0e, 0x50, 0x00, 0x00, 0x19, 0x07, 0x00, 0x01, 0x41, 0x94,
    0x6e, 0x40, 0x00, 0x01, 0x00, 0x00, 0x00, 0x00, 0x00, 0x4e, 0xce, 0xa0, 0x00, 0x00, 0x02, 0xe8,
    0x00, 0x00, 0x05, 0x14, 0x00, 0x01, 0x41, 0xbc, 0x46, 0x40, 0x00, 0x01, 0x00, 0x00, 0x00, 0x00,
    0x00, 0x4e, 0xd1, 0xa0, 0x00, 0x00, 0x02, 0x30, 0x00, 0x00, 0x03, 0xd2, 0x00, 0x01, 0x41, 0xe4,
    0x5a, 0x40, 0x00, 0x01, 0x00, 0x00, 0x00, 0x00, 0x00, 0x4f, 0x90, 0x80, 0x00, 0x00, 0x02, 0xf0,
    0x00, 0x00, 0x05, 0x1f, 0x00, 0x01, 0x43, 0x74, 0x64, 0x40, 0x00, 0x01, 0x00, 0x00, 0x00, 0x00,
    0x00, 0x4e, 0x40, 0x60, 0x00, 0x00, 0x1a, 0xf8, 0x00, 0x00, 0x2f, 0x27, 0x00, 0x01, 0x40, 0xf4,
    0x64, 0x40, 0x00, 0x01, 0x00, 0x00, 0x00, 0x00, 0x00, 0x4e, 0x5b, 0x60, 0x00, 0x00, 0x0d, 0x08,
    0x00, 0x00, 0x16, 0xce, 0x00, 0x01, 0x41, 0x1c, 0x64, 0x40, 0x00, 0x01, 0x00, 0x00, 0x00, 0x00,
    0x00, 0x4e, 0x68, 0x80, 0x00, 0x00, 0x2b, 0x98, 0x00, 0x00, 0x4c, 0x44, 0x00, 0x01, 0x41, 0x44,
    0x64, 0x40, 0x00, 0x01, 0x00, 0x00, 0x00, 0x00, 0x00, 0x4e, 0xd3, 0xe0, 0x00, 0x00, 0x08, 0xf0,
    0x00, 0x00, 0x0f, 0x9b, 0x00, 0x01, 0x42, 0x0c, 0x50, 0x40, 0x00, 0x01, 0x00, 0x00, 0x00, 0x00,
    0x00, 0x4e, 0xdc, 0xe0, 0x00, 0x00, 0x08, 0xf0, 0x00, 0x00, 0x0f, 0x9b, 0x00, 0x01, 0x42, 0x34,
    0x50, 0x40, 0x00, 0x01, 0x00, 0x00, 0x00, 0x00, 0x00, 0x4e, 0x5b, 0x60, 0x00, 0x00, 0x0d, 0x08,
    0x00, 0x00, 0x16, 0xce, 0x00, 0x01, 0x41, 0x1c, 0x50, 0x40, 0x00, 0x01, 0x00, 0x00, 0x00, 0x00,
    0x00, 0x4e, 0xe5, 0xe0, 0x00, 0x00, 0x08, 0xf0, 0x00, 0x00, 0x0f, 0x9b, 0x00, 0x01, 0x42, 0x5c,
    0x50, 0x40, 0x00, 0x01, 0x00, 0x00, 0x00, 0x00, 0x00, 0x00, 0x00, 0x00, 0x00, 0x00, 0x00, 0x00,
    0x00, 0x00, 0x00, 0x00, 0x00, 0x00, 0x00, 0x00, 0x00, 0x40, 0x00, 0x00, 0x00, 0x00, 0x00, 0x00,
    0x00, 0x00, 0x00, 0x00, 0x00, 0x00, 0x00, 0x00, 0x00, 0x00, 0x00, 0x00, 0x00, 0x00, 0x00, 0x00,
    0x00, 0x40, 0x00, 0x00, 0x00, 0x00, 0x00, 0x00, 0x00, 0x00, 0x00, 0x00, 0x00, 0x00, 0x00, 0x00,
    0x00, 0x00, 0x00, 0x00, 0x00, 0x00, 0x00, 0x00, 0x00, 0x40, 0x00, 0x00, 0x00, 0x00, 0x00, 0x00,
    0x00, 0x00, 0x00, 0x00, 0x00, 0x00, 0x00, 0x00, 0x00, 0x00, 0x00, 0x00, 0x00, 0x00, 0x00, 0x00,
    0x00, 0x40, 0x00, 0x00, 0x00, 0x00, 0x00, 0x00, 0x00, 0x00, 0x00, 0x00, 0x00, 0x00, 0x00, 0x00,
    0x00, 0x00, 0x00, 0x00, 0x00, 0x00, 0x00, 0x00, 0x00, 0x40, 0x00, 0x00, 0x00, 0x00, 0x00, 0x00,
    0x00, 0x4d, 0xd1, 0x80, 0x00, 0x00, 0x5b, 0x38, 0x00, 0x00, 0x9f, 0x9d, 0x00, 0x01, 0x40, 0xa4,
    0x60, 0x40, 0x00, 0x01, 0x00, 0x00, 0x00, 0x00, 0x00, 0x4e, 0xee, 0xe0, 0x00, 0x00, 0x43, 0x70,
    0x00, 0x00, 0x75, 0xfd, 0x00, 0x01, 0x42, 0x84, 0x64, 0x40, 0x00, 0x01, 0x00, 0x00, 0x00, 0x00,
    0x00, 0x4f, 0x32, 0x60, 0x00, 0x00, 0x1a, 0x40, 0x00, 0x00, 0x2d, 0xed, 0x00, 0x01, 0x42, 0xac,
    0x58, 0x40, 0x00, 0x01, 0x00, 0x00, 0x00, 0x00, 0x00, 0x4f, 0x4c, 0xa0, 0x00, 0x00, 0x13, 0x98,
    0x00, 0x00, 0x22, 0x40, 0x00, 0x01, 0x42, 0xd4, 0x64, 0x40, 0x00, 0x01, 0x00, 0x00, 0x00, 0x00,
    0x00, 0x4f, 0x60, 0x40, 0x00, 0x00, 0x13, 0x98, 0x00, 0x00, 0x22, 0x40, 0x00, 0x01, 0x42, 0xfc,
    0x64, 0x40, 0x00, 0x01, 0x00, 0x00, 0x00, 0x00, 0x00, 0x4f, 0x73, 0xe0, 0x00, 0x00, 0x13, 0x98,
    0x00, 0x00, 0x22, 0x40, 0x00, 0x01, 0x43, 0x24, 0x64, 0x40, 0x00, 0x01, 0x00, 0x00, 0x00, 0x00,
    0x00, 0x4f, 0x93, 0x80, 0x00, 0x00, 0x41, 0x88, 0x00, 0x00, 0x72, 0xaa, 0x00, 0x01, 0x43, 0x9c,
    0x64, 0x40, 0x00, 0x01, 0x00, 0x00, 0x00, 0x00, 0x00, 0x4f, 0xd5, 0x20, 0x00, 0x00, 0x3e, 0x18,
    0x00, 0x00, 0x6c, 0xaa, 0x00, 0x01, 0x43, 0xc4, 0x5c, 0x40, 0x00, 0x01, 0x00, 0x00, 0x00, 0x00,
    0x00, 0x50, 0x13, 0x40, 0x00, 0x00, 0x1a, 0xb0, 0x00, 0x00, 0x2e, 0xaa, 0x00, 0x01, 0x43, 0xec,
    0x64, 0x40, 0x00, 0x01, 0x00, 0x00, 0x00, 0x00, 0x00, 0x50, 0x2e, 0x00, 0x00, 0x00, 0x49, 0x08,
    0x00, 0x00, 0x7f, 0xc9, 0x00, 0x01, 0x44, 0x14, 0x5c, 0x40, 0x00, 0x01, 0x00, 0x00, 0x00, 0x00,
    0x00, 0x50, 0x77, 0x20, 0x00, 0x00, 0x40, 0x80, 0x00, 0x00, 0x70, 0xd5, 0x00, 0x01, 0x44, 0x3c,
    0x64, 0x40, 0x00, 0x01, 0x00, 0x00, 0x00, 0x00, 0x00, 0x50, 0xb7, 0xa0, 0x00, 0x00, 0x1e, 0xb0,
    0x00, 0x00, 0x35, 0xaa, 0x00, 0x01, 0x44, 0x64, 0x64, 0x40, 0x00, 0x01, 0x00, 0x00, 0x00, 0x00,
    0x00, 0x50, 0xb7, 0xa0, 0x00, 0x00, 0x1e, 0xb0, 0x00, 0x00, 0x35, 0xaa, 0x00, 0x01, 0x44, 0x64,
    0x64, 0x40, 0x00, 0x01, 0x00, 0x00, 0x00, 0x00, 0x00, 0x50, 0xd6, 0x60, 0x00, 0x00, 0x0e, 0xe0,
    0x00, 0x00, 0x1a, 0x00, 0x00, 0x01, 0x44, 0x8c, 0x64, 0x40, 0x00, 0x01, 0x00, 0x00, 0x00, 0x00,
    0x00, 0x50, 0xd6, 0x60, 0x00, 0x00, 0x0e, 0xe0, 0x00, 0x00, 0x1a, 0x00, 0x00, 0x01, 0x44, 0x8c,
    0x64, 0x40, 0x00, 0x01, 0x00, 0x00, 0x00, 0x00, 0x00, 0x50, 0xe5, 0x40, 0x00, 0x00, 0x3f, 0xd0,
    0x00, 0x00, 0x6f, 0xaa, 0x00, 0x01, 0x44, 0xb4, 0x64, 0x40, 0x00, 0x01, 0x00, 0x00, 0x00, 0x00,
    0x00, 0x51, 0x25, 0x20, 0x00, 0x00, 0x11, 0x18, 0x00, 0x00, 0x1d, 0xea, 0x00, 0x01, 0x44, 0xdc,
    0x64, 0x40, 0x00, 0x01, 0x00, 0x00, 0x00, 0x00, 0x00, 0x51, 0x36, 0x40, 0x00, 0x00, 0x5a, 0xe0,
    0x00, 0x00, 0x9f, 0x00, 0x00, 0x01, 0x45, 0x04, 0x6f, 0x40, 0x00, 0x01, 0x00, 0x00, 0x00, 0x00,
    0x00, 0x51, 0x91, 0x20, 0x00, 0x00, 0x2f, 0x10, 0x00, 0x00, 0x52, 0x55, 0x00, 0x01, 0x45, 0x2c,
    0x64, 0x40, 0x00, 0x01, 0x00, 0x00, 0x00, 0x00, 0x00, 0x51, 0xc0, 0x40, 0x00, 0x00, 0x2c, 0x10,
    0x00, 0x00, 0x4d, 0x15, 0x00, 0x01, 0x45, 0x54, 0x64, 0x40, 0x00, 0x01, 0x00, 0x00, 0x00, 0x00,
    0x00, 0x51, 0xec, 0x60, 0x00, 0x00, 0x2a, 0x80, 0x00, 0x00, 0x4a, 0x55, 0x00, 0x01, 0x45, 0x7c,
    0x50, 0x40, 0x00, 0x01, 0x00, 0x00, 0x00, 0x00, 0x00, 0x52, 0x16, 0xe0, 0x00, 0x00, 0x21, 0xb8,
    0x00, 0x00, 0x3b, 0x00, 0x00, 0x01, 0x45, 0xa4, 0x64, 0x40, 0x00, 0x01, 0x00, 0x00, 0x00, 0x00,
    0x00, 0x52, 0x38, 0xa0, 0x00, 0x00, 0x19, 0x28, 0x00, 0x00, 0x2c, 0x00, 0x00, 0x01, 0x45, 0xcc,
    0x64, 0x40, 0x00, 0x01, 0x00, 0x00, 0x00, 0x00, 0x00, 0x52, 0x51, 0xe0, 0x00, 0x00, 0x3f, 0xb8,
    0x00, 0x00, 0x6f, 0x80, 0x00, 0x01, 0x45, 0xf4, 0x64, 0x40, 0x00, 0x01, 0x00, 0x00, 0x00, 0x00,
    0x00, 0x4f, 0x87, 0x80, 0x00, 0x00, 0x08, 0xf0, 0x00, 0x00, 0x0f, 0x9b, 0x00, 0x01, 0x43, 0x4c,
    0x64, 0x40, 0x00, 0x01, 0x00, 0x00, 0x00, 0x00, 0x00, 0x4f, 0x87, 0x80, 0x00, 0x00, 0x08, 0xf0,
    0x00, 0x00, 0x0f, 0x9b, 0x00, 0x01, 0x43, 0x4c, 0x64, 0x40, 0x00, 0x01, 0x00, 0x00, 0x00, 0x00,
    0x00, 0x4f, 0x87, 0x80, 0x00, 0x00, 0x08, 0xf0, 0x00, 0x00, 0x0f, 0x9b, 0x00, 0x01, 0x43, 0x4c,
    0x64, 0x40, 0x00, 0x01, 0x00, 0x00, 0x00, 0x00, 0x00, 0x4f, 0x87, 0x80, 0x00, 0x00, 0x08, 0xf0,
    0x00, 0x00, 0x0f, 0x9b, 0x00, 0x01, 0x43, 0x4c, 0x64, 0x40, 0x00, 0x01, 0x00, 0x00, 0x00, 0x00,
    0x00, 0x4f, 0x87, 0x80, 0x00, 0x00, 0x08, 0xf0, 0x00, 0x00, 0x0f, 0x9b, 0x00, 0x01, 0x43, 0x4c,
    0x64, 0x40, 0x00, 0x01, 0x00, 0x00, 0x00, 0x00, 0x00, 0x4f, 0x87, 0x80, 0x00, 0x00, 0x08, 0xf0,
    0x00, 0x00, 0x0f, 0x9b, 0x00, 0x01, 0x43, 0x4c, 0x64, 0x40, 0x00, 0x01, 0x00, 0x00, 0x00, 0x00,
    0x00, 0x4f, 0x87, 0x80, 0x00, 0x00, 0x08, 0xf0, 0x00, 0x00, 0x0f, 0x9b, 0x00, 0x01, 0x43, 0x4c,
    0x64, 0x40, 0x00, 0x01, 0x00, 0x00, 0x00, 0x00, 0x00, 0x4f, 0x87, 0x80, 0x00, 0x00, 0x08, 0xf0,
    0x00, 0x00, 0x0f, 0x9b, 0x00, 0x01, 0x43, 0x4c, 0x64, 0x40, 0x00, 0x01, 0x00, 0x00, 0x00, 0x00,
    0x00, 0x4f, 0x87, 0x80, 0x00, 0x00, 0x08, 0xf0, 0x00, 0x00, 0x0f, 0x9b, 0x00, 0x01, 0x43, 0x4c,
    0x64, 0x40, 0x00, 0x01, 0x00, 0x00, 0x00, 0x00, 0x00, 0x4f, 0x87, 0x80, 0x00, 0x00, 0x08, 0xf0,
    0x00, 0x00, 0x0f, 0x9b, 0x00, 0x01, 0x43, 0x4c, 0x64, 0x40, 0x00, 0x01, 0x00, 0x00, 0x00, 0x00,
    0x00, 0x4f, 0x87, 0x80, 0x00, 0x00, 0x08, 0xf0, 0x00, 0x00, 0x0f, 0x9b, 0x00, 0x01, 0x43, 0x4c,
    0x64, 0x40, 0x00, 0x01, 0x00, 0x00, 0x00, 0x00, 0x00, 0x4f, 0x87, 0x80, 0x00, 0x00, 0x08, 0xf0,
    0x00, 0x00, 0x0f, 0x9b, 0x00, 0x01, 0x43, 0x4c, 0x64, 0x40, 0x00, 0x01, 0x00, 0x00, 0x00, 0x00,
    0x00, 0x4f, 0x87, 0x80, 0x00, 0x00, 0x08, 0xf0, 0x00, 0x00, 0x0f, 0x9b, 0x00, 0x01, 0x43, 0x4c,
    0x64, 0x40, 0x00, 0x01, 0x00, 0x00, 0x00, 0x00, 0x00, 0x4f, 0x87, 0x80, 0x00, 0x00, 0x08, 0xf0,
    0x00, 0x00, 0x0f, 0x9b, 0x00, 0x01, 0x43, 0x4c, 0x64, 0x40, 0x00, 0x01, 0x00, 0x00, 0x00, 0x00,
    0x00, 0x52, 0xec, 0xe0, 0x00, 0x00, 0x13, 0x98, 0x00, 0x00, 0x22, 0x40, 0x00, 0x01, 0x5a, 0xec,
    0x00, 0x40, 0x00, 0x01, 0x00, 0x00, 0x00, 0x00, 0x00, 0x54, 0x50, 0xa0, 0x00, 0x00, 0x07, 0x98,
    0x00, 0x00, 0x0d, 0x3d, 0x00, 0x01, 0x5d, 0x94, 0x60, 0x40, 0x00, 0x01, 0x00, 0x00, 0x00, 0x00,
    0x00, 0x53, 0x00, 0x80, 0x00, 0x00, 0x1a, 0xf8, 0x00, 0x00, 0x2f, 0x27, 0x00, 0x01, 0x5b, 0x14,
    0x64, 0x40, 0x00, 0x01, 0x00, 0x00, 0x00, 0x00, 0x00, 0x53, 0x1b, 0x80, 0x00, 0x00, 0x0d, 0x08,
    0x00, 0x00, 0x16, 0xce, 0x00, 0x01, 0x5b, 0x3c, 0x50, 0x40, 0x00, 0x01, 0x00, 0x00, 0x00, 0x00,
    0x00, 0x53, 0x28, 0xa0, 0x00, 0x00, 0x2b, 0x98, 0x00, 0x00, 0x4c, 0x44, 0x00, 0x01, 0x5b, 0x64,
    0x5a, 0x40, 0x00, 0x01, 0x00, 0x00, 0x00, 0x00, 0x00, 0x54, 0x50, 0xa0, 0x00, 0x00, 0x07, 0x98,
    0x00, 0x00, 0x0d, 0x3d, 0x00, 0x01, 0x5d, 0x94, 0x60, 0x40, 0x00, 0x01, 0x00, 0x00, 0x00, 0x00,
    0x00, 0x53, 0x00, 0x80, 0x00, 0x00, 0x1a, 0xf8, 0x00, 0x00, 0x2f, 0x27, 0x00, 0x01, 0x5b, 0x14,
    0x5a, 0x40, 0x00, 0x01, 0x00, 0x00, 0x00, 0x00, 0x00, 0x53, 0x1b, 0x80, 0x00, 0x00, 0x0d, 0x08,
    0x00, 0x00, 0x16, 0xce, 0x00, 0x01, 0x5b, 0x3c, 0x50, 0x40, 0x00, 0x01, 0x00, 0x00, 0x00, 0x00,
    0x00, 0x53, 0x28, 0xa0, 0x00, 0x00, 0x2b, 0x98, 0x00, 0x00, 0x4c, 0x44, 0x00, 0x01, 0x5b, 0x64,
    0x60, 0x40, 0x00, 0x01, 0x00, 0x00, 0x00, 0x00, 0x00, 0x53, 0x54, 0x40, 0x00, 0x00, 0x2c, 0x10,
    0x00, 0x00, 0x4d, 0x19, 0x00, 0x01, 0x5b, 0x8c, 0x6e, 0x40, 0x00, 0x01, 0x00, 0x00, 0x00, 0x00,
    0x00, 0x53, 0x80, 0x60, 0x00, 0x00, 0x0e, 0x50, 0x00, 0x00, 0x19, 0x07, 0x00, 0x01, 0x5b, 0xb4,
    0x64, 0x40, 0x00, 0x01, 0x00, 0x00, 0x00, 0x00, 0x00, 0x53, 0x8e, 0xc0, 0x00, 0x00, 0x02, 0xe8,
    0x00, 0x00, 0x05, 0x14, 0x00, 0x01, 0x5b, 0xdc, 0x46, 0x40, 0x00, 0x01, 0x00, 0x00, 0x00, 0x00,
    0x00, 0x53, 0x91, 0xc0, 0x00, 0x00, 0x02, 0x30, 0x00, 0x00, 0x03, 0xd2, 0x00, 0x01, 0x5c, 0x04,
    0x5a, 0x40, 0x00, 0x01, 0x00, 0x00, 0x00, 0x00, 0x00, 0x54, 0x50, 0xa0, 0x00, 0x00, 0x07, 0x98,
    0x00, 0x00, 0x0d, 0x3d, 0x00, 0x01, 0x5d, 0x94, 0x60, 0x40, 0x00, 0x01, 0x00, 0x00, 0x00, 0x00,
    0x00, 0x53, 0x00, 0x80, 0x00, 0x00, 0x1a, 0xf8, 0x00, 0x00, 0x2f, 0x27, 0x00, 0x01, 0x5b, 0x14,
    0x50, 0x40, 0x00, 0x01, 0x00, 0x00, 0x00, 0x00, 0x00, 0x53, 0x1b, 0x80, 0x00, 0x00, 0x0d, 0x08,
    0x00, 0x00, 0x16, 0xce, 0x00, 0x01, 0x5b, 0x3c, 0x50, 0x40, 0x00, 0x01, 0x00, 0x00, 0x00, 0x00,
    0x00, 0x53, 0x28, 0xa0, 0x00, 0x00, 0x2b, 0x98, 0x00, 0x00, 0x4c, 0x44, 0x00, 0x01, 0x5b, 0x64,
    0x50, 0x40, 0x00, 0x01, 0x00, 0x00, 0x00, 0x00, 0x00, 0x53, 0x94, 0x00, 0x00, 0x00, 0x08, 0xf0,
    0x00, 0x00, 0x0f, 0x9b, 0x00, 0x01, 0x5c, 0x2c, 0x5a, 0x40, 0x00, 0x01, 0x00, 0x00, 0x00, 0x00,
    0x00, 0x53, 0x9d, 0x00, 0x00, 0x00, 0x08, 0xf0, 0x00, 0x00, 0x0f, 0x9b, 0x00, 0x01, 0x5c, 0x54,
    0x5a, 0x40, 0x00, 0x01, 0x00, 0x00, 0x00, 0x00, 0x00, 0x53, 0x1b, 0x80, 0x00, 0x00, 0x0d, 0x08,
    0x00, 0x00, 0x16, 0xce, 0x00, 0x01, 0x5b, 0x3c, 0x5a, 0x40, 0x00, 0x01, 0x00, 0x00, 0x00, 0x00,
    0x00, 0x53, 0xa6, 0x00, 0x00, 0x00, 0x08, 0xf0, 0x00, 0x00, 0x0f, 0x9b, 0x00, 0x01, 0x5c, 0x7c,
    0x5a, 0x40, 0x00, 0x01, 0x00, 0x00, 0x00, 0x00, 0x00, 0x00, 0x00, 0x00, 0x00, 0x00, 0x00, 0x00,
    0x00, 0x00, 0x00, 0x00, 0x00, 0x00, 0x00, 0x00, 0x00, 0x40, 0x00, 0x00, 0x00, 0x00, 0x00, 0x00,
    0x00, 0x00, 0x00, 0x00, 0x00, 0x00, 0x00, 0x00, 0x00, 0x00, 0x00, 0x00, 0x00, 0x00, 0x00, 0x00,
    0x00, 0x40, 0x00, 0x00, 0x00, 0x00, 0x00, 0x00, 0x00, 0x00, 0x00, 0x00, 0x00, 0x00, 0x00, 0x00,
    0x00, 0x00, 0x00, 0x00, 0x00, 0x00, 0x00, 0x00, 0x00, 0x40, 0x00, 0x00, 0x00, 0x00, 0x00, 0x00,
    0x00, 0x00, 0x00, 0x00, 0x00, 0x00, 0x00, 0x00, 0x00, 0x00, 0x00, 0x00, 0x00, 0x00, 0x00, 0x00,
    0x00, 0x40, 0x00, 0x00, 0x00, 0x00, 0x00, 0x00, 0x00, 0x00, 0x00, 0x00, 0x00, 0x00, 0x00, 0x00,
    0x00, 0x00, 0x00, 0x00, 0x00, 0x00, 0x00, 0x00, 0x00, 0x40, 0x00, 0x00, 0x00, 0x00, 0x00, 0x00,
    0x00, 0x52, 0x91, 0xa0, 0x00, 0x00, 0x5b, 0x38, 0x00, 0x00, 0x9f, 0x9d, 0x00, 0x01, 0x5a, 0xc4,
    0x60, 0x40, 0x00, 0x01, 0x00, 0x00, 0x00, 0x00, 0x00, 0x53, 0xaf, 0x00, 0x00, 0x00, 0x43, 0x70,
    0x00, 0x00, 0x75, 0xfd, 0x00, 0x01, 0x5c, 0xa4, 0x64, 0x40, 0x00, 0x01, 0x00, 0x00, 0x00, 0x00,
    0x00, 0x53, 0xf2, 0x80, 0x00, 0x00, 0x1a, 0x40, 0x00, 0x00, 0x2d, 0xed, 0x00, 0x01, 0x5c, 0xcc,
    0x58, 0x40, 0x00, 0x01, 0x00, 0x00, 0x00, 0x00, 0x00, 0x54, 0x0c, 0xc0, 0x00, 0x00, 0x13, 0x98,
    0x00, 0x00, 0x22, 0x40, 0x00, 0x01, 0x5c, 0xf4, 0x64, 0x40, 0x00, 0x01, 0x00, 0x00, 0x00, 0x00,
    0x00, 0x54, 0x20, 0x60, 0x00, 0x00, 0x13, 0x98, 0x00, 0x00, 0x22, 0x40, 0x00, 0x01, 0x5d, 0x1c,
    0x64, 0x40, 0x00, 0x01, 0x00, 0x00, 0x00, 0x00, 0x00, 0x54, 0x34, 0x00, 0x00, 0x00, 0x13, 0x98,
    0x00, 0x00, 0x22, 0x40, 0x00, 0x01, 0x5d, 0x44, 0x64, 0x40, 0x00, 0x01, 0x00, 0x00, 0x00, 0x00,
    0x00, 0x54, 0x58, 0x40, 0x00, 0x00, 0x35, 0x88, 0x00, 0x00, 0x5d, 0xa3, 0x00, 0x01, 0x5d, 0xbc,
    0x64, 0x40, 0x00, 0x01, 0x00, 0x00, 0x00, 0x00, 0x00, 0x54, 0x8d, 0xe0, 0x00, 0x00, 0x1a, 0x10,
    0x00, 0x00, 0x2d, 0x9a, 0x00, 0x01, 0x5d, 0xe4, 0x5e, 0x40, 0x00, 0x01, 0x00, 0x00, 0x00, 0x00,
    0x00, 0x54, 0xa8, 0x00, 0x00, 0x00, 0x22, 0x98, 0x00, 0x00, 0x3c, 0x84, 0x00, 0x01, 0x5e, 0x0c,
    0x5d, 0x40, 0x00, 0x01, 0x00, 0x00, 0x00, 0x00, 0x00, 0x54, 0xca, 0xa0, 0x00, 0x00, 0x30, 0xe8,
    0x00, 0x00, 0x55, 0x96, 0x00, 0x01, 0x5e, 0x34, 0x5e, 0x40, 0x00, 0x01, 0x00, 0x00, 0x00, 0x00,
    0x00, 0x54, 0xfb, 0xa0, 0x00, 0x00, 0x27, 0x50, 0x00, 0x00, 0x44, 0xc0, 0x00, 0x01, 0x5e, 0x5c,
    0x64, 0x40, 0x00, 0x01, 0x00, 0x00, 0x00, 0x00, 0x00, 0x55, 0x23, 0x00, 0x00, 0x00, 0x1c, 0x10,
    0x00, 0x00, 0x31, 0x12, 0x00, 0x01, 0x5e, 0x84, 0x60, 0x40, 0x00, 0x01, 0x00, 0x00, 0x00, 0x00,
    0x00, 0x55, 0x23, 0x00, 0x00, 0x00, 0x1c, 0x10, 0x00, 0x00, 0x31, 0x12, 0x00, 0x01, 0x5e, 0x84,
    0x64, 0x40, 0x00, 0x01, 0x00, 0x00, 0x00, 0x00, 0x00, 0x55, 0x3f, 0x20, 0x00, 0x00, 0x1a, 0x10,
    0x00, 0x00, 0x2d, 0x9a, 0x00, 0x01, 0x5e, 0xac, 0x64, 0x40, 0x00, 0x01, 0x00, 0x00, 0x00, 0x00,
    0x00, 0x55, 0x3f, 0x20, 0x00, 0x00, 0x1a, 0x10, 0x00, 0x00, 0x2d, 0x9a, 0x00, 0x01, 0x5e, 0xac,
    0x64, 0x40, 0x00, 0x01, 0x00, 0x00, 0x00, 0x00, 0x00, 0x55, 0x59, 0x40, 0x00, 0x00, 0x2b, 0xc0,
    0x00, 0x00, 0x4c, 0x8b, 0x00, 0x01, 0x5e, 0xd4, 0x64, 0x40, 0x00, 0x01, 0x00, 0x00, 0x00, 0x00,
    0x00, 0x55, 0x85, 0x00, 0x00, 0x00, 0x0d, 0xc8, 0x00, 0x00, 0x18, 0x17, 0x00, 0x01, 0x5e, 0xfc,
    0x5f, 0x40, 0x00, 0x01, 0x00, 0x00, 0x00, 0x00, 0x00, 0x55, 0x92, 0xe0, 0x00, 0x00, 0x35, 0x88,
    0x00, 0x00, 0x5d, 0xa3, 0x00, 0x01, 0x5f, 0x24, 0x70, 0x40, 0x00, 0x01, 0x00, 0x00, 0x00, 0x00,
    0x00, 0x55, 0xc8, 0x80, 0x00, 0x00, 0x1a, 0x10, 0x00, 0x00, 0x2d, 0x9a, 0x00, 0x01, 0x5f, 0x4c,
    0x64, 0x40, 0x00, 0x01, 0x00, 0x00, 0x00, 0x00, 0x00, 0x55, 0xe2, 0xa0, 0x00, 0x00, 0x19, 0xd8,
    0x00, 0x00, 0x2d, 0x39, 0x00, 0x01, 0x5f, 0x74, 0x5c, 0x40, 0x00, 0x01, 0x00, 0x00, 0x00, 0x00,
    0x00, 0x55, 0xfc, 0x80, 0x00, 0x00, 0x11, 0x50, 0x00, 0x00, 0x1e, 0x46, 0x00, 0x01, 0x5f, 0x9c,
    0x5a, 0x40, 0x00, 0x01, 0x00, 0x00, 0x00, 0x00, 0x00, 0x56, 0x0d, 0xe0, 0x00, 0x00, 0x33, 0x18,
    0x00, 0x00, 0x59, 0x65, 0x00, 0x01, 0x5f, 0xc4, 0x64, 0x40, 0x00, 0x01, 0x00, 0x00, 0x00, 0x00,
    0x00, 0x56, 0x41, 0x00, 0x00, 0x00, 0x19, 0x48, 0x00, 0x00, 0x2c, 0x3e, 0x00, 0x01, 0x5f, 0xec,
    0x64, 0x40, 0x00, 0x01, 0x00, 0x00, 0x00, 0x00, 0x00, 0x56, 0x5a, 0x60, 0x00, 0x00, 0x48, 0xc0,
    0x00, 0x00, 0x7f, 0x4b, 0x00, 0x01, 0x60, 0x14, 0x64, 0x40, 0x00, 0x01, 0x00, 0x00, 0x00, 0x00,
    0x00, 0x54, 0x47, 0xa0, 0x00, 0x00, 0x08, 0xf0, 0x00, 0x00, 0x0f, 0x9b, 0x00, 0x01, 0x5d, 0x6c,
    0x64, 0x40, 0x00, 0x01, 0x00, 0x00, 0x00, 0x00, 0x00, 0x54, 0x47, 0xa0, 0x00, 0x00, 0x08, 0xf0,
    0x00, 0x00, 0x0f, 0x9b, 0x00, 0x01, 0x5d, 0x6c, 0x64, 0x40, 0x00, 0x01, 0x00, 0x00, 0x00, 0x00,
    0x00, 0x54, 0x47, 0xa0, 0x00, 0x00, 0x08, 0xf0, 0x00, 0x00, 0x0f, 0x9b, 0x00, 0x01, 0x5d, 0x6c,
    0x64, 0x40, 0x00, 0x01, 0x00, 0x00, 0x00, 0x00, 0x00, 0x54, 0x47, 0xa0, 0x00, 0x00, 0x08, 0xf0,
    0x00, 0x00, 0x0f, 0x9b, 0x00, 0x01, 0x5d, 0x6c, 0x64, 0x40, 0x00, 0x01, 0x00, 0x00, 0x00, 0x00,
    0x00, 0x54, 0x47, 0xa0, 0x00, 0x00, 0x08, 0xf0, 0x00, 0x00, 0x0f, 0x9b, 0x00, 0x01, 0x5d, 0x6c,
    0x64, 0x40, 0x00, 0x01, 0x00, 0x00, 0x00, 0x00, 0x00, 0x54, 0x47, 0xa0, 0x00, 0x00, 0x08, 0xf0,
    0x00, 0x00, 0x0f, 0x9b, 0x00, 0x01, 0x5d, 0x6c, 0x64, 0x40, 0x00, 0x01, 0x00, 0x00, 0x00, 0x00,
    0x00, 0x54, 0x47, 0xa0, 0x00, 0x00, 0x08, 0xf0, 0x00, 0x00, 0x0f, 0x9b, 0x00, 0x01, 0x5d, 0x6c,
    0x64, 0x40, 0x00, 0x01, 0x00, 0x00, 0x00, 0x00, 0x00, 0x54, 0x47, 0xa0, 0x00, 0x00, 0x08, 0xf0,
    0x00, 0x00, 0x0f, 0x9b, 0x00, 0x01, 0x5d, 0x6c, 0x64, 0x40, 0x00, 0x01, 0x00, 0x00, 0x00, 0x00,
    0x00, 0x54, 0x47, 0xa0, 0x00, 0x00, 0x08, 0xf0, 0x00, 0x00, 0x0f, 0x9b, 0x00, 0x01, 0x5d, 0x6c,
    0x64, 0x40, 0x00, 0x01, 0x00, 0x00, 0x00, 0x00, 0x00, 0x54, 0x47, 0xa0, 0x00, 0x00, 0x08, 0xf0,
    0x00, 0x00, 0x0f, 0x9b, 0x00, 0x01, 0x5d, 0x6c, 0x64, 0x40, 0x00, 0x01, 0x00, 0x00, 0x00, 0x00,
    0x00, 0x54, 0x47, 0xa0, 0x00, 0x00, 0x08, 0xf0, 0x00, 0x00, 0x0f, 0x9b, 0x00, 0x01, 0x5d, 0x6c,
    0x64, 0x40, 0x00, 0x01, 0x00, 0x00, 0x00, 0x00, 0x00, 0x54, 0x47, 0xa0, 0x00, 0x00, 0x08, 0xf0,
    0x00, 0x00, 0x0f, 0x9b, 0x00, 0x01, 0x5d, 0x6c, 0x64, 0x40, 0x00, 0x01, 0x00, 0x00, 0x00, 0x00,
    0x00, 0x54, 0x47, 0xa0, 0x00, 0x00, 0x08, 0xf0, 0x00, 0x00, 0x0f, 0x9b, 0x00, 0x01, 0x5d, 0x6c,
    0x64, 0x40, 0x00, 0x01, 0x00, 0x00, 0x00, 0x00, 0x00, 0x54, 0x47, 0xa0, 0x00, 0x00, 0x08, 0xf0,
    0x00, 0x00, 0x0f, 0x9b, 0x00, 0x01, 0x5d, 0x6c, 0x64, 0x40, 0x00, 0x01, 0x00, 0x00, 0x00, 0x00,
    0x00, 0x56, 0xfe, 0x60, 0x00, 0x00, 0x13, 0x98, 0x00, 0x00, 0x22, 0x40, 0x00, 0x01, 0x75, 0x0c,
    0x00, 0x40, 0x00, 0x01, 0x00, 0x00, 0x00, 0x00, 0x00, 0x58, 0x62, 0x20, 0x00, 0x00, 0x12, 0x88,
    0x00, 0x00, 0x20, 0x6b, 0x00, 0x01, 0x77, 0xb4, 0x64, 0x40, 0x00, 0x01, 0x00, 0x00, 0x00, 0x00,
    0x00, 0x57, 0x12, 0x00, 0x00, 0x00, 0x1a, 0xf8, 0x00, 0x00, 0x2f, 0x27, 0x00, 0x01, 0x75, 0x34,
    0x50, 0x40, 0x00, 0x01, 0x00, 0x00, 0x00, 0x00, 0x00, 0x57, 0x2d, 0x00, 0x00, 0x00, 0x0d, 0x08,
    0x00, 0x00, 0x16, 0xce, 0x00, 0x01, 0x75, 0x5c, 0x64, 0x40, 0x00, 0x01, 0x00, 0x00, 0x00, 0x00,
    0x00, 0x57, 0x3a, 0x20, 0x00, 0x00, 0x2b, 0x98, 0x00, 0x00, 0x4c, 0x44, 0x00, 0x01, 0x75, 0x84,
    0x50, 0x40, 0x00, 0x01, 0x00, 0x00, 0x00, 0x00, 0x00, 0x58, 0x62, 0x20, 0x00, 0x00, 0x12, 0x88,
    0x00, 0x00, 0x20, 0x6b, 0x00, 0x01, 0x77, 0xb4, 0x64, 0x40, 0x00, 0x01, 0x00, 0x00, 0x00, 0x00,
    0x00, 0x57, 0x12, 0x00, 0x00, 0x00, 0x1a, 0xf8, 0x00, 0x00, 0x2f, 0x27, 0x00, 0x01, 0x75, 0x34,
    0x50, 0x40, 0x00, 0x01, 0x00, 0x00, 0x00, 0x00, 0x00, 0x57, 0x2d, 0x00, 0x00, 0x00, 0x0d, 0x08,
    0x00, 0x00, 0x16, 0xce, 0x00, 0x01, 0x75, 0x5c, 0x50, 0x40, 0x00, 0x01, 0x00, 0x00, 0x00, 0x00,
    0x00, 0x57, 0x3a, 0x20, 0x00, 0x00, 0x2b, 0x98, 0x00, 0x00, 0x4c, 0x44, 0x00, 0x01, 0x75, 0x84,
    0x56, 0x40, 0x00, 0x01, 0x00, 0x00, 0x00, 0x00, 0x00, 0x57, 0x65, 0xc0, 0x00, 0x00, 0x2c, 0x10,
    0x00, 0x00, 0x4d, 0x19, 0x00, 0x01, 0x75, 0xac, 0x6e, 0x40, 0x00, 0x01, 0x00, 0x00, 0x00, 0x00,
    0x00, 0x57, 0x91, 0xe0, 0x00, 0x00, 0x0e, 0x50, 0x00, 0x00, 0x19, 0x07, 0x00, 0x01, 0x75, 0xd4,
    0x64, 0x40, 0x00, 0x01, 0x00, 0x00, 0x00, 0x00, 0x00, 0x57, 0xa0, 0x40, 0x00, 0x00, 0x02, 0xe8,
    0x00, 0x00, 0x05, 0x14, 0x00, 0x01, 0x75, 0xfc, 0x46, 0x40, 0x00, 0x01, 0x00, 0x00, 0x00, 0x00,
    0x00, 0x57, 0xa3, 0x40, 0x00, 0x00, 0x02, 0x30, 0x00, 0x00, 0x03, 0xd2, 0x00, 0x01, 0x76, 0x24,
    0x5a, 0x40, 0x00, 0x01, 0x00, 0x00, 0x00, 0x00, 0x00, 0x58, 0x62, 0x20, 0x00, 0x00, 0x12, 0x88,
    0x00, 0x00, 0x20, 0x6b, 0x00, 0x01, 0x77, 0xb4, 0x58, 0x40, 0x00, 0x01, 0x00, 0x00, 0x00, 0x00,
    0x00, 0x57, 0x12, 0x00, 0x00, 0x00, 0x1a, 0xf8, 0x00, 0x00, 0x2f, 0x27, 0x00, 0x01, 0x75, 0x34,
    0x58, 0x40, 0x00, 0x01, 0x00, 0x00, 0x00, 0x00, 0x00, 0x57, 0x2d, 0x00, 0x00, 0x00, 0x0d, 0x08,
    0x00, 0x00, 0x16, 0xce, 0x00, 0x01, 0x75, 0x5c, 0x58, 0x40, 0x00, 0x01, 0x00, 0x00, 0x00, 0x00,
    0x00, 0x57, 0x3a, 0x20, 0x00, 0x00, 0x2b, 0x98, 0x00, 0x00, 0x4c, 0x44, 0x00, 0x01, 0x75, 0x84,
    0x5a, 0x40, 0x00, 0x01, 0x00, 0x00, 0x00, 0x00, 0x00, 0x57, 0xa5, 0x80, 0x00, 0x00, 0x08, 0xf0,
    0x00, 0x00, 0x0f, 0x9b, 0x00, 0x01, 0x76, 0x4c, 0x50, 0x40, 0x00, 0x01, 0x00, 0x00, 0x00, 0x00,
    0x00, 0x57, 0xae, 0x80, 0x00, 0x00, 0x08, 0xf0, 0x00, 0x00, 0x0f, 0x9b, 0x00, 0x01, 0x76, 0x74,
    0x50, 0x40, 0x00, 0x01, 0x00, 0x00, 0x00, 0x00, 0x00, 0x57, 0x2d, 0x00, 0x00, 0x00, 0x0d, 0x08,
    0x00, 0x00, 0x16, 0xce, 0x00, 0x01, 0x75, 0x5c, 0x50, 0x40, 0x00, 0x01, 0x00, 0x00, 0x00, 0x00,
    0x00, 0x57, 0xb7, 0x80, 0x00, 0x00, 0x08, 0xf0, 0x00, 0x00, 0x0f, 0x9b, 0x00, 0x01, 0x76, 0x9c,
    0x50, 0x40, 0x00, 0x01, 0x00, 0x00, 0x00, 0x00, 0x00, 0x00, 0x00, 0x00, 0x00, 0x00, 0x00, 0x00,
    0x00, 0x00, 0x00, 0x00, 0x00, 0x00, 0x00, 0x00, 0x00, 0x40, 0x00, 0x00, 0x00, 0x00, 0x00, 0x00,
    0x00, 0x00, 0x00, 0x00, 0x00, 0x00, 0x00, 0x00, 0x00, 0x00, 0x00, 0x00, 0x00, 0x00, 0x00, 0x00,
    0x00, 0x40, 0x00, 0x00, 0x00, 0x00, 0x00, 0x00, 0x00, 0x00, 0x00, 0x00, 0x00, 0x00, 0x00, 0x00,
    0x00, 0x00, 0x00, 0x00, 0x00, 0x00, 0x00, 0x00, 0x00, 0x40, 0x00, 0x00, 0x00, 0x00, 0x00, 0x00,
    0x00, 0x00, 0x00, 0x00, 0x00, 0x00, 0x00, 0x00, 0x00, 0x00, 0x00, 0x00, 0x00, 0x00, 0x00, 0x00,
    0x00, 0x40, 0x00, 0x00, 0x00, 0x00, 0x00, 0x00, 0x00, 0x00, 0x00, 0x00, 0x00, 0x00, 0x00, 0x00,
    0x00, 0x00, 0x00, 0x00, 0x00, 0x00, 0x00, 0x00, 0x00, 0x40, 0x00, 0x00, 0x00, 0x00, 0x00, 0x00,
    0x00, 0x56, 0xa3, 0x20, 0x00, 0x00, 0x5b, 0x38, 0x00, 0x00, 0x9f, 0x9d, 0x00, 0x01, 0x74, 0xe4,
    0x60, 0x40, 0x00, 0x01, 0x00, 0x00, 0x00, 0x00, 0x00, 0x57, 0xc0, 0x80, 0x00, 0x00, 0x43, 0x70,
    0x00, 0x00, 0x75, 0xfd, 0x00, 0x01, 0x76, 0xc4, 0x64, 0x40, 0x00, 0x01, 0x00, 0x00, 0x00, 0x00,
    0x00, 0x58, 0x04, 0x00, 0x00, 0x00, 0x1a, 0x40, 0x00, 0x00, 0x2d, 0xed, 0x00, 0x01, 0x76, 0xec,
    0x50, 0x40, 0x00, 0x01, 0x00, 0x00, 0x00, 0x00, 0x00, 0x58, 0x1e, 0x40, 0x00, 0x00, 0x13, 0x98,
    0x00, 0x00, 0x22, 0x40, 0x00, 0x01, 0x77, 0x14, 0x64, 0x40, 0x00, 0x01, 0x00, 0x00, 0x00, 0x00,
    0x00, 0x58, 0x31, 0xe0, 0x00, 0x00, 0x13, 0x98, 0x00, 0x00, 0x22, 0x40, 0x00, 0x01, 0x77, 0x3c,
    0x64, 0x40, 0x00, 0x01, 0x00, 0x00, 0x00, 0x00, 0x00, 0x58, 0x45, 0x80, 0x00, 0x00, 0x13, 0x98,
    0x00, 0x00, 0x22, 0x40, 0x00, 0x01, 0x77, 0x64, 0x64, 0x40, 0x00, 0x01, 0x00, 0x00, 0x00, 0x00,
    0x00, 0x58, 0x74, 0xc0, 0x00, 0x00, 0x4b, 0x90, 0x00, 0x00, 0x84, 0x30, 0x00, 0x01, 0x77, 0xdc,
    0x6e, 0x40, 0x00, 0x01, 0x00, 0x00, 0x00, 0x00, 0x00, 0x58, 0xc0, 0x60, 0x00, 0x00, 0x5a, 0x60,
    0x00, 0x00, 0x9e, 0x1f, 0x00, 0x01, 0x78, 0x04, 0x62, 0x40, 0x00, 0x01, 0x00, 0x00, 0x00, 0x00,
    0x00, 0x59, 0x1a, 0xc0, 0x00, 0x00, 0x21, 0xe8, 0x00, 0x00, 0x3b, 0x4b, 0x00, 0x01, 0x78, 0x2c,
    0x67, 0x40, 0x00, 0x01, 0x00, 0x00, 0x00, 0x00, 0x00, 0x59, 0x3c, 0xc0, 0x00, 0x00, 0x2b, 0x68,
    0x00, 0x00, 0x4b, 0xf0, 0x00, 0x01, 0x78, 0x54, 0x70, 0x40, 0x00, 0x01, 0x00, 0x00, 0x00, 0x00,
    0x00, 0x59, 0x68, 0x40, 0x00, 0x00, 0x66, 0xd0, 0x00, 0x00, 0xb3, 0xe1, 0x00, 0x01, 0x78, 0x7c,
    0x67, 0x40, 0x00, 0x01, 0x00, 0x00, 0x00, 0x00, 0x00, 0x59, 0xcf, 0x20, 0x00, 0x00, 0x1c, 0xe0,
    0x00, 0x00, 0x32, 0x80, 0x00, 0x01, 0x78, 0xa4, 0x70, 0x40, 0x00, 0x01, 0x00, 0x00, 0x00, 0x00,
    0x00, 0x59, 0xcf, 0x20, 0x00, 0x00, 0x1c, 0xe0, 0x00, 0x00, 0x32, 0x80, 0x00, 0x01, 0x78, 0xa4,
    0x70, 0x40, 0x00, 0x01, 0x00, 0x00, 0x00, 0x00, 0x00, 0x59, 0xec, 0x00, 0x00, 0x00, 0x16, 0x18,
    0x00, 0x00, 0x26, 0xa0, 0x00, 0x01, 0x78, 0xcc, 0x70, 0x40, 0x00, 0x01, 0x00, 0x00, 0x00, 0x00,
    0x00, 0x59, 0xec, 0x00, 0x00, 0x00, 0x16, 0x18, 0x00, 0x00, 0x26, 0xa0, 0x00, 0x01, 0x78, 0xcc,
    0x70, 0x40, 0x00, 0x01, 0x00, 0x00, 0x00, 0x00, 0x00, 0x5a, 0x02, 0x20, 0x00, 0x00, 0x35, 0xe8,
    0x00, 0x00, 0x5e, 0x55, 0x00, 0x01, 0x78, 0xf4, 0x6f, 0x40, 0x00, 0x01, 0x00, 0x00, 0x00, 0x00,
    0x00, 0x5a, 0x38, 0x20, 0x00, 0x00, 0x0f, 0x28, 0x00, 0x00, 0x1a, 0x83, 0x00, 0x01, 0x79, 0x1c,
    0x6e, 0x40, 0x00, 0x01, 0x00, 0x00, 0x00, 0x00, 0x00, 0x5a, 0x47, 0x60, 0x00, 0x00, 0xa0, 0x90,
    0x00, 0x01, 0x18, 0xfa, 0x00, 0x01, 0x79, 0x44, 0x75, 0x40, 0x00, 0x01, 0x00, 0x00, 0x00, 0x00,
    0x00, 0x5a, 0xe8, 0x00, 0x00, 0x00, 0x16, 0x00, 0x00, 0x00, 0x26, 0x80, 0x00, 0x01, 0x79, 0x6c,
    0x6d, 0x40, 0x00, 0x01, 0x00, 0x00, 0x00, 0x00, 0x00, 0x5a, 0xfe, 0x00, 0x00, 0x00, 0x14, 0xf8,
    0x00, 0x00, 0x24, 0xaa, 0x00, 0x01, 0x79, 0x94, 0x6a, 0x40, 0x00, 0x01, 0x00, 0x00, 0x00, 0x00,
    0x00, 0x5b, 0x13, 0x00, 0x00, 0x00, 0x30, 0x38, 0x00, 0x00, 0x54, 0x5e, 0x00, 0x01, 0x79, 0xbc,
    0x64, 0x40, 0x00, 0x01, 0x00, 0x00, 0x00, 0x00, 0x00, 0x5b, 0x43, 0x40, 0x00, 0x00, 0x2a, 0xf8,
    0x00, 0x00, 0x4b, 0x2a, 0x00, 0x01, 0x79, 0xe4, 0x70, 0x40, 0x00, 0x01, 0x00, 0x00, 0x00, 0x00,
    0x00, 0x5b, 0x6e, 0x40, 0x00, 0x00, 0x1a, 0xb0, 0x00, 0x00, 0x2e, 0xaa, 0x00, 0x01, 0x7a, 0x0c,
    0x70, 0x40, 0x00, 0x01, 0x00, 0x00, 0x00, 0x00, 0x00, 0x5b, 0x89, 0x00, 0x00, 0x00, 0x39, 0xb8,
    0x00, 0x00, 0x65, 0x00, 0x00, 0x01, 0x7a, 0x34, 0x70, 0x40, 0x00, 0x01, 0x00, 0x00, 0x00, 0x00,
    0x00, 0x58, 0x59, 0x20, 0x00, 0x00, 0x08, 0xf0, 0x00, 0x00, 0x0f, 0x9b, 0x00, 0x01, 0x77, 0x8c,
    0x64, 0x40, 0x00, 0x01, 0x00, 0x00, 0x00, 0x00, 0x00, 0x58, 0x59, 0x20, 0x00, 0x00, 0x08, 0xf0,
    0x00, 0x00, 0x0f, 0x9b, 0x00, 0x01, 0x77, 0x8c, 0x64, 0x40, 0x00, 0x01, 0x00, 0x00, 0x00, 0x00,
    0x00, 0x58, 0x59, 0x20, 0x00, 0x00, 0x08, 0xf0, 0x00, 0x00, 0x0f, 0x9b, 0x00, 0x01, 0x77, 0x8c,
    0x64, 0x40, 0x00, 0x01, 0x00, 0x00, 0x00, 0x00, 0x00, 0x58, 0x59, 0x20, 0x00, 0x00, 0x08, 0xf0,
    0x00, 0x00, 0x0f, 0x9b, 0x00, 0x01, 0x77, 0x8c, 0x64, 0x40, 0x00, 0x01, 0x00, 0x00, 0x00, 0x00,
    0x00, 0x58, 0x59, 0x20, 0x00, 0x00, 0x08, 0xf0, 0x00, 0x00, 0x0f, 0x9b, 0x00, 0x01, 0x77, 0x8c,
    0x64, 0x40, 0x00, 0x01, 0x00, 0x00, 0x00, 0x00, 0x00, 0x58, 0x59, 0x20, 0x00, 0x00, 0x08, 0xf0,
    0x00, 0x00, 0x0f, 0x9b, 0x00, 0x01, 0x77, 0x8c, 0x64, 0x40, 0x00, 0x01, 0x00, 0x00, 0x00, 0x00,
    0x00, 0x58, 0x59, 0x20, 0x00, 0x00, 0x08, 0xf0, 0x00, 0x00, 0x0f, 0x9b, 0x00, 0x01, 0x77, 0x8c,
    0x64, 0x40, 0x00, 0x01, 0x00, 0x00, 0x00, 0x00, 0x00, 0x58, 0x59, 0x20, 0x00, 0x00, 0x08, 0xf0,
    0x00, 0x00, 0x0f, 0x9b, 0x00, 0x01, 0x77, 0x8c, 0x64, 0x40, 0x00, 0x01, 0x00, 0x00, 0x00, 0x00,
    0x00, 0x58, 0x59, 0x20, 0x00, 0x00, 0x08, 0xf0, 0x00, 0x00, 0x0f, 0x9b, 0x00, 0x01, 0x77, 0x8c,
    0x64, 0x40, 0x00, 0x01, 0x00, 0x00, 0x00, 0x00, 0x00, 0x58, 0x59, 0x20, 0x00, 0x00, 0x08, 0xf0,
    0x00, 0x00, 0x0f, 0x9b, 0x00, 0x01, 0x77, 0x8c, 0x64, 0x40, 0x00, 0x01, 0x00, 0x00, 0x00, 0x00,
    0x00, 0x58, 0x59, 0x20, 0x00, 0x00, 0x08, 0xf0, 0x00, 0x00, 0x0f, 0x9b, 0x00, 0x01, 0x77, 0x8c,
    0x64, 0x40, 0x00, 0x01, 0x00, 0x00, 0x00, 0x00, 0x00, 0x58, 0x59, 0x20, 0x00, 0x00, 0x08, 0xf0,
    0x00, 0x00, 0x0f, 0x9b, 0x00, 0x01, 0x77, 0x8c, 0x64, 0x40, 0x00, 0x01, 0x00, 0x00, 0x00, 0x00,
    0x00, 0x58, 0x59, 0x20, 0x00, 0x00, 0x08, 0xf0, 0x00, 0x00, 0x0f, 0x9b, 0x00, 0x01, 0x77, 0x8c,
    0x64, 0x40, 0x00, 0x01, 0x00, 0x00, 0x00, 0x00, 0x00, 0x58, 0x59, 0x20, 0x00, 0x00, 0x08, 0xf0,
    0x00, 0x00, 0x0f, 0x9b, 0x00, 0x01, 0x77, 0x8c, 0x64, 0x40, 0x00, 0x01, 0x00, 0x00, 0x00, 0x00,
    0x00, 0x5c, 0x1e, 0x00, 0x00, 0x00, 0x13, 0x98, 0x00, 0x00, 0x22, 0x40, 0x00, 0x01, 0x8f, 0x2c,
    0x00, 0x40, 0x00, 0x01, 0x00, 0x00, 0x00, 0x00, 0x00, 0x5d, 0x78, 0xc0, 0x00, 0x00, 0x0d, 0xc0,
    0x00, 0x00, 0x18, 0x07, 0x00, 0x01, 0x91, 0xac, 0x64, 0x40, 0x00, 0x01, 0x00, 0x00, 0x00, 0x00,
    0x00, 0x5c, 0x31, 0xa0, 0x00, 0x00, 0x1a, 0xf8, 0x00, 0x00, 0x2f, 0x27, 0x00, 0x01, 0x8f, 0x54,
    0x64, 0x40, 0x00, 0x01, 0x00, 0x00, 0x00, 0x00, 0x00, 0x5c, 0x4c, 0xa0, 0x00, 0x00, 0x0d, 0x08,
    0x00, 0x00, 0x16, 0xce, 0x00, 0x01, 0x8f, 0x7c, 0x50, 0x40, 0x00, 0x01, 0x00, 0x00, 0x00, 0x00,
    0x00, 0x5c, 0x59, 0xc0, 0x00, 0x00, 0x2b, 0x98, 0x00, 0x00, 0x4c, 0x44, 0x00, 0x01, 0x8f, 0xa4,
    0x50, 0x40, 0x00, 0x01, 0x00, 0x00, 0x00, 0x00, 0x00, 0x5d, 0x78, 0xc0, 0x00, 0x00, 0x0d, 0xc0,
    0x00, 0x00, 0x18, 0x07, 0x00, 0x01, 0x91, 0xac, 0x60, 0x40, 0x00, 0x01, 0x00, 0x00, 0x00, 0x00,
    0x00, 0x5c, 0x31, 0xa0, 0x00, 0x00, 0x1a, 0xf8, 0x00, 0x00, 0x2f, 0x27, 0x00, 0x01, 0x8f, 0x54,
    0x60, 0x40, 0x00, 0x01, 0x00, 0x00, 0x00, 0x00, 0x00, 0x5c, 0x4c, 0xa0, 0x00, 0x00, 0x0d, 0x08,
    0x00, 0x00, 0x16, 0xce, 0x00, 0x01, 0x8f, 0x7c, 0x50, 0x40, 0x00, 0x01, 0x00, 0x00, 0x00, 0x00,
    0x00, 0x5c, 0x59, 0xc0, 0x00, 0x00, 0x2b, 0x98, 0x00, 0x00, 0x4c, 0x44, 0x00, 0x01, 0x8f, 0xa4,
    0x50, 0x40, 0x00, 0x01, 0x00, 0x00, 0x00, 0x00, 0x00, 0x5c, 0x85, 0x60, 0x00, 0x00, 0x2c, 0x10,
    0x00, 0x00, 0x4d, 0x19, 0x00, 0x01, 0x8f, 0xcc, 0x6e, 0x40, 0x00, 0x01, 0x00, 0x00, 0x00, 0x00,
    0x00, 0x5c, 0xb1, 0x80, 0x00, 0x00, 0x0e, 0x50, 0x00, 0x00, 0x19, 0x07, 0x00, 0x01, 0x8f, 0xf4,
    0x64, 0x40, 0x00, 0x01, 0x00, 0x00, 0x00, 0x00, 0x00, 0x5c, 0xbf, 0xe0, 0x00, 0x00, 0x02, 0xe8,
    0x00, 0x00, 0x05, 0x14, 0x00, 0x01, 0x90, 0x1c, 0x46, 0x40, 0x00, 0x01, 0x00, 0x00, 0x00, 0x00,
    0x00, 0x5c, 0xc2, 0xe0, 0x00, 0x00, 0x02, 0x30, 0x00, 0x00, 0x03, 0xd2, 0x00, 0x01, 0x90, 0x44,
    0x5a, 0x40, 0x00, 0x01, 0x00, 0x00, 0x00, 0x00, 0x00, 0x5d, 0x78, 0xc0, 0x00, 0x00, 0x0d, 0xc0,
    0x00, 0x00, 0x18, 0x07, 0x00, 0x01, 0x91, 0xac, 0x60, 0x40, 0x00, 0x01, 0x00, 0x00, 0x00, 0x00,
    0x00, 0x5c, 0x31, 0xa0, 0x00, 0x00, 0x1a, 0xf8, 0x00, 0x00, 0x2f, 0x27, 0x00, 0x01, 0x8f, 0x54,
    0x60, 0x40, 0x00, 0x01, 0x00, 0x00, 0x00, 0x00, 0x00, 0x5c, 0x4c, 0xa0, 0x00, 0x00, 0x0d, 0x08,
    0x00, 0x00, 0x16, 0xce, 0x00, 0x01, 0x8f, 0x7c, 0x60, 0x40, 0x00, 0x01, 0x00, 0x00, 0x00, 0x00,
    0x00, 0x5c, 0x59, 0xc0, 0x00, 0x00, 0x2b, 0x98, 0x00, 0x00, 0x4c, 0x44, 0x00, 0x01, 0x8f, 0xa4,
    0x60, 0x40, 0x00, 0x01, 0x00, 0x00, 0x00, 0x00, 0x00, 0x5c, 0xc5, 0x20, 0x00, 0x00, 0x08, 0xf0,
    0x00, 0x00, 0x0f, 0x9b, 0x00, 0x01, 0x90, 0x6c, 0x50, 0x40, 0x00, 0x01, 0x00, 0x00, 0x00, 0x00,
    0x00, 0x5c, 0xce, 0x20, 0x00, 0x00, 0x08, 0xf0, 0x00, 0x00, 0x0f, 0x9b, 0x00, 0x01, 0x90, 0x94,
    0x50, 0x40, 0x00, 0x01, 0x00, 0x00, 0x00, 0x00, 0x00, 0x5c, 0x4c, 0xa0, 0x00, 0x00, 0x0d, 0x08,
    0x00, 0x00, 0x16, 0xce, 0x00, 0x01, 0x8f, 0x7c, 0x50, 0x40, 0x00, 0x01, 0x00, 0x00, 0x00, 0x00,
    0x00, 0x5c, 0xd7, 0x20, 0x00, 0x00, 0x08, 0xf0, 0x00, 0x00, 0x0f, 0x9b, 0x00, 0x01, 0x90, 0xbc,
    0x50, 0x40, 0x00, 0x01, 0x00, 0x00, 0x00, 0x00, 0x00, 0x00, 0x00, 0x00, 0x00, 0x00, 0x00, 0x00,
    0x00, 0x00, 0x00, 0x00, 0x00, 0x00, 0x00, 0x00, 0x00, 0x40, 0x00, 0x00, 0x00, 0x00, 0x00, 0x00,
    0x00, 0x00, 0x00, 0x00, 0x00, 0x00, 0x00, 0x00, 0x00, 0x00, 0x00, 0x00, 0x00, 0x00, 0x00, 0x00,
    0x00, 0x40, 0x00, 0x00, 0x00, 0x00, 0x00, 0x00, 0x00, 0x00, 0x00, 0x00, 0x00, 0x00, 0x00, 0x00,
    0x00, 0x00, 0x00, 0x00, 0x00, 0x00, 0x00, 0x00, 0x00, 0x40, 0x00, 0x00, 0x00, 0x00, 0x00, 0x00,
    0x00, 0x00, 0x00, 0x00, 0x00, 0x00, 0x00, 0x00, 0x00, 0x00, 0x00, 0x00, 0x00, 0x00, 0x00, 0x00,
    0x00, 0x40, 0x00, 0x00, 0x00, 0x00, 0x00, 0x00, 0x00, 0x00, 0x00, 0x00, 0x00, 0x00, 0x00, 0x00,
    0x00, 0x00, 0x00, 0x00, 0x00, 0x00, 0x00, 0x00, 0x00, 0x40, 0x00, 0x00, 0x00, 0x00, 0x00, 0x00,
    0x00, 0x5b, 0xc2, 0xc0, 0x00, 0x00, 0x5b, 0x38, 0x00, 0x00, 0x9f, 0x9d, 0x00, 0x01, 0x8f, 0x04,
    0x60, 0x40, 0x00, 0x01, 0x00, 0x00, 0x00, 0x00, 0x00, 0x5c, 0xe0, 0x20, 0x00, 0x00, 0x43, 0x70,
    0x00, 0x00, 0x75, 0xfd, 0x00, 0x01, 0x90, 0xe4, 0x64, 0x40, 0x00, 0x01, 0x00, 0x00, 0x00, 0x00,
    0x00, 0x5d, 0x23, 0xa0, 0x00, 0x00, 0x1a, 0x40, 0x00, 0x00, 0x2d, 0xed, 0x00, 0x01, 0x91, 0x0c,
    0x50, 0x40, 0x00, 0x01, 0x00, 0x00, 0x00, 0x00, 0x00, 0x5d, 0x3d, 0xe0, 0x00, 0x00, 0x13, 0x98,
    0x00, 0x00, 0x22, 0x40, 0x00, 0x01, 0x91, 0x34, 0x64, 0x40, 0x00, 0x01, 0x00, 0x00, 0x00, 0x00,
    0x00, 0x5d, 0x51, 0x80, 0x00, 0x00, 0x13, 0x98, 0x00, 0x00, 0x22, 0x40, 0x00, 0x01, 0x91, 0x5c,
    0x64, 0x40, 0x00, 0x01, 0x00, 0x00, 0x00, 0x00, 0x00, 0x5d, 0x65, 0x20, 0x00, 0x00, 0x13, 0x98,
    0x00, 0x00, 0x22, 0x40, 0x00, 0x01, 0x91, 0x84, 0x64, 0x40, 0x00, 0x01, 0x00, 0x00, 0x00, 0x00,
    0x00, 0x5d, 0x86, 0x80, 0x00, 0x00, 0x55, 0xe8, 0x00, 0x00, 0x96, 0x52, 0x00, 0x01, 0x91, 0xd4,
    0x64, 0x40, 0x00, 0x01, 0x00, 0x00, 0x00, 0x00, 0x00, 0x5d, 0xdc, 0x80, 0x00, 0x00, 0x1a, 0x68,
    0x00, 0x00, 0x2e, 0x31, 0x00, 0x01, 0x91, 0xfc, 0x5d, 0x40, 0x00, 0x01, 0x00, 0x00, 0x00, 0x00,
    0x00, 0x5d, 0xf7, 0x00, 0x00, 0x00, 0x2a, 0xb8, 0x00, 0x00, 0x4a, 0xb6, 0x00, 0x01, 0x92, 0x24,
    0x64, 0x40, 0x00, 0x01, 0x00, 0x00, 0x00, 0x00, 0x00, 0x5e, 0x21, 0xc0, 0x00, 0x00, 0x2b, 0x48,
    0x00, 0x00, 0x4b, 0xb7, 0x00, 0x01, 0x92, 0x4c, 0x64, 0x40, 0x00, 0x01, 0x00, 0x00, 0x00, 0x00,
    0x00, 0x5e, 0x4d, 0x20, 0x00, 0x00, 0x3f, 0x60, 0x00, 0x00, 0x6e, 0xdc, 0x00, 0x01, 0x92, 0x74,
    0x64, 0x40, 0x00, 0x01, 0x00, 0x00, 0x00, 0x00, 0x00, 0x5e, 0x8c, 0x80, 0x00, 0x00, 0x11, 0xe8,
    0x00, 0x00, 0x1f, 0x50, 0x00, 0x01, 0x92, 0x9c, 0x5c, 0x40, 0x00, 0x01, 0x00, 0x00, 0x00, 0x00,
    0x00, 0x5e, 0x8c, 0x80, 0x00, 0x00, 0x11, 0xe8, 0x00, 0x00, 0x1f, 0x50, 0x00, 0x01, 0x92, 0x9c,
    0x64, 0x40, 0x00, 0x01, 0x00, 0x00, 0x00, 0x00, 0x00, 0x5e, 0x9e, 0x80, 0x00, 0x00, 0x16, 0x18,
    0x00, 0x00, 0x26, 0x9f, 0x00, 0x01, 0x92, 0xc4, 0x64, 0x40, 0x00, 0x01, 0x00, 0x00, 0x00, 0x00,
    0x00, 0x5e, 0x9e, 0x80, 0x00, 0x00, 0x16, 0x18, 0x00, 0x00, 0x26, 0x9f, 0x00, 0x01, 0x92, 0xc4,
    0x64, 0x40, 0x00, 0x01, 0x00, 0x00, 0x00, 0x00, 0x00, 0x5e, 0xb4, 0xa0, 0x00, 0x00, 0x30, 0x30,
    0x00, 0x00, 0x54, 0x51, 0x00, 0x01, 0x92, 0xec, 0x64, 0x40, 0x00, 0x01, 0x00, 0x00, 0x00, 0x00,
    0x00, 0x5e, 0xe4, 0xe0, 0x00, 0x00, 0x16, 0x18, 0x00, 0x00, 0x26, 0x9f, 0x00, 0x01, 0x93, 0x14,
    0x64, 0x40, 0x00, 0x01, 0x00, 0x00, 0x00, 0x00, 0x00, 0x5e, 0xfb, 0x00, 0x00, 0x00, 0x55, 0xe0,
    0x00, 0x00, 0x96, 0x44, 0x00, 0x01, 0x93, 0x3c, 0x6a, 0x40, 0x00, 0x01, 0x00, 0x00, 0x00, 0x00,
    0x00, 0x5f, 0x50, 0xe0, 0x00, 0x00, 0x2b, 0x48, 0x00, 0x00, 0x4b, 0xb7, 0x00, 0x01, 0x93, 0x64,
    0x64, 0x40, 0x00, 0x01, 0x00, 0x00, 0x00, 0x00, 0x00, 0x5f, 0x7c, 0x40, 0x00, 0x00, 0x2a, 0xe8,
    0x00, 0x00, 0x4b, 0x15, 0x00, 0x01, 0x93, 0x8c, 0x64, 0x40, 0x00, 0x01, 0x00, 0x00, 0x00, 0x00,
    0x00, 0x5f, 0xa7, 0x40, 0x00, 0x00, 0x15, 0xc8, 0x00, 0x00, 0x26, 0x14, 0x00, 0x01, 0x93, 0xb4,
    0x5a, 0x40, 0x00, 0x01, 0x00, 0x00, 0x00, 0x00, 0x00, 0x5f, 0xbd, 0x20, 0x00, 0x00, 0x28, 0x00,
    0x00, 0x00, 0x45, 0xfe, 0x00, 0x01, 0x93, 0xdc, 0x64, 0x40, 0x00, 0x01, 0x00, 0x00, 0x00, 0x00,
    0x00, 0x5f, 0xe5, 0x20, 0x00, 0x00, 0x16, 0xf0, 0x00, 0x00, 0x28, 0x19, 0x00, 0x01, 0x94, 0x04,
    0x64, 0x40, 0x00, 0x01, 0x00, 0x00, 0x00, 0x00, 0x00, 0x5f, 0xfc, 0x20, 0x00, 0x00, 0x47, 0xb8,
    0x00, 0x00, 0x7d, 0x7b, 0x00, 0x01, 0x94, 0x2c, 0x64, 0x40, 0x00, 0x01, 0x00, 0x00, 0x00, 0x00,
    0x00, 0x60, 0x43, 0xe0, 0x00, 0x00, 0x08, 0xf0, 0x00, 0x00, 0x0f, 0x9b, 0x00, 0x01, 0x94, 0x54,
    0x64, 0x40, 0x00, 0x01, 0x00, 0x00, 0x00, 0x00, 0x00, 0x60, 0x43, 0xe0, 0x00, 0x00, 0x08, 0xf0,
    0x00, 0x00, 0x0f, 0x9b, 0x00, 0x01, 0x94, 0x54, 0x64, 0x40, 0x00, 0x01, 0x00, 0x00, 0x00, 0x00,
    0x00, 0x60, 0x43, 0xe0, 0x00, 0x00, 0x08, 0xf0, 0x00, 0x00, 0x0f, 0x9b, 0x00, 0x01, 0x94, 0x54,
    0x64, 0x40, 0x00, 0x01, 0x00, 0x00, 0x00, 0x00, 0x00, 0x60, 0x43, 0xe0, 0x00, 0x00, 0x08, 0xf0,
    0x00, 0x00, 0x0f, 0x9b, 0x00, 0x01, 0x94, 0x54, 0x64, 0x40, 0x00, 0x01, 0x00, 0x00, 0x00, 0x00,
    0x00, 0x60, 0x43, 0xe0, 0x00, 0x00, 0x08, 0xf0, 0x00, 0x00, 0x0f, 0x9b, 0x00, 0x01, 0x94, 0x54,
    0x64, 0x40, 0x00, 0x01, 0x00, 0x00, 0x00, 0x00, 0x00, 0x60, 0x43, 0xe0, 0x00, 0x00, 0x08, 0xf0,
    0x00, 0x00, 0x0f, 0x9b, 0x00, 0x01, 0x94, 0x54, 0x64, 0x40, 0x00, 0x01, 0x00, 0x00, 0x00, 0x00,
    0x00, 0x60, 0x43, 0xe0, 0x00, 0x00, 0x08, 0xf0, 0x00, 0x00, 0x0f, 0x9b, 0x00, 0x01, 0x94, 0x54,
    0x64, 0x40, 0x00, 0x01, 0x00, 0x00, 0x00, 0x00, 0x00, 0x60, 0x43, 0xe0, 0x00, 0x00, 0x08, 0xf0,
    0x00, 0x00, 0x0f, 0x9b, 0x00, 0x01, 0x94, 0x54, 0x64, 0x40, 0x00, 0x01, 0x00, 0x00, 0x00, 0x00,
    0x00, 0x60, 0x43, 0xe0, 0x00, 0x00, 0x08, 0xf0, 0x00, 0x00, 0x0f, 0x9b, 0x00, 0x01, 0x94, 0x54,
    0x64, 0x40, 0x00, 0x01, 0x00, 0x00, 0x00, 0x00, 0x00, 0x60, 0x43, 0xe0, 0x00, 0x00, 0x08, 0xf0,
    0x00, 0x00, 0x0f, 0x9b, 0x00, 0x01, 0x94, 0x54, 0x64, 0x40, 0x00, 0x01, 0x00, 0x00, 0x00, 0x00,
    0x00, 0x60, 0x43, 0xe0, 0x00, 0x00, 0x08, 0xf0, 0x00, 0x00, 0x0f, 0x9b, 0x00, 0x01, 0x94, 0x54,
    0x64, 0x40, 0x00, 0x01, 0x00, 0x00, 0x00, 0x00, 0x00, 0x60, 0x43, 0xe0, 0x00, 0x00, 0x08, 0xf0,
    0x00, 0x00, 0x0f, 0x9b, 0x00, 0x01, 0x94, 0x54, 0x64, 0x40, 0x00, 0x01, 0x00, 0x00, 0x00, 0x00,
    0x00, 0x60, 0x43, 0xe0, 0x00, 0x00, 0x08, 0xf0, 0x00, 0x00, 0x0f, 0x9b, 0x00, 0x01, 0x94, 0x54,
    0x64, 0x40, 0x00, 0x01, 0x00, 0x00, 0x00, 0x00, 0x00, 0x60, 0x43, 0xe0, 0x00, 0x00, 0x08, 0xf0,
    0x00, 0x00, 0x0f, 0x9b, 0x00, 0x01, 0x94, 0x54, 0x64, 0x40, 0x00, 0x01, 0x00, 0x00, 0x00, 0x00,
    0x00, 0x60, 0xa8, 0x20, 0x00, 0x00, 0x13, 0x98, 0x00, 0x00, 0x22, 0x40, 0x00, 0x01, 0xa9, 0x4c,
    0x00, 0x40, 0x00, 0x01, 0x00, 0x00, 0x00, 0x00, 0x00, 0x65, 0x54, 0x20, 0x00, 0x00, 0x02, 0xf0,
    0x00, 0x00, 0x05, 0x1f, 0x00, 0x01, 0xae, 0x74, 0x50, 0x40, 0x00, 0x01, 0x00, 0x00, 0x00, 0x00,
    0x00, 0x60, 0xbb, 0xc0, 0x00, 0x00, 0x1a, 0xf8, 0x00, 0x00, 0x2f, 0x27, 0x00, 0x01, 0xa9, 0x74,
    0x50, 0x40, 0x00, 0x01, 0x00, 0x00, 0x00, 0x00, 0x00, 0x60, 0xd6, 0xc0, 0x00, 0x00, 0x0d, 0x08,
    0x00, 0x00, 0x16, 0xce, 0x00, 0x01, 0xa9, 0x9c, 0x50, 0x40, 0x00, 0x01, 0x00, 0x00, 0x00, 0x00,
    0x00, 0x60, 0xe3, 0xe0, 0x00, 0x00, 0x2b, 0x98, 0x00, 0x00, 0x4c, 0x44, 0x00, 0x01, 0xa9, 0xc4,
    0x50, 0x40, 0x00, 0x01, 0x00, 0x00, 0x00, 0x00, 0x00, 0x65, 0x54, 0x20, 0x00, 0x00, 0x02, 0xf0,
    0x00, 0x00, 0x05, 0x1f, 0x00, 0x01, 0xae, 0x74, 0x58, 0x40, 0x00, 0x01, 0x00, 0x00, 0x00, 0x00,
    0x00, 0x60, 0xbb, 0xc0, 0x00, 0x00, 0x1a, 0xf8, 0x00, 0x00, 0x2f, 0x27, 0x00, 0x01, 0xa9, 0x74,
    0x60, 0x40, 0x00, 0x01, 0x00, 0x00, 0x00, 0x00, 0x00, 0x60, 0xd6, 0xc0, 0x00, 0x00, 0x0d, 0x08,
    0x00, 0x00, 0x16, 0xce, 0x00, 0x01, 0xa9, 0x9c, 0x50, 0x40, 0x00, 0x01, 0x00, 0x00, 0x00, 0x00,
    0x00, 0x60, 0xe3, 0xe0, 0x00, 0x00, 0x2b, 0x98, 0x00, 0x00, 0x4c, 0x44, 0x00, 0x01, 0xa9, 0xc4,
    0x60, 0x40, 0x00, 0x01, 0x00, 0x00, 0x00, 0x00, 0x00, 0x61, 0x0f, 0x80, 0x00, 0x00, 0x2c, 0x10,
    0x00, 0x00, 0x4d, 0x19, 0x00, 0x01, 0xa9, 0xec, 0x6e, 0x40, 0x00, 0x01, 0x00, 0x00, 0x00, 0x00,
    0x00, 0x61, 0x3b, 0xa0, 0x00, 0x00, 0x0e, 0x50, 0x00, 0x00, 0x19, 0x07, 0x00, 0x01, 0xaa, 0x14,
    0x64, 0x40, 0x00, 0x01, 0x00, 0x00, 0x00, 0x00, 0x00, 0x61, 0x4a, 0x00, 0x00, 0x00, 0x02, 0xe8,
    0x00, 0x00, 0x05, 0x14, 0x00, 0x01, 0xaa, 0x3c, 0x46, 0x40, 0x00, 0x01, 0x00, 0x00, 0x00, 0x00,
    0x00, 0x61, 0x4d, 0x00, 0x00, 0x00, 0x02, 0x30, 0x00, 0x00, 0x03, 0xd2, 0x00, 0x01, 0xaa, 0x64,
    0x5a, 0x40, 0x00, 0x01, 0x00, 0x00, 0x00, 0x00, 0x00, 0x65, 0x54, 0x20, 0x00, 0x00, 0x02, 0xf0,
    0x00, 0x00, 0x05, 0x1f, 0x00, 0x01, 0xae, 0x74, 0x60, 0x40, 0x00, 0x01, 0x00, 0x00, 0x00, 0x00,
    0x00, 0x60, 0xbb, 0xc0, 0x00, 0x00, 0x1a, 0xf8, 0x00, 0x00, 0x2f, 0x27, 0x00, 0x01, 0xa9, 0x74,
    0x50, 0x40, 0x00, 0x01, 0x00, 0x00, 0x00, 0x00, 0x00, 0x60, 0xd6, 0xc0, 0x00, 0x00, 0x0d, 0x08,
    0x00, 0x00, 0x16, 0xce, 0x00, 0x01, 0xa9, 0x9c, 0x50, 0x40, 0x00, 0x01, 0x00, 0x00, 0x00, 0x00,
    0x00, 0x60, 0xe3, 0xe0, 0x00, 0x00, 0x2b, 0x98, 0x00, 0x00, 0x4c, 0x44, 0x00, 0x01, 0xa9, 0xc4,
    0x50, 0x40, 0x00, 0x01, 0x00, 0x00, 0x00, 0x00, 0x00, 0x61, 0x4f, 0x40, 0x00, 0x00, 0x08, 0xf0,
    0x00, 0x00, 0x0f, 0x9b, 0x00, 0x01, 0xaa, 0x8c, 0x50, 0x40, 0x00, 0x01, 0x00, 0x00, 0x00, 0x00,
    0x00, 0x61, 0x58, 0x40, 0x00, 0x00, 0x08, 0xf0, 0x00, 0x00, 0x0f, 0x9b, 0x00, 0x01, 0xaa, 0xb4,
    0x50, 0x40, 0x00, 0x01, 0x00, 0x00, 0x00, 0x00, 0x00, 0x60, 0xd6, 0xc0, 0x00, 0x00, 0x0d, 0x08,
    0x00, 0x00, 0x16, 0xce, 0x00, 0x01, 0xa9, 0x9c, 0x50, 0x40, 0x00, 0x01, 0x00, 0x00, 0x00, 0x00,
    0x00, 0x61, 0x61, 0x40, 0x00, 0x00, 0x08, 0xf0, 0x00, 0x00, 0x0f, 0x9b, 0x00, 0x01, 0xaa, 0xdc,
    0x50, 0x40, 0x00, 0x01, 0x00, 0x00, 0x00, 0x00, 0x00, 0x00, 0x00, 0x00, 0x00, 0x00, 0x00, 0x00,
    0x00, 0x00, 0x00, 0x00, 0x00, 0x00, 0x00, 0x00, 0x00, 0x40, 0x00, 0x00, 0x00, 0x00, 0x00, 0x00,
    0x00, 0x00, 0x00, 0x00, 0x00, 0x00, 0x00, 0x00, 0x00, 0x00, 0x00, 0x00, 0x00, 0x00, 0x00, 0x00,
    0x00, 0x40, 0x00, 0x00, 0x00, 0x00, 0x00, 0x00, 0x00, 0x00, 0x00, 0x00, 0x00, 0x00, 0x00, 0x00,
    0x00, 0x00, 0x00, 0x00, 0x00, 0x00, 0x00, 0x00, 0x00, 0x40, 0x00, 0x00, 0x00, 0x00, 0x00, 0x00,
    0x00, 0x00, 0x00, 0x00, 0x00, 0x00, 0x00, 0x00, 0x00, 0x00, 0x00, 0x00, 0x00, 0x00, 0x00, 0x00,
    0x00, 0x40, 0x00, 0x00, 0x00, 0x00, 0x00, 0x00, 0x00, 0x00, 0x00, 0x00, 0x00, 0x00, 0x00, 0x00,
    0x00, 0x00, 0x00, 0x00, 0x00, 0x00, 0x00, 0x00, 0x00, 0x40, 0x00, 0x00, 0x00, 0x00, 0x00, 0x00,
    0x00, 0x60, 0x4c, 0xe0, 0x00, 0x00, 0x5b, 0x38, 0x00, 0x00, 0x9f, 0x9d, 0x00, 0x01, 0xa9, 0x24,
    0x60, 0x40, 0x00, 0x01, 0x00, 0x00, 0x00, 0x00, 0x00, 0x61, 0x6a, 0x40, 0x00, 0x00, 0x43, 0x70,
    0x00, 0x00, 0x75, 0xfd, 0x00, 0x01, 0xab, 0x04, 0x64, 0x40, 0x00, 0x01, 0x00, 0x00, 0x00, 0x00,
    0x00, 0x61, 0xad, 0xc0, 0x00, 0x00, 0x1a, 0x40, 0x00, 0x00, 0x2d, 0xed, 0x00, 0x01, 0xab, 0x2c,
    0x50, 0x40, 0x00, 0x01, 0x00, 0x00, 0x00, 0x00, 0x00, 0x61, 0xc8, 0x00, 0x00, 0x00, 0x13, 0x98,
    0x00, 0x00, 0x22, 0x40, 0x00, 0x01, 0xab, 0x54, 0x64, 0x40, 0x00, 0x01, 0x00, 0x00, 0x00, 0x00,
    0x00, 0x61, 0xdb, 0xa0, 0x00, 0x00, 0x13, 0x98, 0x00, 0x00, 0x22, 0x40, 0x00, 0x01, 0xab, 0x7c,
    0x64, 0x40, 0x00, 0x01, 0x00, 0x00, 0x00, 0x00, 0x00, 0x61, 0xef, 0x40, 0x00, 0x00, 0x13, 0x98,
    0x00, 0x00, 0x22, 0x40, 0x00, 0x01, 0xab, 0xa4, 0x64, 0x40, 0x00, 0x01, 0x00, 0x00, 0x00, 0x00,
    0x00, 0x62, 0x02, 0xe0, 0x00, 0x00, 0x49, 0x78, 0x00, 0x00, 0x80, 0x85, 0x00, 0x01, 0xab, 0xcc,
    0x64, 0x40, 0x00, 0x01, 0x00, 0x00, 0x00, 0x00, 0x00, 0x62, 0x4c, 0x60, 0x00, 0x00, 0x43, 0x40,
    0x00, 0x00, 0x75, 0xa4, 0x00, 0x01, 0xab, 0xf4, 0x64, 0x40, 0x00, 0x01, 0x00, 0x00, 0x00, 0x00,
    0x00, 0x62, 0x8f, 0xa0, 0x00, 0x00, 0x1e, 0xb8, 0x00, 0x00, 0x35, 0xc0, 0x00, 0x01, 0xac, 0x1c,
    0x5a, 0x40, 0x00, 0x01, 0x00, 0x00, 0x00, 0x00, 0x00, 0x62, 0xae, 0x60, 0x00, 0x00, 0x42, 0x70,
    0x00, 0x00, 0x74, 0x40, 0x00, 0x01, 0xac, 0x44, 0x64, 0x40, 0x00, 0x01, 0x00, 0x00, 0x00, 0x00,
    0x00, 0x62, 0xf0, 0xe0, 0x00, 0x00, 0x54, 0x10, 0x00, 0x00, 0x93, 0x17, 0x00, 0x01, 0xac, 0x6c,
    0x64, 0x40, 0x00, 0x01, 0x00, 0x00, 0x00, 0x00, 0x00, 0x63, 0x45, 0x00, 0x00, 0x00, 0x19, 0xa0,
    0x00, 0x00, 0x2c, 0xd5, 0x00, 0x01, 0xac, 0x94, 0x64, 0x40, 0x00, 0x01, 0x00, 0x00, 0x00, 0x00,
    0x00, 0x63, 0x45, 0x00, 0x00, 0x00, 0x19, 0xa0, 0x00, 0x00, 0x2c, 0xd5, 0x00, 0x01, 0xac, 0x94,
    0x64, 0x40, 0x00, 0x01, 0x00, 0x00, 0x00, 0x00, 0x00, 0x63, 0x5e, 0xa0, 0x00, 0x00, 0x1c, 0x10,
    0x00, 0x00, 0x31, 0x1a, 0x00, 0x01, 0xac, 0xbc, 0x64, 0x40, 0x00, 0x01, 0x00, 0x00, 0x00, 0x00,
    0x00, 0x63, 0x5e, 0xa0, 0x00, 0x00, 0x1c, 0x10, 0x00, 0x00, 0x31, 0x1a, 0x00, 0x01, 0xac, 0xbc,
    0x64, 0x40, 0x00, 0x01, 0x00, 0x00, 0x00, 0x00, 0x00, 0x63, 0x7a, 0xc0, 0x00, 0x00, 0x3a, 0x90,
    0x00, 0x00, 0x66, 0x77, 0x00, 0x01, 0xac, 0xe4, 0x6e, 0x40, 0x00, 0x01, 0x00, 0x00, 0x00, 0x00,
    0x00, 0x63, 0xb5, 0x60, 0x00, 0x00, 0x1c, 0x68, 0x00, 0x00, 0x31, 0xaa, 0x00, 0x01, 0xad, 0x0c,
    0x64, 0x40, 0x00, 0x01, 0x00, 0x00, 0x00, 0x00, 0x00, 0x63, 0xd1, 0xe0, 0x00, 0x00, 0x3b, 0xb8,
    0x00, 0x00, 0x68, 0x77, 0x00, 0x01, 0xad, 0x34, 0x71, 0x40, 0x00, 0x01, 0x00, 0x00, 0x00, 0x00,
    0x00, 0x64, 0x0d, 0xa0, 0x00, 0x00, 0x4d, 0x98, 0x00, 0x00, 0x87, 0xc6, 0x00, 0x01, 0xad, 0x5c,
    0x64, 0x40, 0x00, 0x01, 0x00, 0x00, 0x00, 0x00, 0x00, 0x64, 0x5b, 0x40, 0x00, 0x00, 0x29, 0xd8,
    0x00, 0x00, 0x49, 0x37, 0x00, 0x01, 0xad, 0x84, 0x64, 0x40, 0x00, 0x01, 0x00, 0x00, 0x00, 0x00,
    0x00, 0x64, 0x85, 0x20, 0x00, 0x00, 0x28, 0xf0, 0x00, 0x00, 0x47, 0x9f, 0x00, 0x01, 0xad, 0xac,
    0x64, 0x40, 0x00, 0x01, 0x00, 0x00, 0x00, 0x00, 0x00, 0x64, 0xae, 0x20, 0x00, 0x00, 0x25, 0x70,
    0x00, 0x00, 0x41, 0x77, 0x00, 0x01, 0xad, 0xd4, 0x64, 0x40, 0x00, 0x01, 0x00, 0x00, 0x00, 0x00,
    0x00, 0x64, 0xd3, 0xa0, 0x00, 0x00, 0x19, 0xc8, 0x00, 0x00, 0x2d, 0x15, 0x00, 0x01, 0xad, 0xfc,
    0x64, 0x40, 0x00, 0x01, 0x00, 0x00, 0x00, 0x00, 0x00, 0x64, 0xed, 0x80, 0x00, 0x00, 0x5d, 0xa0,
    0x00, 0x00, 0xa3, 0xd1, 0x00, 0x01, 0xae, 0x24, 0x64, 0x40, 0x00, 0x01, 0x00, 0x00, 0x00, 0x00,
    0x00, 0x65, 0x4b, 0x20, 0x00, 0x00, 0x08, 0xf0, 0x00, 0x00, 0x0f, 0x9b, 0x00, 0x01, 0xae, 0x4c,
    0x64, 0x40, 0x00, 0x01, 0x00, 0x00, 0x00, 0x00, 0x00, 0x65, 0x4b, 0x20, 0x00, 0x00, 0x08, 0xf0,
    0x00, 0x00, 0x0f, 0x9b, 0x00, 0x01, 0xae, 0x4c, 0x64, 0x40, 0x00, 0x01, 0x00, 0x00, 0x00, 0x00,
    0x00, 0x65, 0x4b, 0x20, 0x00, 0x00, 0x08, 0xf0, 0x00, 0x00, 0x0f, 0x9b, 0x00, 0x01, 0xae, 0x4c,
    0x64, 0x40, 0x00, 0x01, 0x00, 0x00, 0x00, 0x00, 0x00, 0x65, 0x4b, 0x20, 0x00, 0x00, 0x08, 0xf0,
    0x00, 0x00, 0x0f, 0x9b, 0x00, 0x01, 0xae, 0x4c, 0x64, 0x40, 0x00, 0x01, 0x00, 0x00, 0x00, 0x00,
    0x00, 0x65, 0x4b, 0x20, 0x00, 0x00, 0x08, 0xf0, 0x00, 0x00, 0x0f, 0x9b, 0x00, 0x01, 0xae, 0x4c,
    0x64, 0x40, 0x00, 0x01, 0x00, 0x00, 0x00, 0x00, 0x00, 0x65, 0x4b, 0x20, 0x00, 0x00, 0x08, 0xf0,
    0x00, 0x00, 0x0f, 0x9b, 0x00, 0x01, 0xae, 0x4c, 0x64, 0x40, 0x00, 0x01, 0x00, 0x00, 0x00, 0x00,
    0x00, 0x65, 0x4b, 0x20, 0x00, 0x00, 0x08, 0xf0, 0x00, 0x00, 0x0f, 0x9b, 0x00, 0x01, 0xae, 0x4c,
    0x64, 0x40, 0x00, 0x01, 0x00, 0x00, 0x00, 0x00, 0x00, 0x65, 0x4b, 0x20, 0x00, 0x00, 0x08, 0xf0,
    0x00, 0x00, 0x0f, 0x9b, 0x00, 0x01, 0xae, 0x4c, 0x64, 0x40, 0x00, 0x01, 0x00, 0x00, 0x00, 0x00,
    0x00, 0x65, 0x4b, 0x20, 0x00, 0x00, 0x08, 0xf0, 0x00, 0x00, 0x0f, 0x9b, 0x00, 0x01, 0xae, 0x4c,
    0x64, 0x40, 0x00, 0x01, 0x00, 0x00, 0x00, 0x00, 0x00, 0x65, 0x4b, 0x20, 0x00, 0x00, 0x08, 0xf0,
    0x00, 0x00, 0x0f, 0x9b, 0x00, 0x01, 0xae, 0x4c, 0x64, 0x40, 0x00, 0x01, 0x00, 0x00, 0x00, 0x00,
    0x00, 0x65, 0x4b, 0x20, 0x00, 0x00, 0x08, 0xf0, 0x00, 0x00, 0x0f, 0x9b, 0x00, 0x01, 0xae, 0x4c,
    0x64, 0x40, 0x00, 0x01, 0x00, 0x00, 0x00, 0x00, 0x00, 0x65, 0x4b, 0x20, 0x00, 0x00, 0x08, 0xf0,
    0x00, 0x00, 0x0f, 0x9b, 0x00, 0x01, 0xae, 0x4c, 0x64, 0x40, 0x00, 0x01, 0x00, 0x00, 0x00, 0x00,
    0x00, 0x65, 0x4b, 0x20, 0x00, 0x00, 0x08, 0xf0, 0x00, 0x00, 0x0f, 0x9b, 0x00, 0x01, 0xae, 0x4c,
    0x64, 0x40, 0x00, 0x01, 0x00, 0x00, 0x00, 0x00, 0x00, 0x65, 0x4b, 0x20, 0x00, 0x00, 0x08, 0xf0,
    0x00, 0x00, 0x0f, 0x9b, 0x00, 0x01, 0xae, 0x4c, 0x64, 0x40, 0x00, 0x01, 0x00, 0x00, 0x00, 0x00,
    0x00, 0x65, 0xb2, 0x60, 0x00, 0x00, 0x13, 0x98, 0x00, 0x00, 0x22, 0x40, 0x00, 0x01, 0xc3, 0x6c,
    0x00, 0x40, 0x00, 0x01, 0x00, 0x00, 0x00, 0x00, 0x00, 0x67, 0x16, 0x20, 0x00, 0x00, 0x0c, 0xb0,
    0x00, 0x00, 0x16, 0x2c, 0x00, 0x01, 0xc6, 0x14, 0x50, 0x40, 0x00, 0x01, 0x00, 0x00, 0x00, 0x00,
    0x00, 0x65, 0xc6, 0x00, 0x00, 0x00, 0x1a, 0xf8, 0x00, 0x00, 0x2f, 0x27, 0x00, 0x01, 0xc3, 0x94,
    0x50, 0x40, 0x00, 0x01, 0x00, 0x00, 0x00, 0x00, 0x00, 0x65, 0xe1, 0x00, 0x00, 0x00, 0x0d, 0x08,
    0x00, 0x00, 0x16, 0xce, 0x00, 0x01, 0xc3, 0xbc, 0x50, 0x40, 0x00, 0x01, 0x00, 0x00, 0x00, 0x00,
    0x00, 0x65, 0xee, 0x20, 0x00, 0x00, 0x2b, 0x98, 0x00, 0x00, 0x4c, 0x44, 0x00, 0x01, 0xc3, 0xe4,
    0x64, 0x40, 0x00, 0x01, 0x00, 0x00, 0x00, 0x00, 0x00, 0x67, 0x16, 0x20, 0x00, 0x00, 0x0c, 0xb0,
    0x00, 0x00, 0x16, 0x2c, 0x00, 0x01, 0xc6, 0x14, 0x50, 0x40, 0x00, 0x01, 0x00, 0x00, 0x00, 0x00,
    0x00, 0x65, 0xc6, 0x00, 0x00, 0x00, 0x1a, 0xf8, 0x00, 0x00, 0x2f, 0x27, 0x00, 0x01, 0xc3, 0x94,
    0x64, 0x40, 0x00, 0x01, 0x00, 0x00, 0x00, 0x00, 0x00, 0x65, 0xe1, 0x00, 0x00, 0x00, 0x0d, 0x08,
    0x00, 0x00, 0x16, 0xce, 0x00, 0x01, 0xc3, 0xbc, 0x50, 0x40, 0x00, 0x01, 0x00, 0x00, 0x00, 0x00,
    0x00, 0x65, 0xee, 0x20, 0x00, 0x00, 0x2b, 0x98, 0x00, 0x00, 0x4c, 0x44, 0x00, 0x01, 0xc3, 0xe4,
    0x64, 0x40, 0x00, 0x01, 0x00, 0x00, 0x00, 0x00, 0x00, 0x66, 0x19, 0xc0, 0x00, 0x00, 0x2c, 0x10,
    0x00, 0x00, 0x4d, 0x19, 0x00, 0x01, 0xc4, 0x0c, 0x6e, 0x40, 0x00, 0x01, 0x00, 0x00, 0x00, 0x00,
    0x00, 0x66, 0x45, 0xe0, 0x00, 0x00, 0x0e, 0x50, 0x00, 0x00, 0x19, 0x07, 0x00, 0x01, 0xc4, 0x34,
    0x64, 0x40, 0x00, 0x01, 0x00, 0x00, 0x00, 0x00, 0x00, 0x66, 0x54, 0x40, 0x00, 0x00, 0x02, 0xe8,
    0x00, 0x00, 0x05, 0x14, 0x00, 0x01, 0xc4, 0x5c, 0x46, 0x40, 0x00, 0x01, 0x00, 0x00, 0x00, 0x00,
    0x00, 0x66, 0x57, 0x40, 0x00, 0x00, 0x02, 0x30, 0x00, 0x00, 0x03, 0xd2, 0x00, 0x01, 0xc4, 0x84,
    0x5a, 0x40, 0x00, 0x01, 0x00, 0x00, 0x00, 0x00, 0x00, 0x67, 0x16, 0x20, 0x00, 0x00, 0x0c, 0xb0,
    0x00, 0x00, 0x16, 0x2c, 0x00, 0x01, 0xc6, 0x14, 0x58, 0x40, 0x00, 0x01, 0x00, 0x00, 0x00, 0x00,
    0x00, 0x65, 0xc6, 0x00, 0x00, 0x00, 0x1a, 0xf8, 0x00, 0x00, 0x2f, 0x27, 0x00, 0x01, 0xc3, 0x94,
    0x58, 0x40, 0x00, 0x01, 0x00, 0x00, 0x00, 0x00, 0x00, 0x65, 0xe1, 0x00, 0x00, 0x00, 0x0d, 0x08,
    0x00, 0x00, 0x16, 0xce, 0x00, 0x01, 0xc3, 0xbc, 0x58, 0x40, 0x00, 0x01, 0x00, 0x00, 0x00, 0x00,
    0x00, 0x65, 0xee, 0x20, 0x00, 0x00, 0x2b, 0x98, 0x00, 0x00, 0x4c, 0x44, 0x00, 0x01, 0xc3, 0xe4,
    0x5a, 0x40, 0x00, 0x01, 0x00, 0x00, 0x00, 0x00, 0x00, 0x66, 0x59, 0x80, 0x00, 0x00, 0x08, 0xf0,
    0x00, 0x00, 0x0f, 0x9b, 0x00, 0x01, 0xc4, 0xac, 0x50, 0x40, 0x00, 0x01, 0x00, 0x00, 0x00, 0x00,
    0x00, 0x66, 0x62, 0x80, 0x00, 0x00, 0x08, 0xf0, 0x00, 0x00, 0x0f, 0x9b, 0x00, 0x01, 0xc4, 0xd4,
    0x50, 0x40, 0x00, 0x01, 0x00, 0x00, 0x00, 0x00, 0x00, 0x65, 0xe1, 0x00, 0x00, 0x00, 0x0d, 0x08,
    0x00, 0x00, 0x16, 0xce, 0x00, 0x01, 0xc3, 0xbc, 0x50, 0x40, 0x00, 0x01, 0x00, 0x00, 0x00, 0x00,
    0x00, 0x66, 0x6b, 0x80, 0x00, 0x00, 0x08, 0xf0, 0x00, 0x00, 0x0f, 0x9b, 0x00, 0x01, 0xc4, 0xfc,
    0x50, 0x40, 0x00, 0x01, 0x00, 0x00, 0x00, 0x00, 0x00, 0x00, 0x00, 0x00, 0x00, 0x00, 0x00, 0x00,
    0x00, 0x00, 0x00, 0x00, 0x00, 0x00, 0x00, 0x00, 0x00, 0x40, 0x00, 0x00, 0x00, 0x00, 0x00, 0x00,
    0x00, 0x00, 0x00, 0x00, 0x00, 0x00, 0x00, 0x00, 0x00, 0x00, 0x00, 0x00, 0x00, 0x00, 0x00, 0x00,
    0x00, 0x40, 0x00, 0x00, 0x00, 0x00, 0x00, 0x00, 0x00, 0x00, 0x00, 0x00, 0x00, 0x00, 0x00, 0x00,
    0x00, 0x00, 0x00, 0x00, 0x00, 0x00, 0x00, 0x00, 0x00, 0x40, 0x00, 0x00, 0x00, 0x00, 0x00, 0x00,
    0x00, 0x00, 0x00, 0x00, 0x00, 0x00, 0x00, 0x00, 0x00, 0x00, 0x00, 0x00, 0x00, 0x00, 0x00, 0x00,
    0x00, 0x40, 0x00, 0x00, 0x00, 0x00, 0x00, 0x00, 0x00, 0x00, 0x00, 0x00, 0x00, 0x00, 0x00, 0x00,
    0x00, 0x00, 0x00, 0x00, 0x00, 0x00, 0x00, 0x00, 0x00, 0x40, 0x00, 0x00, 0x00, 0x00, 0x00, 0x00,
    0x00, 0x65, 0x57, 0x20, 0x00, 0x00, 0x5b, 0x38, 0x00, 0x00, 0x9f, 0x9d, 0x00, 0x01, 0xc3, 0x44,
    0x60, 0x40, 0x00, 0x01, 0x00, 0x00, 0x00, 0x00, 0x00, 0x66, 0x74, 0x80, 0x00, 0x00, 0x43, 0x70,
    0x00, 0x00, 0x75, 0xfd, 0x00, 0x01, 0xc5, 0x24, 0x64, 0x40, 0x00, 0x01, 0x00, 0x00, 0x00, 0x00,
    0x00, 0x66, 0xb8, 0x00, 0x00, 0x00, 0x1a, 0x40, 0x00, 0x00, 0x2d, 0xed, 0x00, 0x01, 0xc5, 0x4c,
    0x50, 0x40, 0x00, 0x01, 0x00, 0x00, 0x00, 0x00, 0x00, 0x66, 0xd2, 0x40, 0x00, 0x00, 0x13, 0x98,
    0x00, 0x00, 0x22, 0x40, 0x00, 0x01, 0xc5, 0x74, 0x64, 0x40, 0x00, 0x01, 0x00, 0x00, 0x00, 0x00,
    0x00, 0x66, 0xe5, 0xe0, 0x00, 0x00, 0x13, 0x98, 0x00, 0x00, 0x22, 0x40, 0x00, 0x01, 0xc5, 0x9c,
    0x64, 0x40, 0x00, 0x01, 0x00, 0x00, 0x00, 0x00, 0x00, 0x66, 0xf9, 0x80, 0x00, 0x00, 0x13, 0x98,
    0x00, 0x00, 0x22, 0x40, 0x00, 0x01, 0xc5, 0xc4, 0x64, 0x40, 0x00, 0x01, 0x00, 0x00, 0x00, 0x00,
    0x00, 0x67, 0x22, 0xe0, 0x00, 0x00, 0x44, 0x38, 0x00, 0x00, 0x77, 0x58, 0x00, 0x01, 0xc6, 0x3c,
    0x64, 0x40, 0x00, 0x01, 0x00, 0x00, 0x00, 0x00, 0x00, 0x67, 0x67, 0x20, 0x00, 0x00, 0x69, 0x48,
    0x00, 0x00, 0xb8, 0x3b, 0x00, 0x01, 0xc6, 0x64, 0x64, 0x40, 0x00, 0x01, 0x00, 0x00, 0x00, 0x00,
    0x00, 0x67, 0xd0, 0x80, 0x00, 0x00, 0x1d, 0x70, 0x00, 0x00, 0x33, 0x7f, 0x00, 0x01, 0xc6, 0x8c,
    0x5d, 0x40, 0x00, 0x01, 0x00, 0x00, 0x00, 0x00, 0x00, 0x67, 0xee, 0x00, 0x00, 0x00, 0x2a, 0x98,
    0x00, 0x00, 0x4a, 0x86, 0x00, 0x01, 0xc6, 0xb4, 0x64, 0x40, 0x00, 0x01, 0x00, 0x00, 0x00, 0x00,
    0x00, 0x68, 0x18, 0xa0, 0x00, 0x00, 0x58, 0x80, 0x00, 0x00, 0x9a, 0xdb, 0x00, 0x01, 0xc6, 0xdc,
    0x5c, 0x40, 0x00, 0x01, 0x00, 0x00, 0x00, 0x00, 0x00, 0x68, 0x71, 0x20, 0x00, 0x00, 0x3b, 0x00,
    0x00, 0x00, 0x67, 0x40, 0x00, 0x01, 0xc7, 0x04, 0x64, 0x40, 0x00, 0x01, 0x00, 0x00, 0x00, 0x00,
    0x00, 0x68, 0x71, 0x20, 0x00, 0x00, 0x3b, 0x00, 0x00, 0x00, 0x67, 0x40, 0x00, 0x01, 0xc7, 0x04,
    0x64, 0x40, 0x00, 0x01, 0x00, 0x00, 0x00, 0x00, 0x00, 0x68, 0xac, 0x20, 0x00, 0x00, 0x0d, 0x68,
    0x00, 0x00, 0x17, 0x6a, 0x00, 0x01, 0xc7, 0x2c, 0x6b, 0x40, 0x00, 0x01, 0x00, 0x00, 0x00, 0x00,
    0x00, 0x68, 0xac, 0x20, 0x00, 0x00, 0x0d, 0x68, 0x00, 0x00, 0x17, 0x6a, 0x00, 0x01, 0xc7, 0x2c,
    0x6f, 0x40, 0x00, 0x01, 0x00, 0x00, 0x00, 0x00, 0x00, 0x68, 0xb9, 0xa0, 0x00, 0x00, 0x3d, 0x58,
    0x00, 0x00, 0x6b, 0x55, 0x00, 0x01, 0xc7, 0x54, 0x64, 0x40, 0x00, 0x01, 0x00, 0x00, 0x00, 0x00,
    0x00, 0x68, 0xf7, 0x00, 0x00, 0x00, 0x0a, 0xe0, 0x00, 0x00, 0x13, 0x00, 0x00, 0x01, 0xc7, 0x7c,
    0x64, 0x40, 0x00, 0x01, 0x00, 0x00, 0x00, 0x00, 0x00, 0x69, 0x01, 0xe0, 0x00, 0x00, 0x8c, 0x68,
    0x00, 0x00, 0xf5, 0xaa, 0x00, 0x01, 0xc7, 0xa4, 0x70, 0x40, 0x00, 0x01, 0x00, 0x00, 0x00, 0x00,
    0x00, 0x69, 0x8e, 0x60, 0x00, 0x00, 0x12, 0xa0, 0x00, 0x00, 0x20, 0x95, 0x00, 0x01, 0xc7, 0xcc,
    0x64, 0x40, 0x00, 0x01, 0x00, 0x00, 0x00, 0x00, 0x00, 0x69, 0xa1, 0x00, 0x00, 0x00, 0x12, 0x68,
    0x00, 0x00, 0x20, 0x2c, 0x00, 0x01, 0xc7, 0xf4, 0x64, 0x40, 0x00, 0x01, 0x00, 0x00, 0x00, 0x00,
    0x00, 0x69, 0xb3, 0x80, 0x00, 0x00, 0x30, 0x50, 0x00, 0x00, 0x54, 0x80, 0x00, 0x01, 0xc8, 0x1c,
    0x64, 0x40, 0x00, 0x01, 0x00, 0x00, 0x00, 0x00, 0x00, 0x69, 0xe3, 0xe0, 0x00, 0x00, 0x1d, 0xd8,
    0x00, 0x00, 0x34, 0x37, 0x00, 0x01, 0xc8, 0x44, 0x64, 0x40, 0x00, 0x01, 0x00, 0x00, 0x00, 0x00,
    0x00, 0x6a, 0x01, 0xc0, 0x00, 0x00, 0x1d, 0x80, 0x00, 0x00, 0x33, 0x95, 0x00, 0x01, 0xc8, 0x6c,
    0x64, 0x40, 0x00, 0x01, 0x00, 0x00, 0x00, 0x00, 0x00, 0x6a, 0x1f, 0x40, 0x00, 0x00, 0x48, 0xc0,
    0x00, 0x00, 0x7f, 0x4b, 0x00, 0x01, 0xc8, 0x94, 0x64, 0x40, 0x00, 0x01, 0x00, 0x00, 0x00, 0x00,
    0x00, 0x67, 0x0d, 0x20, 0x00, 0x00, 0x08, 0xf0, 0x00, 0x00, 0x0f, 0x9b, 0x00, 0x01, 0xc5, 0xec,
    0x64, 0x40, 0x00, 0x01, 0x00, 0x00, 0x00, 0x00, 0x00, 0x67, 0x0d, 0x20, 0x00, 0x00, 0x08, 0xf0,
    0x00, 0x00, 0x0f, 0x9b, 0x00, 0x01, 0xc5, 0xec, 0x64, 0x40, 0x00, 0x01, 0x00, 0x00, 0x00, 0x00,
    0x00, 0x67, 0x0d, 0x20, 0x00, 0x00, 0x08, 0xf0, 0x00, 0x00, 0x0f, 0x9b, 0x00, 0x01, 0xc5, 0xec,
    0x64, 0x40, 0x00, 0x01, 0x00, 0x00, 0x00, 0x00, 0x00, 0x67, 0x0d, 0x20, 0x00, 0x00, 0x08, 0xf0,
    0x00, 0x00, 0x0f, 0x9b, 0x00, 0x01, 0xc5, 0xec, 0x64, 0x40, 0x00, 0x01, 0x00, 0x00, 0x00, 0x00,
    0x00, 0x67, 0x0d, 0x20, 0x00, 0x00, 0x08, 0xf0, 0x00, 0x00, 0x0f, 0x9b, 0x00, 0x01, 0xc5, 0xec,
    0x64, 0x40, 0x00, 0x01, 0x00, 0x00, 0x00, 0x00, 0x00, 0x67, 0x0d, 0x20, 0x00, 0x00, 0x08, 0xf0,
    0x00, 0x00, 0x0f, 0x9b, 0x00, 0x01, 0xc5, 0xec, 0x64, 0x40, 0x00, 0x01, 0x00, 0x00, 0x00, 0x00,
    0x00, 0x67, 0x0d, 0x20, 0x00, 0x00, 0x08, 0xf0, 0x00, 0x00, 0x0f, 0x9b, 0x00, 0x01, 0xc5, 0xec,
    0x64, 0x40, 0x00, 0x01, 0x00, 0x00, 0x00, 0x00, 0x00, 0x67, 0x0d, 0x20, 0x00, 0x00, 0x08, 0xf0,
    0x00, 0x00, 0x0f, 0x9b, 0x00, 0x01, 0xc5, 0xec, 0x64, 0x40, 0x00, 0x01, 0x00, 0x00, 0x00, 0x00,
    0x00, 0x67, 0x0d, 0x20, 0x00, 0x00, 0x08, 0xf0, 0x00, 0x00, 0x0f, 0x9b, 0x00, 0x01, 0xc5, 0xec,
    0x64, 0x40, 0x00, 0x01, 0x00, 0x00, 0x00, 0x00, 0x00, 0x67, 0x0d, 0x20, 0x00, 0x00, 0x08, 0xf0,
    0x00, 0x00, 0x0f, 0x9b, 0x00, 0x01, 0xc5, 0xec, 0x64, 0x40, 0x00, 0x01, 0x00, 0x00, 0x00, 0x00,
    0x00, 0x67, 0x0d, 0x20, 0x00, 0x00, 0x08, 0xf0, 0x00, 0x00, 0x0f, 0x9b, 0x00, 0x01, 0xc5, 0xec,
    0x64, 0x40, 0x00, 0x01, 0x00, 0x00, 0x00, 0x00, 0x00, 0x67, 0x0d, 0x20, 0x00, 0x00, 0x08, 0xf0,
    0x00, 0x00, 0x0f, 0x9b, 0x00, 0x01, 0xc5, 0xec, 0x64, 0x40, 0x00, 0x01, 0x00, 0x00, 0x00, 0x00,
    0x00, 0x67, 0x0d, 0x20, 0x00, 0x00, 0x08, 0xf0, 0x00, 0x00, 0x0f, 0x9b, 0x00, 0x01, 0xc5, 0xec,
    0x64, 0x40, 0x00, 0x01, 0x00, 0x00, 0x00, 0x00, 0x00, 0x67, 0x0d, 0x20, 0x00, 0x00, 0x08, 0xf0,
    0x00, 0x00, 0x0f, 0x9b, 0x00, 0x01, 0xc5, 0xec, 0x64, 0x40, 0x00, 0x01, 0x00, 0x00, 0x00, 0x00,
    0x00, 0x6a, 0x68, 0x00, 0x00, 0x00, 0x5c, 0x48, 0x00, 0x00, 0xa1, 0x74, 0x00, 0x01, 0xe6, 0x44,
    0x64, 0x40, 0x00, 0x01, 0x00, 0x00, 0x00, 0x00, 0x00, 0x6c, 0x7c, 0x20, 0x00, 0x00, 0x27, 0x10,
    0x00, 0x00, 0x44, 0x52, 0x00, 0x01, 0xe7, 0x84, 0x5f, 0x40, 0x00, 0x01, 0x00, 0x00, 0x00, 0x00,
    0x00, 0x6c, 0xa3, 0x40, 0x00, 0x00, 0x55, 0x20, 0x00, 0x00, 0x94, 0xf5, 0x00, 0x01, 0xe7, 0xac,
    0x6d, 0x40, 0x00, 0x01, 0x00, 0x00, 0x00, 0x00, 0x00, 0x6c, 0xf8, 0x60, 0x00, 0x00, 0x84, 0xf8,
    0x00, 0x00, 0xe8, 0xb1, 0x00, 0x01, 0xe7, 0xd4, 0x67, 0x40, 0x00, 0x01, 0x00, 0x00, 0x00, 0x00,
    0x00, 0x6d, 0x7d, 0x60, 0x00, 0x00, 0x04, 0x28, 0x00, 0x00, 0x07, 0x3c, 0x00, 0x01, 0xe7, 0xfc,
    0x64, 0x40, 0x00, 0x01, 0x00, 0x00, 0x00, 0x00, 0x00, 0x6d, 0x81, 0xa0, 0x00, 0x00, 0xbd, 0x08,
    0x00, 0x01, 0x4a, 0xc7, 0x00, 0x01, 0xe8, 0x24, 0x6d, 0x40, 0x00, 0x01, 0x00, 0x00, 0x00, 0x00,
    0x00, 0x00, 0x00, 0x00, 0x00, 0x00, 0x00, 0x00, 0x00, 0x00, 0x00, 0x00, 0x00, 0x00, 0x00, 0x00,
    0x00, 0x40, 0x00, 0x00, 0x00, 0x00, 0x00, 0x00, 0x00, 0x00, 0x00, 0x00, 0x00, 0x00, 0x00, 0x00,
    0x00, 0x00, 0x00, 0x00, 0x00, 0x00, 0x00, 0x00, 0x00, 0x40, 0x00, 0x00, 0x00, 0x00, 0x00, 0x00,
    0x00, 0x6e, 0xe5, 0x80, 0x00, 0x00, 0x26, 0x28, 0x00, 0x00, 0x42, 0xbe, 0x00, 0x01, 0xe8, 0x9c,
    0x58, 0x40, 0x00, 0x01, 0x00, 0x00, 0x00, 0x00, 0x00, 0x6f, 0x0b, 0xc0, 0x00, 0x00, 0x34, 0x40,
    0x00, 0x00, 0x5b, 0x68, 0x00, 0x01, 0xe8, 0xc4, 0x5b, 0x40, 0x00, 0x01, 0x00, 0x00, 0x00, 0x00,
    0x00, 0x6a, 0xc4, 0x60, 0x00, 0x00, 0x06, 0xe0, 0x00, 0x00, 0x0c, 0x00, 0x00, 0x01, 0xe6, 0x6c,
    0x64, 0x40, 0x00, 0x01, 0x00, 0x00, 0x00, 0x00, 0x00, 0x6f, 0x40, 0x00, 0x00, 0x00, 0x74, 0x88,
    0x00, 0x00, 0xcb, 0xe7, 0x00, 0x01, 0xe8, 0xec, 0x57, 0x40, 0x00, 0x01, 0x00, 0x00, 0x00, 0x00,
    0x00, 0x6f, 0xb4, 0xa0, 0x00, 0x00, 0x1f, 0xc0, 0x00, 0x00, 0x37, 0x8e, 0x00, 0x01, 0xe9, 0x14,
    0x5c, 0x40, 0x00, 0x01, 0x00, 0x00, 0x00, 0x00, 0x00, 0x6f, 0xd4, 0x60, 0x00, 0x00, 0xa4, 0x68,
    0x00, 0x01, 0x1f, 0xaa, 0x00, 0x01, 0xe9, 0x3c, 0x64, 0x40, 0x00, 0x01, 0x00, 0x00, 0x00, 0x00,
    0x00, 0x70, 0x78, 0xe0, 0x00, 0x00, 0x5c, 0x30, 0x00, 0x00, 0xa1, 0x54, 0x00, 0x01, 0xe9, 0x64,
    0x64, 0x40, 0x00, 0x01, 0x00, 0x00, 0x00, 0x00, 0x00, 0x70, 0xd5, 0x20, 0x00, 0x00, 0x3b, 0x30,
    0x00, 0x00, 0x67, 0x8c, 0x00, 0x01, 0xe9, 0x8c, 0x74, 0x40, 0x00, 0x01, 0x00, 0x00, 0x00, 0x00,
    0x00, 0x71, 0x10, 0x60, 0x00, 0x00, 0x76, 0xd0, 0x00, 0x00, 0xcf, 0xe5, 0x00, 0x01, 0xe9, 0xb4,
    0x64, 0x40, 0x00, 0x01, 0x00, 0x00, 0x00, 0x00, 0x00, 0x72, 0x0f, 0x20, 0x00, 0x00, 0xc5, 0x68,
    0x00, 0x01, 0x59, 0x6c, 0x00, 0x01, 0xea, 0x04, 0x64, 0x40, 0x00, 0x01, 0x00, 0x00, 0x00, 0x00,
    0x00, 0x71, 0x87, 0x40, 0x00, 0x00, 0x87, 0xc8, 0x00, 0x00, 0xed, 0x98, 0x00, 0x01, 0xe9, 0xdc,
    0x77, 0x40, 0x00, 0x01, 0x00, 0x00, 0x00, 0x00, 0x00, 0x73, 0x5d, 0x20, 0x00, 0x00, 0xd3, 0x50,
    0x00, 0x01, 0x71, 0xc0, 0x00, 0x01, 0xea, 0x54, 0x64, 0x40, 0x00, 0x01, 0x00, 0x00, 0x00, 0x00,
    0x00, 0x72, 0xd4, 0xa0, 0x00, 0x00, 0x88, 0x68, 0x00, 0x00, 0xee, 0xb0, 0x00, 0x01, 0xea, 0x2c,
    0x66, 0x40, 0x00, 0x01, 0x00, 0x00, 0x00, 0x00, 0x00, 0x74, 0x30, 0x80, 0x00, 0x00, 0x07, 0xe0,
    0x00, 0x00, 0x0d, 0xc6, 0x00, 0x01, 0xea, 0x7c, 0x64, 0x40, 0x00, 0x01, 0x00, 0x00, 0x00, 0x00,
    0x00, 0x00, 0x00, 0x00, 0x00, 0x00, 0x00, 0x00, 0x00, 0x00, 0x00, 0x00, 0x00, 0x00, 0x00, 0x00,
    0x00, 0x40, 0x00, 0x00, 0x00, 0x00, 0x00, 0x00, 0x00, 0x74, 0xc6, 0xa0, 0x00, 0x00, 0x26, 0xb0,
    0x00, 0x00, 0x43, 0xac, 0x00, 0x01, 0xea, 0xcc, 0x78, 0x40, 0x00, 0x01, 0x00, 0x00, 0x00, 0x00,
    0x00, 0x74, 0xed, 0x60, 0x00, 0x00, 0x95, 0xb0, 0x00, 0x01, 0x05, 0xe7, 0x00, 0x01, 0xea, 0xf4,
    0x64, 0x40, 0x00, 0x01, 0x00, 0x00, 0x00, 0x00, 0x00, 0x75, 0x83, 0x20, 0x00, 0x00, 0x20, 0xe8,
    0x00, 0x00, 0x39, 0x90, 0x00, 0x01, 0xeb, 0x1c, 0x64, 0x40, 0x00, 0x01, 0x00, 0x00, 0x00, 0x00,
    0x00, 0x75, 0xa4, 0x20, 0x00, 0x00, 0xc5, 0x68, 0x00, 0x01, 0x59, 0x6c, 0x00, 0x01, 0xeb, 0x44,
    0x7f, 0x40, 0x00, 0x01, 0x00, 0x00, 0x00, 0x00, 0x00, 0x76, 0x69, 0xa0, 0x00, 0x00, 0x56, 0xb8,
    0x00, 0x00, 0x97, 0xb5, 0x00, 0x01, 0xeb, 0x6c, 0x7f, 0x40, 0x00, 0x01, 0x00, 0x00, 0x00, 0x00,
    0x00, 0x76, 0xc0, 0x60, 0x00, 0x00, 0x80, 0x20, 0x00, 0x00, 0xe0, 0x2d, 0x00, 0x01, 0xeb, 0x94,
    0x64, 0x40, 0x00, 0x01, 0x00, 0x00, 0x00, 0x00, 0x00, 0x00, 0x00, 0x00, 0x00, 0x00, 0x00, 0x00,
    0x00, 0x00, 0x00, 0x00, 0x00, 0x00, 0x00, 0x00, 0x00, 0x40, 0x00, 0x00, 0x00, 0x00, 0x00, 0x00,
    0x00, 0x77, 0x65, 0x00, 0x00, 0x00, 0x29, 0xc0, 0x00, 0x00, 0x49, 0x0e, 0x00, 0x01, 0xeb, 0xe4,
    0x64, 0x40, 0x00, 0x01, 0x00, 0x00, 0x00, 0x00, 0x00, 0x77, 0x8e, 0xc0, 0x00, 0x00, 0x41, 0x70,
    0x00, 0x00, 0x72, 0x80, 0x00, 0x01, 0xec, 0x0c, 0x4e, 0x40, 0x00, 0x01, 0x00, 0x00, 0x00, 0x00,
    0x00, 0x77, 0xd0, 0x40, 0x00, 0x00, 0x31, 0x58, 0x00, 0x00, 0x56, 0x55, 0x00, 0x01, 0xec, 0x34,
    0x64, 0x40, 0x00, 0x01, 0x00, 0x00, 0x00, 0x00, 0x00, 0x78, 0x01, 0xa0, 0x00, 0x00, 0x4c, 0xf0,
    0x00, 0x00, 0x86, 0x9b, 0x00, 0x01, 0xec, 0x5c, 0x4e, 0x40, 0x00, 0x01, 0x00, 0x00, 0x00, 0x00,
    0x00, 0x78, 0x4e, 0xa0, 0x00, 0x00, 0x0e, 0x68, 0x00, 0x00, 0x19, 0x2c, 0x00, 0x01, 0xec, 0x84,
    0x64, 0x40, 0x00, 0x01, 0x00, 0x00, 0x00, 0x00, 0x00, 0x00, 0x00, 0x00, 0x00, 0x00, 0x00, 0x00,
    0x00, 0x00, 0x00, 0x00, 0x00, 0x00, 0x00, 0x00, 0x00, 0x40, 0x00, 0x00, 0x00, 0x00, 0x00, 0x00,
    0x00, 0x79, 0x56, 0xe0, 0x00, 0x00, 0x68, 0x00, 0x00, 0x00, 0xb5, 0xf8, 0x00, 0x01, 0xec, 0xd4,
    0x64, 0x40, 0x00, 0x01, 0x00, 0x00, 0x00, 0x00, 0x00, 0x79, 0xbe, 0xe0, 0x00, 0x00, 0xc5, 0x68,
    0x00, 0x01, 0x59, 0x6c, 0x00, 0x01, 0xec, 0xfc, 0x64, 0x40, 0x00, 0x01, 0x00, 0x00, 0x00, 0x00,
    0x00, 0x7a, 0x84, 0x60, 0x00, 0x00, 0x5d, 0x80, 0x00, 0x00, 0xa3, 0xa0, 0x00, 0x01, 0xed, 0x24,
    0x64, 0x40, 0x00, 0x01, 0x00, 0x00, 0x00, 0x00, 0x00, 0x00, 0x00, 0x00, 0x00, 0x00, 0x00, 0x00,
    0x00, 0x00, 0x00, 0x00, 0x00, 0x00, 0x00, 0x00, 0x00, 0x40, 0x00, 0x00, 0x00, 0x00, 0x00, 0x00,
    0x00, 0x7b, 0x6b, 0xe0, 0x00, 0x00, 0x0c, 0x68, 0x00, 0x00, 0x15, 0xab, 0x00, 0x01, 0xed, 0x74,
    0x64, 0x40, 0x00, 0x01, 0x00, 0x00, 0x00, 0x00, 0x00, 0x7b, 0x78, 0x60, 0x00, 0x00, 0x1e, 0xf0,
    0x00, 0x00, 0x36, 0x1f, 0x00, 0x01, 0xed, 0x9c, 0x64, 0x40, 0x00, 0x01, 0x00, 0x00, 0x00, 0x00,
    0x00, 0x7b, 0x97, 0x60, 0x00, 0x00, 0x2f, 0x08, 0x00, 0x00, 0x52, 0x46, 0x00, 0x01, 0xed, 0xc4,
    0x7f, 0x40, 0x00, 0x01, 0x00, 0x00, 0x00, 0x00, 0x00, 0x6a, 0xcb, 0x40, 0x00, 0x00, 0x5a, 0xb0,
    0x00, 0x00, 0x9e, 0xab, 0x00, 0x01, 0xe6, 0x94, 0x65, 0x40, 0x00, 0x01, 0x00, 0x00, 0x00, 0x00,
    0x00, 0x7b, 0xc6, 0x80, 0x00, 0x00, 0x20, 0x88, 0x00, 0x00, 0x38, 0xed, 0x00, 0x01, 0xed, 0xec,
    0x5e, 0x40, 0x00, 0x01, 0x00, 0x00, 0x00, 0x00, 0x00, 0x7b, 0xfa, 0xa0, 0x00, 0x00, 0x34, 0x50,
    0x00, 0x00, 0x5b, 0x8b, 0x00, 0x01, 0xee, 0x3c, 0x64, 0x40, 0x00, 0x01, 0x00, 0x00, 0x00, 0x00,
    0x00, 0x7c, 0x2f, 0x00, 0x00, 0x00, 0x19, 0xd0, 0x00, 0x00, 0x2d, 0x29, 0x00, 0x01, 0xee, 0x64,
    0x64, 0x40, 0x00, 0x01, 0x00, 0x00, 0x00, 0x00, 0x00, 0x7c, 0x48, 0xe0, 0x00, 0x00, 0x2d, 0x18,
    0x00, 0x00, 0x4e, 0xea, 0x00, 0x01, 0xee, 0x8c, 0x64, 0x40, 0x00, 0x01, 0x00, 0x00, 0x00, 0x00,
    0x00, 0x7b, 0xe7, 0x20, 0x00, 0x00, 0x13, 0x78, 0x00, 0x00, 0x22, 0x0d, 0x00, 0x01, 0xee, 0x14,
    0x64, 0x40, 0x00, 0x01, 0x00, 0x00, 0x00, 0x00, 0x00, 0x7c, 0x76, 0x00, 0x00, 0x00, 0x4a, 0xa0,
    0x00, 0x00, 0x82, 0x96, 0x00, 0x01, 0xee, 0xb4, 0x7f, 0x40, 0x00, 0x01, 0x00, 0x00, 0x00, 0x00,
    0x00, 0x7c, 0xc0, 0xa0, 0x00, 0x00, 0x6f, 0x70, 0x00, 0x00, 0xc3, 0x00, 0x00, 0x01, 0xee, 0xdc,
    0x6d, 0x40, 0x00, 0x01, 0x00, 0x00, 0x00, 0x00, 0x00, 0x6b, 0x26, 0x00, 0x00, 0x00, 0x29, 0x18,
    0x00, 0x00, 0x47, 0xe0, 0x00, 0x01, 0xe6, 0xbc, 0x64, 0x40, 0x00, 0x01, 0x00, 0x00, 0x00, 0x00,
    0x00, 0x7d, 0x30, 0x20, 0x00, 0x00, 0x0f, 0xe8, 0x00, 0x00, 0x1b, 0xd0, 0x00, 0x01, 0xef, 0x04,
    0x55, 0x40, 0x00, 0x01, 0x00, 0x00, 0x00, 0x00, 0x00, 0x6b, 0x4f, 0x20, 0x00, 0x00, 0x0e, 0x78,
    0x00, 0x00, 0x19, 0x48, 0x00, 0x01, 0xe6, 0xe4, 0x7f, 0x40, 0x00, 0x01, 0x00, 0x00, 0x00, 0x00,
    0x00, 0x7d, 0x9d, 0xe0, 0x00, 0x00, 0x5c, 0x08, 0x00, 0x00, 0xa1, 0x07, 0x00, 0x01, 0xef, 0x54,
    0x64, 0x40, 0x00, 0x01, 0x00, 0x00, 0x00, 0x00, 0x00, 0x7d, 0x40, 0x20, 0x00, 0x00, 0x5d, 0xb0,
    0x00, 0x00, 0xa3, 0xf1, 0x00, 0x01, 0xef, 0x2c, 0x64, 0x40, 0x00, 0x01, 0x00, 0x00, 0x00, 0x00,
    0x00, 0x00, 0x00, 0x00, 0x00, 0x00, 0x00, 0x00, 0x00, 0x00, 0x00, 0x00, 0x00, 0x00, 0x00, 0x00,
    0x00, 0x40, 0x00, 0x00, 0x00, 0x00, 0x00, 0x00, 0x00, 0x7e, 0xb0, 0xa0, 0x00, 0x00, 0x68, 0x80,
    0x00, 0x00, 0xb6, 0xdc, 0x00, 0x01, 0xef, 0xa4, 0x64, 0x40, 0x00, 0x01, 0x00, 0x00, 0x00, 0x00,
    0x00, 0x00, 0x00, 0x00, 0x00, 0x00, 0x00, 0x00, 0x00, 0x00, 0x00, 0x00, 0x00, 0x00, 0x00, 0x00,
    0x00, 0x40, 0x00, 0x00, 0x00, 0x00, 0x00, 0x00, 0x00, 0x00, 0x00, 0x00, 0x00, 0x00, 0x00, 0x00,
    0x00, 0x00, 0x00, 0x00, 0x00, 0x00, 0x00, 0x00, 0x00, 0x40, 0x00, 0x00, 0x00, 0x00, 0x00, 0x00,
    0x00, 0x7f, 0xc4, 0x20, 0x00, 0x00, 0x75, 0xe0, 0x00, 0x00, 0xce, 0x42, 0x00, 0x01, 0xf0, 0x1c,
    0x6c, 0x40, 0x00, 0x01, 0x00, 0x00, 0x00, 0x00, 0x00, 0x80, 0x3a, 0x00, 0x00, 0x00, 0x4a, 0xa8,
    0x00, 0x00, 0x82, 0x9d, 0x00, 0x01, 0xf0, 0x44, 0x64, 0x40, 0x00, 0x01, 0x00, 0x00, 0x00, 0x00,
    0x00, 0x80, 0x84, 0xc0, 0x00, 0x00, 0x8c, 0x98, 0x00, 0x00, 0xf6, 0x00, 0x00, 0x01, 0xf0, 0x6c,
    0x5b, 0x40, 0x00, 0x01, 0x00, 0x00, 0x00, 0x00, 0x00, 0x81, 0x11, 0x60, 0x00, 0x00, 0xf0, 0x80,
    0x00, 0x01, 0xa4, 0xdd, 0x00, 0x01, 0xf0, 0x94, 0x7f, 0x40, 0x00, 0x01, 0x00, 0x00, 0x00, 0x00,
    0x00, 0x00, 0x00, 0x00, 0x00, 0x00, 0x00, 0x00, 0x00, 0x00, 0x00, 0x00, 0x00, 0x00, 0x00, 0x00,
    0x00, 0x40, 0x00, 0x00, 0x00, 0x00, 0x00, 0x00, 0x00, 0x82, 0xbc, 0x80, 0x00, 0x00, 0x5c, 0x60,
    0x00, 0x00, 0xa1, 0xa7, 0x00, 0x01, 0xf0, 0xe4, 0x64, 0x40, 0x00, 0x01, 0x00, 0x00, 0x00, 0x00,
    0x00, 0x00, 0x00, 0x00, 0x00, 0x00, 0x00, 0x00, 0x00, 0x00, 0x00, 0x00, 0x00, 0x00, 0x00, 0x00,
    0x00, 0x40, 0x00, 0x00, 0x00, 0x00, 0x00, 0x00, 0x00, 0x83, 0x86, 0x40, 0x00, 0x00, 0xd7, 0xa0,
    0x00, 0x01, 0x79, 0x54, 0x00, 0x01, 0xf1, 0x34, 0x64, 0x40, 0x00, 0x01, 0x00, 0x00, 0x00, 0x00,
    0x00, 0x84, 0x5d, 0xe0, 0x00, 0x00, 0xb8, 0x68, 0x00, 0x01, 0x42, 0xad, 0x00, 0x01, 0xf1, 0x5c,
    0x64, 0x40, 0x00, 0x01, 0x00, 0x00, 0x00, 0x00, 0x00, 0x85, 0x16, 0x60, 0x00, 0x00, 0x93, 0xc0,
    0x00, 0x01, 0x02, 0x8a, 0x00, 0x01, 0xf1, 0x84, 0x64, 0x40, 0x00, 0x01, 0x00, 0x00, 0x00, 0x00,
    0x00, 0x85, 0xaa, 0x20, 0x00, 0x00, 0xb5, 0x58, 0x00, 0x01, 0x3d, 0x56, 0x00, 0x01, 0xf1, 0xac,
    0x5e, 0x40, 0x00, 0x01, 0x00, 0x00, 0x00, 0x00, 0x00, 0x86, 0x5f, 0x80, 0x00, 0x00, 0x37, 0x78,
    0x00, 0x00, 0x61, 0x0f, 0x00, 0x01, 0xf1, 0xd4, 0x66, 0x40, 0x00, 0x01, 0x00, 0x00, 0x00, 0x00,
    0x00, 0x86, 0x97, 0x00, 0x00, 0x00, 0x3f, 0x18, 0x00, 0x00, 0x6e, 0x6a, 0x00, 0x01, 0xf1, 0xfc,
    0x66, 0x40, 0x00, 0x01, 0x00, 0x00, 0x00, 0x00, 0x00, 0x86, 0xd6, 0x20, 0x00, 0x00, 0x20, 0xe8,
    0x00, 0x00, 0x39, 0x95, 0x00, 0x01, 0xf2, 0x24, 0x66, 0x40, 0x00, 0x01, 0x00, 0x00, 0x00, 0x00,
    0x00, 0x86, 0xf7, 0x20, 0x00, 0x00, 0x46, 0xc8, 0x00, 0x00, 0x7b, 0xdd, 0x00, 0x01, 0xf2, 0x4c,
    0x66, 0x40, 0x00, 0x01, 0x00, 0x00, 0x00, 0x00, 0x00, 0x87, 0x3e, 0x00, 0x00, 0x00, 0x05, 0x60,
    0x00, 0x00, 0x09, 0x5d, 0x00, 0x01, 0xf2, 0x74, 0x64, 0x40, 0x00, 0x01, 0x00, 0x00, 0x00, 0x00,
    0x00, 0x87, 0x43, 0x60, 0x00, 0x00, 0x23, 0x40, 0x00, 0x00, 0x3d, 0xae, 0x00, 0x01, 0xf2, 0x9c,
    0x64, 0x40, 0x00, 0x01, 0x00, 0x00, 0x00, 0x00, 0x00, 0x00, 0x00, 0x00, 0x00, 0x00, 0x00, 0x00,
    0x00, 0x00, 0x00, 0x00, 0x00, 0x00, 0x00, 0x00, 0x00, 0x40, 0x00, 0x00, 0x00, 0x00, 0x00, 0x00,
    0x00, 0x87, 0x66, 0xa0, 0x00, 0x01, 0x2c, 0x68, 0x00, 0x02, 0x0d, 0xae, 0x00, 0x01, 0xf2, 0xc4,
    0x64, 0x40, 0x00, 0x01, 0x00, 0x00, 0x00, 0x00, 0x00, 0x88, 0x93, 0x20, 0x00, 0x00, 0x68, 0x00,
    0x00, 0x00, 0xb5, 0xf9, 0x00, 0x01, 0xf2, 0xec, 0x64, 0x40, 0x00, 0x01, 0x00, 0x00, 0x00, 0x00,
    0x00, 0x88, 0xfb, 0x20, 0x00, 0x00, 0x5a, 0x18, 0x00, 0x00, 0x9d, 0xa9, 0x00, 0x01, 0xf3, 0x14,
    0x70, 0x40, 0x00, 0x01, 0x00, 0x00, 0x00, 0x00, 0x00, 0x89, 0x55, 0x40, 0x00, 0x00, 0xb0, 0xd0,
    0x00, 0x01, 0x35, 0x67, 0x00, 0x01, 0xf3, 0x3c, 0x6c, 0x40, 0x00, 0x01, 0x00, 0x00, 0x00, 0x00,
    0x00, 0x8a, 0x06, 0x20, 0x00, 0x00, 0xc7, 0x00, 0x00, 0x01, 0x5c, 0x34, 0x00, 0x01, 0xf3, 0x64,
    0x64, 0x40, 0x00, 0x01, 0x00, 0x00, 0x00, 0x00, 0x00, 0x00, 0x00, 0x00, 0x00, 0x00, 0x00, 0x00,
    0x00, 0x00, 0x00, 0x00, 0x00, 0x00, 0x00, 0x00, 0x00, 0x40, 0x00, 0x00, 0x00, 0x00, 0x00, 0x00,
    0x00, 0x00, 0x00, 0x00, 0x00, 0x00, 0x00, 0x00, 0x00, 0x00, 0x00, 0x00, 0x00, 0x00, 0x00, 0x00,
    0x00, 0x40, 0x00, 0x00, 0x00, 0x00, 0x00, 0x00, 0x00, 0x00, 0x00, 0x00, 0x00, 0x00, 0x00, 0x00,
    0x00, 0x00, 0x00, 0x00, 0x00, 0x00, 0x00, 0x00, 0x00, 0x40, 0x00, 0x00, 0x00, 0x00, 0x00, 0x00,
    0x00, 0x8c, 0x80, 0xa0, 0x00, 0x00, 0xd4, 0xc8, 0x00, 0x01, 0x74, 0x56, 0x00, 0x01, 0xf4, 0x04,
    0x7f, 0x40, 0x00, 0x01, 0x00, 0x00, 0x00, 0x00, 0x00, 0x8d, 0x55, 0x80, 0x00, 0x00, 0x02, 0xb0,
    0x00, 0x00, 0x04, 0xb2, 0x00, 0x01, 0xf4, 0x2c, 0x73, 0x40, 0x00, 0x01, 0x00, 0x00, 0x00, 0x00,
    0x00, 0x8d, 0x58, 0x40, 0x00, 0x00, 0x74, 0x00, 0x00, 0x00, 0xcb, 0x00, 0x00, 0x01, 0xf4, 0x54,
    0x64, 0x40, 0x00, 0x01, 0x00, 0x00, 0x00, 0x00, 0x00, 0x8d, 0xcc, 0x40, 0x00, 0x00, 0x89, 0x40,
    0x00, 0x00, 0xf0, 0x2f, 0x00, 0x01, 0xf4, 0x7c, 0x70, 0x40, 0x00, 0x01, 0x00, 0x00, 0x00, 0x00,
    0x00, 0x8e, 0x55, 0x80, 0x00, 0x00, 0x45, 0x88, 0x00, 0x00, 0x79, 0xa7, 0x00, 0x01, 0xf4, 0xa4,
    0x64, 0x40, 0x00, 0x01, 0x00, 0x00, 0x00, 0x00, 0x00, 0x8e, 0x9b, 0x20, 0x00, 0x00, 0x74, 0xf0,
    0x00, 0x00, 0xcc, 0x9f, 0x00, 0x01, 0xf4, 0xcc, 0x64, 0x40, 0x00, 0x01, 0x00, 0x00, 0x00, 0x00,
    0x00, 0x8f, 0x10, 0x20, 0x00, 0x00, 0x36, 0x68, 0x00, 0x00, 0x5f, 0x2b, 0x00, 0x01, 0xf4, 0xf4,
    0x64, 0x40, 0x00, 0x01, 0x00, 0x00, 0x00, 0x00, 0x00, 0x8f, 0x46, 0xa0, 0x00, 0x00, 0x3d, 0x68,
    0x00, 0x00, 0x6b, 0x6d, 0x00, 0x01, 0xf5, 0x1c, 0x7f, 0x40, 0x00, 0x01, 0x00, 0x00, 0x00, 0x00,
    0x00, 0x8f, 0x84, 0x20, 0x00, 0x00, 0x64, 0xb8, 0x00, 0x00, 0xb0, 0x3a, 0x00, 0x01, 0xf5, 0x44,
    0x64, 0x40, 0x00, 0x01, 0x00, 0x00, 0x00, 0x00, 0x00, 0x00, 0x00, 0x00, 0x00, 0x00, 0x00, 0x00,
    0x00, 0x00, 0x00, 0x00, 0x00, 0x00, 0x00, 0x00, 0x00, 0x40, 0x00, 0x00, 0x00, 0x00, 0x00, 0x00,
    0x00, 0x8f, 0xe8, 0xe0, 0x00, 0x00, 0x30, 0xf8, 0x00, 0x00, 0x55, 0xab, 0x00, 0x01, 0xf5, 0x6c,
    0x64, 0x40, 0x00, 0x01, 0x00, 0x00, 0x00, 0x00, 0x00, 0x90, 0x19, 0xe0, 0x00, 0x00, 0x9c, 0x58,
    0x00, 0x01, 0x11, 0x90, 0x00, 0x01, 0xf5, 0x94, 0x64, 0x40, 0x00, 0x01, 0x00, 0x00, 0x00, 0x00,
    0x00, 0x90, 0xb6, 0x40, 0x00, 0x00, 0x65, 0xb0, 0x00, 0x00, 0xb1, 0xf2, 0x00, 0x01, 0xf5, 0xbc,
    0x64, 0x40, 0x00, 0x01, 0x00, 0x00, 0x00, 0x00, 0x00, 0x91, 0x1c, 0x00, 0x00, 0x00, 0x4c, 0x40,
    0x00, 0x00, 0x85, 0x6a, 0x00, 0x01, 0xf5, 0xe4, 0x64, 0x40, 0x00, 0x01, 0x00, 0x00, 0x00, 0x00,
    0x00, 0x6f, 0xd4, 0x60, 0x00, 0x00, 0xa4, 0x68, 0x00, 0x01, 0x1f, 0xaa, 0x00, 0x01, 0xe9, 0x3c,
    0x64, 0x40, 0x00, 0x01, 0x00, 0x00, 0x00, 0x00, 0x00, 0x7d, 0x9d, 0xe0, 0x00, 0x00, 0x5c, 0x08,
    0x00, 0x00, 0xa1, 0x07, 0x00, 0x01, 0xef, 0x54, 0x64, 0x40, 0x00, 0x01, 0x00, 0x00, 0x00, 0x00,
    0x00, 0x91, 0x68, 0x40, 0x00, 0x00, 0x48, 0xa8, 0x00, 0x00, 0x7f, 0x22, 0x00, 0x01, 0xf6, 0x0c,
    0x5b, 0x40, 0x00, 0x01, 0x00, 0x00, 0x00, 0x00, 0x00, 0x91, 0xb1, 0x00, 0x00, 0x00, 0x8b, 0x18,
    0x00, 0x00, 0xf3, 0x5f, 0x00, 0x01, 0xf6, 0x34, 0x64, 0x40, 0x00, 0x01, 0x00, 0x00, 0x00, 0x00,
    0x00, 0x92, 0x3c, 0x20, 0x00, 0x00, 0x51, 0x00, 0x00, 0x00, 0x8d, 0xc0, 0x00, 0x01, 0xf6, 0x5c,
    0x7f, 0x40, 0x00, 0x01, 0x00, 0x00, 0x00, 0x00, 0x00, 0x92, 0x8d, 0x20, 0x00, 0x00, 0x00, 0x58,
    0x00, 0x00, 0x00, 0x98, 0x00, 0x01, 0xf6, 0x84, 0x06, 0x40, 0x00, 0x01, 0x00, 0x00, 0x00, 0x00,
    0x00, 0x92, 0x8d, 0x80, 0x00, 0x00, 0x05, 0x20, 0x00, 0x00, 0x08, 0xec, 0x00, 0x01, 0xf6, 0xac,
    0x01, 0x40, 0x00, 0x01, 0x00, 0x00, 0x00, 0x00, 0x00, 0x92, 0x8d, 0x80, 0x00, 0x00, 0x05, 0x20,
    0x00, 0x00, 0x08, 0xec, 0x00, 0x01, 0xf6, 0xac, 0x01, 0x40, 0x00, 0x01, 0x00, 0x00, 0x00, 0x00,
    0x00, 0x92, 0x8d, 0x80, 0x00, 0x00, 0x05, 0x20, 0x00, 0x00, 0x08, 0xec, 0x00, 0x01, 0xf6, 0xac,
    0x01, 0x40, 0x00, 0x01, 0x00, 0x00, 0x00, 0x00, 0x00, 0x92, 0x8d, 0x80, 0x00, 0x00, 0x05, 0x20,
    0x00, 0x00, 0x08, 0xec, 0x00, 0x01, 0xf6, 0xac, 0x01, 0x40, 0x00, 0x01, 0x00, 0x00, 0x00, 0x00,
    0x00, 0x92, 0x8d, 0x80, 0x00, 0x00, 0x05, 0x20, 0x00, 0x00, 0x08, 0xec, 0x00, 0x01, 0xf6, 0xac,
    0x01, 0x40, 0x00, 0x01, 0x00, 0x00, 0x00, 0x00, 0x00, 0x92, 0x8d, 0x80, 0x00, 0x00, 0x05, 0x20,
    0x00, 0x00, 0x08, 0xec, 0x00, 0x01, 0xf6, 0xac, 0x01, 0x40, 0x00, 0x01, 0x00, 0x00, 0x00, 0x00,
    0x00, 0x92, 0x8d, 0x80, 0x00, 0x00, 0x05, 0x20, 0x00, 0x00, 0x08, 0xec, 0x00, 0x01, 0xf6, 0xac,
    0x01, 0x40, 0x00, 0x01, 0x00, 0x00, 0x00, 0x00, 0x00, 0x92, 0x8d, 0x80, 0x00, 0x00, 0x05, 0x20,
    0x00, 0x00, 0x08, 0xec, 0x00, 0x01, 0xf6, 0xac, 0x01, 0x40, 0x00, 0x01, 0x00, 0x00, 0x00, 0x00,
    0x00, 0x92, 0x8d, 0x80, 0x00, 0x00, 0x05, 0x20, 0x00, 0x00, 0x08, 0xec, 0x00, 0x01, 0xf6, 0xac,
    0x01, 0x40, 0x00, 0x01, 0x00, 0x00, 0x00, 0x00, 0x00, 0x92, 0x8d, 0x80, 0x00, 0x00, 0x05, 0x20,
    0x00, 0x00, 0x08, 0xec, 0x00, 0x01, 0xf6, 0xac, 0x01, 0x40, 0x00, 0x01, 0x00, 0x00, 0x00, 0x00,
    0x00, 0x00, 0x00, 0x00, 0x00, 0x00, 0x00, 0x00, 0x00, 0x00, 0x00, 0x00, 0x00, 0x00, 0x00, 0x00,
    0x00, 0x40, 0x00, 0x00, 0x00, 0x00, 0x00, 0x00, 0x00, 0x00, 0x00, 0x00, 0x00, 0x00, 0x00, 0x00,
    0x00, 0x00, 0x00, 0x00, 0x00, 0x00, 0x00, 0x00, 0x00, 0x40, 0x00, 0x00, 0x00, 0x00, 0x00, 0x00,
    0x00, 0x00, 0x00, 0x00, 0x00, 0x00, 0x00, 0x00, 0x00, 0x00, 0x00, 0x00, 0x00, 0x00, 0x00, 0x00,
    0x00, 0x40, 0x00, 0x00, 0x00, 0x00, 0x00, 0x00, 0x00, 0x00, 0x00, 0x00, 0x00, 0x00, 0x00, 0x00,
    0x00, 0x00, 0x00, 0x00, 0x00, 0x00, 0x00, 0x00, 0x00, 0x40, 0x00, 0x00, 0x00, 0x00, 0x00, 0x00,
    0x00, 0x00, 0x00, 0x00, 0x00, 0x00, 0x00, 0x00, 0x00, 0x00, 0x00, 0x00, 0x00, 0x00, 0x00, 0x00,
    0x00, 0x40, 0x00, 0x00, 0x00, 0x00, 0x00, 0x00, 0x00, 0x00, 0x00, 0x00, 0x00, 0x00, 0x00, 0x00,
    0x00, 0x00, 0x00, 0x00, 0x00, 0x00, 0x00, 0x00, 0x00, 0x40, 0x00, 0x00, 0x00, 0x00, 0x00, 0x00,
    0x00, 0x00, 0x00, 0x00, 0x00, 0x00, 0x00, 0x00, 0x00, 0x00, 0x00, 0x00, 0x00, 0x00, 0x00, 0x00,
    0x00, 0x40, 0x00, 0x00, 0x00, 0x00, 0x00, 0x00, 0x00, 0x00, 0x00, 0x00, 0x00, 0x00, 0x00, 0x00,
    0x00, 0x00, 0x00, 0x00, 0x00, 0x00, 0x00, 0x00, 0x00, 0x40, 0x00, 0x00, 0x00, 0x00, 0x00, 0x00,
    0x00, 0x00, 0x00, 0x00, 0x00, 0x00, 0x00, 0x00, 0x00, 0x00, 0x00, 0x00, 0x00, 0x00, 0x00, 0x00,
    0x00, 0x40, 0x00, 0x00, 0x00, 0x00, 0x00, 0x00, 0x00, 0x00, 0x00, 0x00, 0x00, 0x00, 0x00, 0x00,
    0x00, 0x00, 0x00, 0x00, 0x00, 0x00, 0x00, 0x00, 0x00, 0x40, 0x00, 0x00, 0x00, 0x00, 0x00, 0x00,
    0x00, 0x00, 0x00, 0x00, 0x00, 0x00, 0x00, 0x00, 0x00, 0x00, 0x00, 0x00, 0x00, 0x00, 0x00, 0x00,
    0x00, 0x40, 0x00, 0x00, 0x00, 0x00, 0x00, 0x00, 0x00, 0x00, 0x00, 0x00, 0x00, 0x00, 0x00, 0x00,
    0x00, 0x00, 0x00, 0x00, 0x00, 0x00, 0x00, 0x00, 0x00, 0x40, 0x00, 0x00, 0x00, 0x00, 0x00, 0x00,
    0x00, 0x00, 0x00, 0x00, 0x00, 0x00, 0x00, 0x00, 0x00, 0x00, 0x00, 0x00, 0x00, 0x00, 0x00, 0x00,
    0x00, 0x40, 0x00, 0x00, 0x00, 0x00, 0x00, 0x00, 0x00, 0x00, 0x00, 0x00, 0x00, 0x00, 0x00, 0x00,
    0x00, 0x00, 0x00, 0x00, 0x00, 0x00, 0x00, 0x00, 0x00, 0x40, 0x00, 0x00, 0x00, 0x00, 0x00, 0x00,
    0x00, 0x00, 0x00, 0x00, 0x00, 0x00, 0x00, 0x00, 0x00, 0x00, 0x00, 0x00, 0x00, 0x00, 0x00, 0x00,
    0x00, 0x40, 0x00, 0x00, 0x00, 0x00, 0x00, 0x00, 0x00, 0x00, 0x00, 0x00, 0x00, 0x00, 0x00, 0x00,
    0x00, 0x00, 0x00, 0x00, 0x00, 0x00, 0x00, 0x00, 0x00, 0x40, 0x00, 0x00, 0x00, 0x00, 0x00, 0x00,
    0x00, 0x00, 0x00, 0x00, 0x00, 0x00, 0x00, 0x00, 0x00, 0x00, 0x00, 0x00, 0x00, 0x00, 0x00, 0x00,
    0x00, 0x40, 0x00, 0x00, 0x00, 0x00, 0x00, 0x00, 0x00, 0x00, 0x00, 0x00, 0x00, 0x00, 0x00, 0x00,
    0x00, 0x00, 0x00, 0x00, 0x00, 0x00, 0x00, 0x00, 0x00, 0x40, 0x00, 0x00, 0x00, 0x00, 0x00, 0x00,
    0x00, 0x00, 0x00, 0x00, 0x00, 0x00, 0x00, 0x00, 0x00, 0x00, 0x00, 0x00, 0x00, 0x00, 0x00, 0x00,
    0x00, 0x40, 0x00, 0x00, 0x00, 0x00, 0x00, 0x00, 0x00, 0x00, 0x00, 0x00, 0x00, 0x00, 0x00, 0x00,
    0x00, 0x00, 0x00, 0x00, 0x00, 0x00, 0x00, 0x00, 0x00, 0x40, 0x00, 0x00, 0x00, 0x00, 0x00, 0x00,
    0x00, 0x00, 0x00, 0x00, 0x00, 0x00, 0x00, 0x00, 0x00, 0x00, 0x00, 0x00, 0x00, 0x00, 0x00, 0x00,
    0x00, 0x40, 0x00, 0x00, 0x00, 0x00, 0x00, 0x00, 0x00, 0x00, 0x00, 0x00, 0x00, 0x00, 0x00, 0x00,
    0x00, 0x00, 0x00, 0x00, 0x00, 0x00, 0x00, 0x00, 0x00, 0x40, 0x00, 0x00, 0x00, 0x00, 0x00, 0x00,
    0x00, 0x00, 0x00, 0x00, 0x00, 0x00, 0x00, 0x00, 0x00, 0x00, 0x00, 0x00, 0x00, 0x00, 0x00, 0x00,
    0x00, 0x40, 0x00, 0x00, 0x00, 0x00, 0x00, 0x00, 0x00, 0x00, 0x00, 0x00, 0x00, 0x00, 0x00, 0x00,
    0x00, 0x00, 0x00, 0x00, 0x00, 0x00, 0x00, 0x00, 0x00, 0x40, 0x00, 0x00, 0x00, 0x00, 0x00, 0x00,
    0x00, 0x00, 0x00, 0x00, 0x00, 0x00, 0x00, 0x00, 0x00, 0x00, 0x00, 0x00, 0x00, 0x00, 0x00, 0x00,
    0x00, 0x40, 0x00, 0x00, 0x00, 0x00, 0x00, 0x00, 0x00, 0x00, 0x00, 0x00, 0x00, 0x00, 0x00, 0x00,
    0x00, 0x00, 0x00, 0x00, 0x00, 0x00, 0x00, 0x00, 0x00, 0x40, 0x00, 0x00, 0x00, 0x00, 0x00, 0x00,
    0x00, 0x00, 0x00, 0x00, 0x00, 0x00, 0x00, 0x00, 0x00, 0x00, 0x00, 0x00, 0x00, 0x00, 0x00, 0x00,
    0x00, 0x40, 0x00, 0x00, 0x00, 0x00, 0x00, 0x00, 0x00, 0x00, 0x00, 0x00, 0x00, 0x00, 0x00, 0x00,
    0x00, 0x00, 0x00, 0x00, 0x00, 0x00, 0x00, 0x00, 0x00, 0x40, 0x00, 0x00, 0x00, 0x00, 0x00, 0x00,
    0x00, 0x00, 0x00, 0x00, 0x00, 0x00, 0x00, 0x00, 0x00, 0x00, 0x00, 0x00, 0x00, 0x00, 0x00, 0x00,
    0x00, 0x40, 0x00, 0x00, 0x00, 0x00, 0x00, 0x00, 0x00, 0x00, 0x00, 0x00, 0x00, 0x00, 0x00, 0x00,
    0x00, 0x00, 0x00, 0x00, 0x00, 0x00, 0x00, 0x00, 0x00, 0x40, 0x00, 0x00, 0x00, 0x00, 0x00, 0x00,
    0x00, 0x00, 0x00, 0x00, 0x00, 0x00, 0x00, 0x00, 0x00, 0x00, 0x00, 0x00, 0x00, 0x00, 0x00, 0x00,
    0x00, 0x40, 0x00, 0x00, 0x00, 0x00, 0x00, 0x00, 0x00, 0x00, 0x00, 0x00, 0x00, 0x00, 0x00, 0x00,
    0x00, 0x00, 0x00, 0x00, 0x00, 0x00, 0x00, 0x00, 0x00, 0x40, 0x00, 0x00, 0x00, 0x00, 0x00, 0x00,
    0x00, 0x00, 0x00, 0x00, 0x00, 0x00, 0x00, 0x00, 0x00, 0x00, 0x00, 0x00, 0x00, 0x00, 0x00, 0x00,
    0x00, 0x40, 0x00, 0x00, 0x00, 0x00, 0x00, 0x00, 0x00, 0x00, 0x00, 0x00, 0x00, 0x00, 0x00, 0x00,
    0x00, 0x00, 0x00, 0x00, 0x00, 0x00, 0x00, 0x00, 0x00, 0x40, 0x00, 0x00, 0x00, 0x00, 0x00, 0x00,
    0x00, 0x00, 0x00, 0x00, 0x00, 0x00, 0x00, 0x00, 0x00, 0x00, 0x00, 0x00, 0x00, 0x00, 0x00, 0x00,
    0x00, 0x40, 0x00, 0x00, 0x00, 0x00, 0x00, 0x00, 0x00, 0x00, 0x00, 0x00, 0x00, 0x00, 0x00, 0x00,
    0x00, 0x00, 0x00, 0x00, 0x00, 0x00, 0x00, 0x00, 0x00, 0x40, 0x00, 0x00, 0x00, 0x00, 0x00, 0x00,
    0x00, 0x00, 0x00, 0x00, 0x00, 0x00, 0x00, 0x00, 0x00, 0x00, 0x00, 0x00, 0x00, 0x00, 0x00, 0x00,
    0x00, 0x40, 0x00, 0x00, 0x00, 0x00, 0x00, 0x00, 0x00, 0x00, 0x00, 0x00, 0x00, 0x00, 0x00, 0x00,
    0x00, 0x00, 0x00, 0x00, 0x00, 0x00, 0x00, 0x00, 0x00, 0x40, 0x00, 0x00, 0x00, 0x00, 0x00, 0x00,
    0x00, 0x00, 0x00, 0x00, 0x00, 0x00, 0x00, 0x00, 0x00, 0x00, 0x00, 0x00, 0x00, 0x00, 0x00, 0x00,
    0x00, 0x40, 0x00, 0x00, 0x00, 0x00, 0x00, 0x00, 0x00, 0x00, 0x00, 0x00, 0x00, 0x00, 0x00, 0x00,
    0x00, 0x00, 0x00, 0x00, 0x00, 0x00, 0x00, 0x00, 0x00, 0x40, 0x00, 0x00, 0x00, 0x00, 0x00, 0x00,
    0x00, 0x00, 0x00, 0x00, 0x00, 0x00, 0x00, 0x00, 0x00, 0x00, 0x00, 0x00, 0x00, 0x00, 0x00, 0x00,
    0x00, 0x40, 0x00, 0x00, 0x00, 0x00, 0x00, 0x00, 0x00, 0x00, 0x00, 0x00, 0x00, 0x00, 0x00, 0x00,
    0x00, 0x00, 0x00, 0x00, 0x00, 0x00, 0x00, 0x00, 0x00, 0x40, 0x00, 0x00, 0x00, 0x00, 0x00, 0x00,
    0x00, 0x00, 0x00, 0x00, 0x00, 0x00, 0x00, 0x00, 0x00, 0x00, 0x00, 0x00, 0x00, 0x00, 0x00, 0x00,
    0x00, 0x40, 0x00, 0x00, 0x00, 0x00, 0x00, 0x00, 0x00, 0x00, 0x00, 0x00, 0x00, 0x00, 0x00, 0x00,
    0x00, 0x00, 0x00, 0x00, 0x00, 0x00, 0x00, 0x00, 0x00, 0x40, 0x00, 0x00, 0x00, 0x00, 0x00, 0x00,
    0x00, 0x00, 0x00, 0x00, 0x00, 0x00, 0x00, 0x00, 0x00, 0x00, 0x00, 0x00, 0x00, 0x00, 0x00, 0x00,
    0x00, 0x40, 0x00, 0x00, 0x00, 0x00, 0x00, 0x00, 0x00, 0x00, 0x00, 0x00, 0x00, 0x00, 0x00, 0x00,
    0x00, 0x00, 0x00, 0x00, 0x00, 0x00, 0x00, 0x00, 0x00, 0x40, 0x00, 0x00, 0x00, 0x00, 0x00, 0x00,
    0x00, 0x00, 0x00, 0x00, 0x00, 0x00, 0x00, 0x00, 0x00, 0x00, 0x00, 0x00, 0x00, 0x00, 0x00, 0x00,
    0x00, 0x40, 0x00, 0x00, 0x00, 0x00, 0x00, 0x00, 0x00, 0x00, 0x00, 0x00, 0x00, 0x00, 0x00, 0x00,
    0x00, 0x00, 0x00, 0x00, 0x00, 0x00, 0x00, 0x00, 0x00, 0x40, 0x00, 0x00, 0x00, 0x00, 0x00, 0x00,
    0x00, 0x00, 0x00, 0x00, 0x00, 0x00, 0x00, 0x00, 0x00, 0x00, 0x00, 0x00, 0x00, 0x00, 0x00, 0x00,
    0x00, 0x40, 0x00, 0x00, 0x00, 0x00, 0x00, 0x00, 0x00, 0x00, 0x00, 0x00, 0x00, 0x00, 0x00, 0x00,
    0x00, 0x00, 0x00, 0x00, 0x00, 0x00, 0x00, 0x00, 0x00, 0x40, 0x00, 0x00, 0x00, 0x00, 0x00, 0x00,
    0x00, 0x00, 0x00, 0x00, 0x00, 0x00, 0x00, 0x00, 0x00, 0x00, 0x00, 0x00, 0x00, 0x00, 0x00, 0x00,
    0x00, 0x40, 0x00, 0x00, 0x00, 0x00, 0x00, 0x00, 0x00, 0x00, 0x00, 0x00, 0x00, 0x00, 0x00, 0x00,
    0x00, 0x00, 0x00, 0x00, 0x00, 0x00, 0x00, 0x00, 0x00, 0x40, 0x00, 0x00, 0x00, 0x00, 0x00, 0x00,
    0x00, 0x00, 0x00, 0x00, 0x00, 0x00, 0x00, 0x00, 0x00, 0x00, 0x00, 0x00, 0x00, 0x00, 0x00, 0x00,
    0x00, 0x40, 0x00, 0x00, 0x00, 0x00, 0x00, 0x00, 0x00, 0x00, 0x00, 0x00, 0x00, 0x00, 0x00, 0x00,
    0x00, 0x00, 0x00, 0x00, 0x00, 0x00, 0x00, 0x00, 0x00, 0x40, 0x00, 0x00, 0x00, 0x00, 0x00, 0x00,
    0x00, 0x00, 0x00, 0x00, 0x00, 0x00, 0x00, 0x00, 0x00, 0x00, 0x00, 0x00, 0x00, 0x00, 0x00, 0x00,
    0x00, 0x40, 0x00, 0x00, 0x00, 0x00, 0x00, 0x00, 0x00, 0x00, 0x00, 0x00, 0x00, 0x00, 0x00, 0x00,
    0x00, 0x00, 0x00, 0x00, 0x00, 0x00, 0x00, 0x00, 0x00, 0x40, 0x00, 0x00, 0x00, 0x00, 0x00, 0x00,
    0x00, 0x00, 0x00, 0x00, 0x00, 0x00, 0x00, 0x00, 0x00, 0x00, 0x00, 0x00, 0x00, 0x00, 0x00, 0x00,
    0x00, 0x40, 0x00, 0x00, 0x00, 0x00, 0x00, 0x00, 0x00, 0x00, 0x00, 0x00, 0x00, 0x00, 0x00, 0x00,
    0x00, 0x00, 0x00, 0x00, 0x00, 0x00, 0x00, 0x00, 0x00, 0x40, 0x00, 0x00, 0x00, 0x00, 0x00, 0x00,
    0x00, 0x00, 0x00, 0x00, 0x00, 0x00, 0x00, 0x00, 0x00, 0x00, 0x00, 0x00, 0x00, 0x00, 0x00, 0x00,
    0x00, 0x40, 0x00, 0x00, 0x00, 0x00, 0x00, 0x00, 0x00, 0x00, 0x00, 0x00, 0x00, 0x00, 0x00, 0x00,
    0x00, 0x00, 0x00, 0x00, 0x00, 0x00, 0x00, 0x00, 0x00, 0x40, 0x00, 0x00, 0x00, 0x00, 0x00, 0x00,
    0x00, 0x00, 0x00, 0x00, 0x00, 0x00, 0x00, 0x00, 0x00, 0x00, 0x00, 0x00, 0x00, 0x00, 0x00, 0x00,
    0x00, 0x40, 0x00, 0x00, 0x00, 0x00, 0x00, 0x00, 0x00, 0x00, 0x00, 0x00, 0x00, 0x00, 0x00, 0x00,
    0x00, 0x00, 0x00, 0x00, 0x00, 0x00, 0x00, 0x00, 0x00, 0x40, 0x00, 0x00, 0x00, 0x00, 0x00, 0x00,
    0x00, 0x00, 0x00, 0x00, 0x00, 0x00, 0x00, 0x00, 0x00, 0x00, 0x00, 0x00, 0x00, 0x00, 0x00, 0x00,
    0x00, 0x40, 0x00, 0x00, 0x00, 0x00, 0x00, 0x00, 0x00, 0x00, 0x00, 0x00, 0x00, 0x00, 0x00, 0x00,
    0x00, 0x00, 0x00, 0x00, 0x00, 0x00, 0x00, 0x00, 0x00, 0x40, 0x00, 0x00, 0x00, 0x00, 0x00, 0x00,
    0x00, 0x00, 0x00, 0x00, 0x00, 0x00, 0x00, 0x00, 0x00, 0x00, 0x00, 0x00, 0x00, 0x00, 0x00, 0x00,
    0x00, 0x40, 0x00, 0x00, 0x00, 0x00, 0x00, 0x00, 0x00, 0x00, 0x00, 0x00, 0x00, 0x00, 0x00, 0x00,
    0x00, 0x00, 0x00, 0x00, 0x00, 0x00, 0x00, 0x00, 0x00, 0x40, 0x00, 0x00, 0x00, 0x00, 0x00, 0x00,
    0x00, 0x00, 0x00, 0x00, 0x00, 0x00, 0x00, 0x00, 0x00, 0x00, 0x00, 0x00, 0x00, 0x00, 0x00, 0x00,
    0x00, 0x40, 0x00, 0x00, 0x00, 0x00, 0x00, 0x00, 0x00, 0x00, 0x00, 0x00, 0x00, 0x00, 0x00, 0x00,
    0x00, 0x00, 0x00, 0x00, 0x00, 0x00, 0x00, 0x00, 0x00, 0x40, 0x00, 0x00, 0x00, 0x00, 0x00, 0x00,
    0x00, 0x00, 0x00, 0x00, 0x00, 0x00, 0x00, 0x00, 0x00, 0x00, 0x00, 0x00, 0x00, 0x00, 0x00, 0x00,
    0x00, 0x40, 0x00, 0x00, 0x00, 0x00, 0x00, 0x00, 0x00, 0x00, 0x00, 0x00, 0x00, 0x00, 0x00, 0x00,
    0x00, 0x00, 0x00, 0x00, 0x00, 0x00, 0x00, 0x00, 0x00, 0x40, 0x00, 0x00, 0x00, 0x00, 0x00, 0x00,
    0x00, 0x00, 0x00, 0x00, 0x00, 0x00, 0x00, 0x00, 0x00, 0x00, 0x00, 0x00, 0x00, 0x00, 0x00, 0x00,
    0x00, 0x40, 0x00, 0x00, 0x00, 0x00, 0x00, 0x00, 0x00, 0x00, 0x00, 0x00, 0x00, 0x00, 0x00, 0x00,
    0x00, 0x00, 0x00, 0x00, 0x00, 0x00, 0x00, 0x00, 0x00, 0x40, 0x00, 0x00, 0x00, 0x00, 0x00, 0x00,
    0x00, 0x00, 0x00, 0x00, 0x00, 0x00, 0x00, 0x00, 0x00, 0x00, 0x00, 0x00, 0x00, 0x00, 0x00, 0x00,
    0x00, 0x40, 0x00, 0x00, 0x00, 0x00, 0x00, 0x00, 0x00, 0x00, 0x00, 0x00, 0x00, 0x00, 0x00, 0x00,
    0x00, 0x00, 0x00, 0x00, 0x00, 0x00, 0x00, 0x00, 0x00, 0x40, 0x00, 0x00, 0x00, 0x00, 0x00, 0x00,
    0x00, 0x00, 0x00, 0x00, 0x00, 0x00, 0x00, 0x00, 0x00, 0x00, 0x00, 0x00, 0x00, 0x00, 0x00, 0x00,
    0x00, 0x40, 0x00, 0x00, 0x00, 0x00, 0x00, 0x00, 0x00, 0x00, 0x00, 0x00, 0x00, 0x00, 0x00, 0x00,
    0x00, 0x00, 0x00, 0x00, 0x00, 0x00, 0x00, 0x00, 0x00, 0x40, 0x00, 0x00, 0x00, 0x00, 0x00, 0x00,
    0x00, 0x00, 0x00, 0x00, 0x00, 0x00, 0x00, 0x00, 0x00, 0x00, 0x00, 0x00, 0x00, 0x00, 0x00, 0x00,
    0x00, 0x40, 0x00, 0x00, 0x00, 0x00, 0x00, 0x00, 0x00, 0x00, 0x00, 0x00, 0x00, 0x00, 0x00, 0x00,
    0x00, 0x00, 0x00, 0x00, 0x00, 0x00, 0x00, 0x00, 0x00, 0x40, 0x00, 0x00, 0x00, 0x00, 0x00, 0x00,
    0x00, 0x00, 0x00, 0x00, 0x00, 0x00, 0x00, 0x00, 0x00, 0x00, 0x00, 0x00, 0x00, 0x00, 0x00, 0x00,
    0x00, 0x40, 0x00, 0x00, 0x00, 0x00, 0x00, 0x00, 0x00, 0x00, 0x00, 0x00, 0x00, 0x00, 0x00, 0x00,
    0x00, 0x00, 0x00, 0x00, 0x00, 0x00, 0x00, 0x00, 0x00, 0x40, 0x00, 0x00, 0x00, 0x00, 0x00, 0x00,
    0x00, 0x00, 0x00, 0x00, 0x00, 0x00, 0x00, 0x00, 0x00, 0x00, 0x00, 0x00, 0x00, 0x00, 0x00, 0x00,
    0x00, 0x40, 0x00, 0x00, 0x00, 0x00, 0x00, 0x00, 0x00, 0x00, 0x00, 0x00, 0x00, 0x00, 0x00, 0x00,
    0x00, 0x00, 0x00, 0x00, 0x00, 0x00, 0x00, 0x00, 0x00, 0x40, 0x00, 0x00, 0x00, 0x00, 0x00, 0x00,
    0x00, 0x00, 0x00, 0x00, 0x00, 0x00, 0x00, 0x00, 0x00, 0x00, 0x00, 0x00, 0x00, 0x00, 0x00, 0x00,
    0x00, 0x40, 0x00, 0x00, 0x00, 0x00, 0x00, 0x00, 0x00, 0x00, 0x00, 0x00, 0x00, 0x00, 0x00, 0x00,
    0x00, 0x00, 0x00, 0x00, 0x00, 0x00, 0x00, 0x00, 0x00, 0x40, 0x00, 0x00, 0x00, 0x00, 0x00, 0x00,
    0x00, 0x00, 0x00, 0x00, 0x00, 0x00, 0x00, 0x00, 0x00, 0x00, 0x00, 0x00, 0x00, 0x00, 0x00, 0x00,
    0x00, 0x40, 0x00, 0x00, 0x00, 0x00, 0x00, 0x00, 0x00, 0x00, 0x00, 0x00, 0x00, 0x00, 0x00, 0x00,
    0x00, 0x00, 0x00, 0x00, 0x00, 0x00, 0x00, 0x00, 0x00, 0x40, 0x00, 0x00, 0x00, 0x00, 0x00, 0x00,
    0x00, 0x00, 0x00, 0x00, 0x00, 0x00, 0x00, 0x00, 0x00, 0x00, 0x00, 0x00, 0x00, 0x00, 0x00, 0x00,
    0x00, 0x40, 0x00, 0x00, 0x00, 0x00, 0x00, 0x00, 0x00, 0x00, 0x00, 0x00, 0x00, 0x00, 0x00, 0x00,
    0x00, 0x00, 0x00, 0x00, 0x00, 0x00, 0x00, 0x00, 0x00, 0x40, 0x00, 0x00, 0x00, 0x00, 0x00, 0x00,
    0x00, 0x00, 0x00, 0x00, 0x00, 0x00, 0x00, 0x00, 0x00, 0x00, 0x00, 0x00, 0x00, 0x00, 0x00, 0x00,
    0x00, 0x40, 0x00, 0x00, 0x00, 0x00, 0x00, 0x00, 0x00, 0x00, 0x00, 0x00, 0x00, 0x00, 0x00, 0x00,
    0x00, 0x00, 0x00, 0x00, 0x00, 0x00, 0x00, 0x00, 0x00, 0x40, 0x00, 0x00, 0x00, 0x00, 0x00, 0x00,
    0x00, 0x00, 0x00, 0x00, 0x00, 0x00, 0x00, 0x00, 0x00, 0x00, 0x00, 0x00, 0x00, 0x00, 0x00, 0x00,
    0x00, 0x40, 0x00, 0x00, 0x00, 0x00, 0x00, 0x00, 0x00, 0x00, 0x00, 0x00, 0x00, 0x00, 0x00, 0x00,
    0x00, 0x00, 0x00, 0x00, 0x00, 0x00, 0x00, 0x00, 0x00, 0x40, 0x00, 0x00, 0x00, 0x00, 0x00, 0x00,
    0x00, 0x00, 0x00, 0x00, 0x00, 0x00, 0x00, 0x00, 0x00, 0x00, 0x00, 0x00, 0x00, 0x00, 0x00, 0x00,
    0x00, 0x40, 0x00, 0x00, 0x00, 0x00, 0x00, 0x00, 0x00, 0x00, 0x00, 0x00, 0x00, 0x00, 0x00, 0x00,
    0x00, 0x00, 0x00, 0x00, 0x00, 0x00, 0x00, 0x00, 0x00, 0x40, 0x00, 0x00, 0x00, 0x00, 0x00, 0x00,
    0x00, 0x00, 0x00, 0x00, 0x00, 0x00, 0x00, 0x00, 0x00, 0x00, 0x00, 0x00, 0x00, 0x00, 0x00, 0x00,
    0x00, 0x40, 0x00, 0x00, 0x00, 0x00, 0x00, 0x00, 0x00, 0x00, 0x00, 0x00, 0x00, 0x00, 0x00, 0x00,
    0x00, 0x00, 0x00, 0x00, 0x00, 0x00, 0x00, 0x00, 0x00, 0x40, 0x00, 0x00, 0x00, 0x00, 0x00, 0x00,
    0x00, 0x00, 0x00, 0x00, 0x00, 0x00, 0x00, 0x00, 0x00, 0x00, 0x00, 0x00, 0x00, 0x00, 0x00, 0x00,
    0x00, 0x40, 0x00, 0x00, 0x00, 0x00, 0x00, 0x00, 0x00, 0x00, 0x00, 0x00, 0x00, 0x00, 0x00, 0x00,
    0x00, 0x00, 0x00, 0x00, 0x00, 0x00, 0x00, 0x00, 0x00, 0x40, 0x00, 0x00, 0x00, 0x00, 0x00, 0x00,
    0x00, 0x00, 0x00, 0x00, 0x00, 0x00, 0x00, 0x00, 0x00, 0x00, 0x00, 0x00, 0x00, 0x00, 0x00, 0x00,
    0x00, 0x40, 0x00, 0x00, 0x00, 0x00, 0x00, 0x00, 0x00, 0x00, 0x00, 0x00, 0x00, 0x00, 0x00, 0x00,
    0x00, 0x00, 0x00, 0x00, 0x00, 0x00, 0x00, 0x00, 0x00, 0x40, 0x00, 0x00, 0x00, 0x00, 0x00, 0x00,
    0x00, 0x00, 0x00, 0x00, 0x00, 0x00, 0x00, 0x00, 0x00, 0x00, 0x00, 0x00, 0x00, 0x00, 0x00, 0x00,
    0x00, 0x40, 0x00, 0x00, 0x00, 0x00, 0x00, 0x00, 0x00, 0x00, 0x00, 0x00, 0x00, 0x00, 0x00, 0x00,
    0x00, 0x00, 0x00, 0x00, 0x00, 0x00, 0x00, 0x00, 0x00, 0x40, 0x00, 0x00, 0x00, 0x00, 0x00, 0x00,
    0x00, 0x00, 0x00, 0x00, 0x00, 0x00, 0x00, 0x00, 0x00, 0x00, 0x00, 0x00, 0x00, 0x00, 0x00, 0x00,
    0x00, 0x40, 0x00, 0x00, 0x00, 0x00, 0x00, 0x00, 0x00, 0x00, 0x00, 0x00, 0x00, 0x00, 0x00, 0x00,
    0x00, 0x00, 0x00, 0x00, 0x00, 0x00, 0x00, 0x00, 0x00, 0x40, 0x00, 0x00, 0x00, 0x00, 0x00, 0x00,
    0x00, 0x00, 0x00, 0x00, 0x00, 0x00, 0x00, 0x00, 0x00, 0x00, 0x00, 0x00, 0x00, 0x00, 0x00, 0x00,
    0x00, 0x40, 0x00, 0x00, 0x00, 0x00, 0x00, 0x00, 0x00, 0x00, 0x00, 0x00, 0x00, 0x00, 0x00, 0x00,
    0x00, 0x00, 0x00, 0x00, 0x00, 0x00, 0x00, 0x00, 0x00, 0x40, 0x00, 0x00, 0x00, 0x00, 0x00, 0x00,
    0x00, 0x00, 0x00, 0x00, 0x00, 0x00, 0x00, 0x00, 0x00, 0x00, 0x00, 0x00, 0x00, 0x00, 0x00, 0x00,
    0x00, 0x40, 0x00, 0x00, 0x00, 0x00, 0x00, 0x00, 0x00, 0x00, 0x00, 0x00, 0x00, 0x00, 0x00, 0x00,
    0x00, 0x00, 0x00, 0x00, 0x00, 0x00, 0x00, 0x00, 0x00, 0x40, 0x00, 0x00, 0x00, 0x00, 0x00, 0x00,
    0x00, 0x00, 0x00, 0x00, 0x00, 0x00, 0x00, 0x00, 0x00, 0x00, 0x00, 0x00, 0x00, 0x00, 0x00, 0x00,
    0x00, 0x40, 0x00, 0x00, 0x00, 0x00, 0x00, 0x00, 0x00, 0x00, 0x00, 0x00, 0x00, 0x00, 0x00, 0x00,
    0x00, 0x00, 0x00, 0x00, 0x00, 0x00, 0x00, 0x00, 0x00, 0x40, 0x00, 0x00, 0x00, 0x00, 0x00, 0x00,
    0x00, 0x00, 0x00, 0x00, 0x00, 0x00, 0x00, 0x00, 0x00, 0x00, 0x00, 0x00, 0x00, 0x00, 0x00, 0x00,
    0x00, 0x40, 0x00, 0x00, 0x00, 0x00, 0x00, 0x00, 0x00, 0x00, 0x00, 0x00, 0x00, 0x00, 0x00, 0x00,
    0x00, 0x00, 0x00, 0x00, 0x00, 0x00, 0x00, 0x00, 0x00, 0x40, 0x00, 0x00, 0x00, 0x00, 0x00, 0x00,
    0x00, 0x00, 0x00, 0x00, 0x00, 0x00, 0x00, 0x00, 0x00, 0x00, 0x00, 0x00, 0x00, 0x00, 0x00, 0x00,
    0x00, 0x40, 0x00, 0x00, 0x00, 0x00, 0x00, 0x00, 0x00, 0x00, 0x00, 0x00, 0x00, 0x00, 0x00, 0x00,
    0x00, 0x00, 0x00, 0x00, 0x00, 0x00, 0x00, 0x00, 0x00, 0x40, 0x00, 0x00, 0x00, 0x00, 0x00, 0x00,
    0x00, 0x00, 0x00, 0x00, 0x00, 0x00, 0x00, 0x00, 0x00, 0x00, 0x00, 0x00, 0x00, 0x00, 0x00, 0x00,
    0x00, 0x40, 0x00, 0x00, 0x00, 0x00, 0x00, 0x00, 0x00, 0x00, 0x00, 0x00, 0x00, 0x00, 0x00, 0x00,
    0x00, 0x00, 0x00, 0x00, 0x00, 0x00, 0x00, 0x00, 0x00, 0x40, 0x00, 0x00, 0x00, 0x00, 0x00, 0x00,
    0x00, 0x00, 0x00, 0x00, 0x00, 0x00, 0x00, 0x00, 0x00, 0x00, 0x00, 0x00, 0x00, 0x00, 0x00, 0x00,
    0x00, 0x40, 0x00, 0x00, 0x00, 0x00, 0x00, 0x00, 0x00, 0x00, 0x00, 0x00, 0x00, 0x00, 0x00, 0x00,
    0x00, 0x00, 0x00, 0x00, 0x00, 0x00, 0x00, 0x00, 0x00, 0x40, 0x00, 0x00, 0x00, 0x00, 0x00, 0x00,
    0x00, 0x00, 0x00, 0x00, 0x00, 0x00, 0x00, 0x00, 0x00, 0x00, 0x00, 0x00, 0x00, 0x00, 0x00, 0x00,
    0x00, 0x40, 0x00, 0x00, 0x00, 0x00, 0x00, 0x00, 0x00, 0x00, 0x00, 0x00, 0x00, 0x00, 0x00, 0x00,
    0x00, 0x00, 0x00, 0x00, 0x00, 0x00, 0x00, 0x00, 0x00, 0x40, 0x00, 0x00, 0x00, 0x00, 0x00, 0x00,
    0x00, 0x00, 0x00, 0x00, 0x00, 0x00, 0x00, 0x00, 0x00, 0x00, 0x00, 0x00, 0x00, 0x00, 0x00, 0x00,
    0x00, 0x40, 0x00, 0x00, 0x00, 0x00, 0x00, 0x00, 0x00, 0x00, 0x00, 0x00, 0x00, 0x00, 0x00, 0x00,
    0x00, 0x00, 0x00, 0x00, 0x00, 0x00, 0x00, 0x00, 0x00, 0x40, 0x00, 0x00, 0x00, 0x00, 0x00, 0x00,
    0x00, 0x00, 0x00, 0x00, 0x00, 0x00, 0x00, 0x00, 0x00, 0x00, 0x00, 0x00, 0x00, 0x00, 0x00, 0x00,
    0x00, 0x40, 0x00, 0x00, 0x00, 0x00, 0x00, 0x00, 0x00, 0x00, 0x00, 0x00, 0x00, 0x00, 0x00, 0x00,
    0x00, 0x00, 0x00, 0x00, 0x00, 0x00, 0x00, 0x00, 0x00, 0x40, 0x00, 0x00, 0x00, 0x00, 0x00, 0x00,
    0x00, 0x00, 0x00, 0x00, 0x00, 0x00, 0x00, 0x00, 0x00, 0x00, 0x00, 0x00, 0x00, 0x00, 0x00, 0x00,
    0x00, 0x40, 0x00, 0x00, 0x00, 0x00, 0x00, 0x00, 0x00, 0x00, 0x00, 0x00, 0x00, 0x00, 0x00, 0x00,
    0x00, 0x00, 0x00, 0x00, 0x00, 0x00, 0x00, 0x00, 0x00, 0x40, 0x00, 0x00, 0x00, 0x00, 0x00, 0x00,
    0x00, 0x00, 0x00, 0x00, 0x00, 0x00, 0x00, 0x00, 0x00, 0x00, 0x00, 0x00, 0x00, 0x00, 0x00, 0x00,
    0x00, 0x40, 0x00, 0x00, 0x00, 0x00, 0x00, 0x00, 0x00, 0x00, 0x00, 0x00, 0x00, 0x00, 0x00, 0x00,
    0x00, 0x00, 0x00, 0x00, 0x00, 0x00, 0x00, 0x00, 0x00, 0x40, 0x00, 0x00, 0x00, 0x00, 0x00, 0x00,
    0x00, 0x00, 0x00, 0x00, 0x00, 0x00, 0x00, 0x00, 0x00, 0x00, 0x00, 0x00, 0x00, 0x00, 0x00, 0x00,
    0x00, 0x40, 0x00, 0x00, 0x00, 0x00, 0x00, 0x00, 0x00, 0x00, 0x00, 0x00, 0x00, 0x00, 0x00, 0x00,
    0x00, 0x00, 0x00, 0x00, 0x00, 0x00, 0x00, 0x00, 0x00, 0x40, 0x00, 0x00, 0x00, 0x00, 0x00, 0x00,
    0x00, 0x00, 0x00, 0x00, 0x00, 0x00, 0x00, 0x00, 0x00, 0x00, 0x00, 0x00, 0x00, 0x00, 0x00, 0x00,
    0x00, 0x40, 0x00, 0x00, 0x00, 0x00, 0x00, 0x00, 0x00, 0x00, 0x00, 0x00, 0x00, 0x00, 0x00, 0x00,
    0x00, 0x00, 0x00, 0x00, 0x00, 0x00, 0x00, 0x00, 0x00, 0x40, 0x00, 0x00, 0x00, 0x00, 0x00, 0x00,
    0x00, 0x00, 0x00, 0x00, 0x00, 0x00, 0x00, 0x00, 0x00, 0x00, 0x00, 0x00, 0x00, 0x00, 0x00, 0x00,
    0x00, 0x40, 0x00, 0x00, 0x00, 0x00, 0x00, 0x00, 0x00, 0x00, 0x00, 0x00, 0x00, 0x00, 0x00, 0x00,
    0x00, 0x00, 0x00, 0x00, 0x00, 0x00, 0x00, 0x00, 0x00, 0x40, 0x00, 0x00, 0x00, 0x00, 0x00, 0x00,
    0x00, 0x00, 0x00, 0x00, 0x00, 0x00, 0x00, 0x00, 0x00, 0x00, 0x00, 0x00, 0x00, 0x00, 0x00, 0x00,
    0x00, 0x40, 0x00, 0x00, 0x00, 0x00, 0x00, 0x00, 0x00, 0x00, 0x00, 0x00, 0x00, 0x00, 0x00, 0x00,
    0x00, 0x00, 0x00, 0x00, 0x00, 0x00, 0x00, 0x00, 0x00, 0x40, 0x00, 0x00, 0x00, 0x00, 0x00, 0x00,
    0x00, 0x00, 0x00, 0x00, 0x00, 0x00, 0x00, 0x00, 0x00, 0x00, 0x00, 0x00, 0x00, 0x00, 0x00, 0x00,
    0x00, 0x40, 0x00, 0x00, 0x00, 0x00, 0x00, 0x00, 0x00, 0x00, 0x00, 0x00, 0x00, 0x00, 0x00, 0x00,
    0x00, 0x00, 0x00, 0x00, 0x00, 0x00, 0x00, 0x00, 0x00, 0x40, 0x00, 0x00, 0x00, 0x00, 0x00, 0x00,
    0x00, 0x00, 0x00, 0x00, 0x00, 0x00, 0x00, 0x00, 0x00, 0x00, 0x00, 0x00, 0x00, 0x00, 0x00, 0x00,
    0x00, 0x40, 0x00, 0x00, 0x00, 0x00, 0x00, 0x00, 0x00, 0x00, 0x00, 0x00, 0x00, 0x00, 0x00, 0x00,
    0x00, 0x00, 0x00, 0x00, 0x00, 0x00, 0x00, 0x00, 0x00, 0x40, 0x00, 0x00, 0x00, 0x00, 0x00, 0x00,
    0x00, 0x9a, 0x66, 0x40, 0x00, 0x00, 0x05, 0x20, 0x00, 0x00, 0x08, 0xec, 0x00, 0x02, 0x27, 0x9c,
    0x64, 0x40, 0x00, 0x01, 0x00, 0x00, 0x00, 0x00, 0x00, 0x95, 0x08, 0xa0, 0x00, 0x00, 0x7e, 0x48,
    0x00, 0x00, 0xdc, 0xfe, 0x00, 0x02, 0x25, 0x6c, 0x64, 0x40, 0x00, 0x01, 0x00, 0x00, 0x00, 0x00,
    0x00, 0x95, 0x87, 0x00, 0x00, 0x00, 0xbe, 0xd0, 0x00, 0x01, 0x4d, 0xe7, 0x00, 0x02, 0x25, 0x94,
    0x64, 0x40, 0x00, 0x01, 0x00, 0x00, 0x00, 0x00, 0x00, 0x96, 0x45, 0xe0, 0x00, 0x00, 0x78, 0xa0,
    0x00, 0x00, 0xd3, 0x16, 0x00, 0x02, 0x25, 0xbc, 0x64, 0x40, 0x00, 0x01, 0x00, 0x00, 0x00, 0x00,
    0x00, 0x96, 0xbe, 0x80, 0x00, 0x00, 0x75, 0x58, 0x00, 0x00, 0xcd, 0x50, 0x00, 0x02, 0x25, 0xe4,
    0x64, 0x40, 0x00, 0x01, 0x00, 0x00, 0x00, 0x00, 0x00, 0x97, 0x33, 0xe0, 0x00, 0x00, 0x1c, 0x88,
    0x00, 0x00, 0x31, 0xee, 0x00, 0x02, 0x26, 0x0c, 0x64, 0x40, 0x00, 0x01, 0x00, 0x00, 0x00, 0x00,
    0x00, 0x97, 0x50, 0x80, 0x00, 0x00, 0xa5, 0xe8, 0x00, 0x01, 0x22, 0x51, 0x00, 0x02, 0x26, 0x34,
    0x64, 0x40, 0x00, 0x01, 0x00, 0x00, 0x00, 0x00, 0x00, 0x97, 0xf6, 0x80, 0x00, 0x00, 0x4d, 0x88,
    0x00, 0x00, 0x87, 0xaa, 0x00, 0x02, 0x26, 0x5c, 0x64, 0x40, 0x00, 0x01, 0x00, 0x00, 0x00, 0x00,
    0x00, 0x92, 0x92, 0xa0, 0x00, 0x00, 0x3e, 0xe0, 0x00, 0x00, 0x6e, 0x00, 0x00, 0x02, 0x24, 0xa4,
    0x64, 0x40, 0x00, 0x01, 0x00, 0x00, 0x00, 0x00, 0x00, 0x9a, 0x66, 0x40, 0x00, 0x00, 0x05, 0x20,
    0x00, 0x00, 0x08, 0xec, 0x00, 0x02, 0x27, 0x9c, 0x40, 0x40, 0x00, 0x01, 0x00, 0x00, 0x00, 0x00,
    0x00, 0x98, 0x44, 0x20, 0x00, 0x00, 0xb7, 0x48, 0x00, 0x01, 0x40, 0xba, 0x00, 0x02, 0x26, 0x84,
    0x64, 0x40, 0x00, 0x01, 0x00, 0x00, 0x00, 0x00, 0x00, 0x98, 0xfb, 0x80, 0x00, 0x00, 0x19, 0xf0,
    0x00, 0x00, 0x2d, 0x5b, 0x00, 0x02, 0x26, 0xac, 0x64, 0x40, 0x00, 0x01, 0x00, 0x00, 0x00, 0x00,
    0x00, 0x00, 0x00, 0x00, 0x00, 0x00, 0x00, 0x00, 0x00, 0x00, 0x00, 0x00, 0x00, 0x00, 0x00, 0x00,
    0x00, 0x40, 0x00, 0x00, 0x00, 0x00, 0x00, 0x00, 0x00, 0x99, 0x15, 0x80, 0x00, 0x00, 0x11, 0x70,
    0x00, 0x00, 0x1e, 0x7b, 0x00, 0x02, 0x26, 0xd4, 0x64, 0x40, 0x00, 0x01, 0x00, 0x00, 0x00, 0x00,
    0x00, 0x99, 0x27, 0x00, 0x00, 0x00, 0xb9, 0x28, 0x00, 0x01, 0x44, 0x00, 0x00, 0x02, 0x26, 0xfc,
    0x64, 0x40, 0x00, 0x01, 0x00, 0x00, 0x00, 0x00, 0x00, 0x99, 0xe0, 0x40, 0x00, 0x00, 0x0e, 0x38,
    0x00, 0x00, 0x18, 0xdb, 0x00, 0x02, 0x27, 0x24, 0x64, 0x40, 0x00, 0x01, 0x00, 0x00, 0x00, 0x00,
    0x00, 0x00, 0x00, 0x00, 0x00, 0x00, 0x00, 0x00, 0x00, 0x00, 0x00, 0x00, 0x00, 0x00, 0x00, 0x00,
    0x00, 0x40, 0x00, 0x00, 0x00, 0x00, 0x00, 0x00, 0x00, 0x99, 0xee, 0x80, 0x00, 0x00, 0x3d, 0xa8,
    0x00, 0x00, 0x6b, 0xdc, 0x00, 0x02, 0x27, 0x4c, 0x56, 0x40, 0x00, 0x01, 0x00, 0x00, 0x00, 0x00,
    0x00, 0x00, 0x00, 0x00, 0x00, 0x00, 0x00, 0x00, 0x00, 0x00, 0x00, 0x00, 0x00, 0x00, 0x00, 0x00,
    0x00, 0x40, 0x00, 0x00, 0x00, 0x00, 0x00, 0x00, 0x00, 0x9a, 0x2c, 0x40, 0x00, 0x00, 0x39, 0xf8,
    0x00, 0x00, 0x65, 0x71, 0x00, 0x02, 0x27, 0x74, 0x64, 0x40, 0x00, 0x01, 0x00, 0x00, 0x00, 0x00,
    0x00, 0x9a, 0x66, 0x40, 0x00, 0x00, 0x05, 0x20, 0x00, 0x00, 0x08, 0xec, 0x00, 0x02, 0x27, 0x9c,
    0x01, 0x40, 0x00, 0x01, 0x00, 0x00, 0x00, 0x00, 0x00, 0x9a, 0x66, 0x40, 0x00, 0x00, 0x05, 0x20,
    0x00, 0x00, 0x08, 0xec, 0x00, 0x02, 0x27, 0x9c, 0x01, 0x40, 0x00, 0x01, 0x00, 0x00, 0x00, 0x00,
    0x00, 0x9a, 0x66, 0x40, 0x00, 0x00, 0x05, 0x20, 0x00, 0x00, 0x08, 0xec, 0x00, 0x02, 0x27, 0x9c,
    0x01, 0x40, 0x00, 0x01, 0x00, 0x00, 0x00, 0x00, 0x00, 0x9a, 0x66, 0x40, 0x00, 0x00, 0x05, 0x20,
    0x00, 0x00, 0x08, 0xec, 0x00, 0x02, 0x27, 0x9c, 0x01, 0x40, 0x00, 0x01, 0x00, 0x00, 0x00, 0x00,
    0x00, 0x9a, 0x66, 0x40, 0x00, 0x00, 0x05, 0x20, 0x00, 0x00, 0x08, 0xec, 0x00, 0x02, 0x27, 0x9c,
    0x01, 0x40, 0x00, 0x01, 0x00, 0x00, 0x00, 0x00, 0x00, 0x9a, 0x66, 0x40, 0x00, 0x00, 0x05, 0x20,
    0x00, 0x00, 0x08, 0xec, 0x00, 0x02, 0x27, 0x9c, 0x01, 0x40, 0x00, 0x01, 0x00, 0x00, 0x00, 0x00,
    0x00, 0x9a, 0x66, 0x40, 0x00, 0x00, 0x05, 0x20, 0x00, 0x00, 0x08, 0xec, 0x00, 0x02, 0x27, 0x9c,
    0x01, 0x40, 0x00, 0x01, 0x00, 0x00, 0x00, 0x00, 0x00, 0x9a, 0x66, 0x40, 0x00, 0x00, 0x05, 0x20,
    0x00, 0x00, 0x08, 0xec, 0x00, 0x02, 0x27, 0x9c, 0x01, 0x40, 0x00, 0x01, 0x00, 0x00, 0x00, 0x00,
    0x00, 0x9a, 0x66, 0x40, 0x00, 0x00, 0x05, 0x20, 0x00, 0x00, 0x08, 0xec, 0x00, 0x02, 0x27, 0x9c,
    0x01, 0x40, 0x00, 0x01, 0x00, 0x00, 0x00, 0x00, 0x00, 0x9a, 0x6b, 0x60, 0x00, 0x00, 0x02, 0x88,
    0x00, 0x00, 0x04, 0x64, 0x00, 0x02, 0x32, 0x04, 0x64, 0x40, 0x00, 0x01, 0x00, 0x00, 0x00, 0x00,
    0x00, 0x9a, 0x76, 0x20, 0x00, 0x00, 0x12, 0xe8, 0x00, 0x00, 0x21, 0x10, 0x00, 0x02, 0x32, 0x54,
    0x64, 0x40, 0x00, 0x01, 0x00, 0x00, 0x00, 0x00, 0x00, 0x9a, 0x89, 0x20, 0x00, 0x00, 0x19, 0x88,
    0x00, 0x00, 0x2c, 0xa2, 0x00, 0x02, 0x32, 0x7c, 0x64, 0x40, 0x00, 0x01, 0x00, 0x00, 0x00, 0x00,
    0x00, 0x9a, 0xa2, 0xc0, 0x00, 0x00, 0x3b, 0x60, 0x00, 0x00, 0x67, 0xdd, 0x00, 0x02, 0x32, 0xa4,
    0x64, 0x40, 0x00, 0x01, 0x00, 0x00, 0x00, 0x00, 0x00, 0x9a, 0xde, 0x20, 0x00, 0x00, 0x18, 0xb0,
    0x00, 0x00, 0x2b, 0x2d, 0x00, 0x02, 0x32, 0xcc, 0x64, 0x40, 0x00, 0x01, 0x00, 0x00, 0x00, 0x00,
    0x00, 0x9a, 0xf6, 0xe0, 0x00, 0x00, 0x35, 0x90, 0x00, 0x00, 0x5d, 0xb5, 0x00, 0x02, 0x32, 0xf4,
    0x74, 0x40, 0x00, 0x01, 0x00, 0x00, 0x00, 0x00, 0x00, 0x9c, 0xc5, 0xc0, 0x00, 0x00, 0x05, 0x20,
    0x00, 0x00, 0x08, 0xec, 0x00, 0x02, 0x34, 0x84, 0x64, 0x40, 0x00, 0x01, 0x00, 0x00, 0x00, 0x00,
    0x00, 0x9b, 0x2c, 0x80, 0x00, 0x00, 0x12, 0x58, 0x00, 0x00, 0x20, 0x14, 0x00, 0x02, 0x33, 0x1c,
    0x64, 0x40, 0x00, 0x01, 0x00, 0x00, 0x00, 0x00, 0x00, 0x9c, 0xc5, 0xc0, 0x00, 0x00, 0x05, 0x20,
    0x00, 0x00, 0x08, 0xec, 0x00, 0x02, 0x34, 0x84, 0x64, 0x40, 0x00, 0x01, 0x00, 0x00, 0x00, 0x00,
    0x00, 0x00, 0x00, 0x00, 0x00, 0x00, 0x00, 0x00, 0x00, 0x00, 0x00, 0x00, 0x00, 0x00, 0x00, 0x00,
    0x00, 0x40, 0x00, 0x00, 0x00, 0x00, 0x00, 0x00, 0x00, 0x9a, 0x6e, 0x00, 0x00, 0x00, 0x08, 0x10,
    0x00, 0x00, 0x0e, 0x15, 0x00, 0x02, 0x32, 0x2c, 0x5a, 0x40, 0x00, 0x01, 0x00, 0x00, 0x00, 0x00,
    0x00, 0x9b, 0x90, 0x40, 0x00, 0x00, 0x18, 0x48, 0x00, 0x00, 0x2a, 0x73, 0x00, 0x02, 0x33, 0x94,
    0x7f, 0x40, 0x00, 0x01, 0x00, 0x00, 0x00, 0x00, 0x00, 0x9b, 0xa8, 0xa0, 0x00, 0x00, 0x70, 0xe8,
    0x00, 0x00, 0xc5, 0x93, 0x00, 0x02, 0x33, 0xbc, 0x64, 0x40, 0x00, 0x01, 0x00, 0x00, 0x00, 0x00,
    0x00, 0x9c, 0x19, 0xa0, 0x00, 0x00, 0x3b, 0x60, 0x00, 0x00, 0x67, 0xdd, 0x00, 0x02, 0x33, 0xe4,
    0x64, 0x40, 0x00, 0x01, 0x00, 0x00, 0x00, 0x00, 0x00, 0x9c, 0x55, 0x00, 0x00, 0x00, 0x0f, 0xa8,
    0x00, 0x00, 0x1b, 0x65, 0x00, 0x02, 0x34, 0x0c, 0x77, 0x40, 0x00, 0x01, 0x00, 0x00, 0x00, 0x00,
    0x00, 0x9c, 0x64, 0xc0, 0x00, 0x00, 0x41, 0x28, 0x00, 0x00, 0x72, 0x00, 0x00, 0x02, 0x34, 0x34,
    0x64, 0x40, 0x00, 0x01, 0x00, 0x00, 0x00, 0x00, 0x00, 0x9c, 0xa6, 0x00, 0x00, 0x00, 0x1f, 0xc0,
    0x00, 0x00, 0x37, 0x8e, 0x00, 0x02, 0x34, 0x5c, 0x60, 0x40, 0x00, 0x01, 0x00, 0x00, 0x00, 0x00,
    0x00, 0x9c, 0xc5, 0xc0, 0x00, 0x00, 0x05, 0x20, 0x00, 0x00, 0x08, 0xec, 0x00, 0x02, 0x34, 0x84,
    0x01, 0x40, 0x00, 0x01, 0x00, 0x00, 0x00, 0x00, 0x00, 0x9c, 0xc5, 0xc0, 0x00, 0x00, 0x05, 0x20,
    0x00, 0x00, 0x08, 0xec, 0x00, 0x02, 0x34, 0x84, 0x01, 0x40, 0x00, 0x01, 0x00, 0x00, 0x00, 0x00,
    0x00, 0x9c, 0xc5, 0xc0, 0x00, 0x00, 0x05, 0x20, 0x00, 0x00, 0x08, 0xec, 0x00, 0x02, 0x34, 0x84,
    0x01, 0x40, 0x00, 0x01, 0x00, 0x00, 0x00, 0x00, 0x00, 0x9c, 0xc5, 0xc0, 0x00, 0x00, 0x05, 0x20,
    0x00, 0x00, 0x08, 0xec, 0x00, 0x02, 0x34, 0x84, 0x01, 0x40, 0x00, 0x01, 0x00, 0x00, 0x00, 0x00,
    0x00, 0x9c, 0xc5, 0xc0, 0x00, 0x00, 0x05, 0x20, 0x00, 0x00, 0x08, 0xec, 0x00, 0x02, 0x34, 0x84,
    0x01, 0x40, 0x00, 0x01, 0x00, 0x00, 0x00, 0x00, 0x00, 0x9c, 0xc5, 0xc0, 0x00, 0x00, 0x05, 0x20,
    0x00, 0x00, 0x08, 0xec, 0x00, 0x02, 0x34, 0x84, 0x01, 0x40, 0x00, 0x01, 0x00, 0x00, 0x00, 0x00,
    0x00, 0x9c, 0xc5, 0xc0, 0x00, 0x00, 0x05, 0x20, 0x00, 0x00, 0x08, 0xec, 0x00, 0x02, 0x34, 0x84,
    0x01, 0x40, 0x00, 0x01, 0x00, 0x00, 0x00, 0x00, 0x00, 0x9c, 0xca, 0xe0, 0x00, 0x00, 0x85, 0x70,
    0x00, 0x00, 0xe9, 0x81, 0x00, 0x02, 0x3e, 0x04, 0x64, 0x40, 0x00, 0x01, 0x00, 0x00, 0x00, 0x00,
    0x00, 0x00, 0x00, 0x00, 0x00, 0x00, 0x00, 0x00, 0x00, 0x00, 0x00, 0x00, 0x00, 0x00, 0x00, 0x00,
    0x00, 0x40, 0x00, 0x00, 0x00, 0x00, 0x00, 0x00, 0x00, 0xa0, 0x91, 0xc0, 0x00, 0x00, 0x54, 0x88,
    0x00, 0x00, 0x93, 0xeb, 0x00, 0x02, 0x3f, 0x6c, 0x64, 0x40, 0x00, 0x01, 0x00, 0x00, 0x00, 0x00,
    0x00, 0xa0, 0xe6, 0x60, 0x00, 0x00, 0xb4, 0xd0, 0x00, 0x01, 0x3c, 0x60, 0x00, 0x02, 0x3f, 0x94,
    0x64, 0x40, 0x00, 0x01, 0x00, 0x00, 0x00, 0x00, 0x00, 0x9e, 0x0a, 0xc0, 0x00, 0x00, 0x4c, 0xa8,
    0x00, 0x00, 0x86, 0x21, 0x00, 0x02, 0x3e, 0x54, 0x5f, 0x40, 0x00, 0x01, 0x00, 0x00, 0x00, 0x00,
    0x00, 0x9e, 0x57, 0x80, 0x00, 0x00, 0x47, 0xe0, 0x00, 0x00, 0x7d, 0xc1, 0x00, 0x02, 0x3e, 0x7c,
    0x6f, 0x40, 0x00, 0x01, 0x00, 0x00, 0x00, 0x00, 0x00, 0xa1, 0x9b, 0x40, 0x00, 0x00, 0x46, 0x98,
    0x00, 0x00, 0x7b, 0x81, 0x00, 0x02, 0x3f, 0xbc, 0x7f, 0x40, 0x00, 0x01, 0x00, 0x00, 0x00, 0x00,
    0x00, 0xa1, 0xe1, 0xe0, 0x00, 0x00, 0xd7, 0x70, 0x00, 0x01, 0x79, 0x00, 0x00, 0x02, 0x3f, 0xe4,
    0x64, 0x40, 0x00, 0x01, 0x00, 0x00, 0x00, 0x00, 0x00, 0xa2, 0xb9, 0x60, 0x00, 0x00, 0x9e, 0x68,
    0x00, 0x01, 0x15, 0x31, 0x00, 0x02, 0x40, 0x0c, 0x64, 0x40, 0x00, 0x01, 0x00, 0x00, 0x00, 0x00,
    0x00, 0xa3, 0x57, 0xe0, 0x00, 0x00, 0x0d, 0x98, 0x00, 0x00, 0x17, 0xc1, 0x00, 0x02, 0x40, 0x34,
    0x5a, 0x40, 0x00, 0x01, 0x00, 0x00, 0x00, 0x00, 0x00, 0x9e, 0x9f, 0x60, 0x00, 0x00, 0x11, 0xc8,
    0x00, 0x00, 0x1f, 0x18, 0x00, 0x02, 0x3e, 0xa4, 0x45, 0x40, 0x00, 0x01, 0x00, 0x00, 0x00, 0x00,
    0x00, 0xa3, 0x65, 0x80, 0x00, 0x00, 0x8f, 0xe8, 0x00, 0x00, 0xfb, 0xd1, 0x00, 0x02, 0x40, 0x5c,
    0x74, 0x40, 0x00, 0x01, 0x00, 0x00, 0x00, 0x00, 0x00, 0xa3, 0x65, 0x80, 0x00, 0x00, 0x8f, 0xe8,
    0x00, 0x00, 0xfb, 0xd1, 0x00, 0x02, 0x40, 0x5c, 0x74, 0x40, 0x00, 0x01, 0x00, 0x00, 0x00, 0x00,
    0x00, 0xa3, 0x65, 0x80, 0x00, 0x00, 0x8f, 0xe8, 0x00, 0x00, 0xfb, 0xd1, 0x00, 0x02, 0x40, 0x5c,
    0x74, 0x40, 0x00, 0x01, 0x00, 0x00, 0x00, 0x00, 0x00, 0xa3, 0x65, 0x80, 0x00, 0x00, 0x8f, 0xe8,
    0x00, 0x00, 0xfb, 0xd1, 0x00, 0x02, 0x40, 0x5c, 0x74, 0x40, 0x00, 0x01, 0x00, 0x00, 0x00, 0x00,
    0x00, 0xa3, 0x65, 0x80, 0x00, 0x00, 0x8f, 0xe8, 0x00, 0x00, 0xfb, 0xd1, 0x00, 0x02, 0x40, 0x5c,
    0x74, 0x40, 0x00, 0x01, 0x00, 0x00, 0x00, 0x00, 0x00, 0xa3, 0xf5, 0x80, 0x00, 0x00, 0x43, 0xb8,
    0x00, 0x00, 0x76, 0x82, 0x00, 0x02, 0x40, 0x84, 0x64, 0x40, 0x00, 0x01, 0x00, 0x00, 0x00, 0x00,
    0x00, 0xa4, 0x39, 0x40, 0x00, 0x00, 0x53, 0x28, 0x00, 0x00, 0x91, 0x81, 0x00, 0x02, 0x40, 0xac,
    0x64, 0x40, 0x00, 0x01, 0x00, 0x00, 0x00, 0x00, 0x00, 0xa4, 0x8c, 0x80, 0x00, 0x00, 0x74, 0x50,
    0x00, 0x00, 0xcb, 0x8b, 0x00, 0x02, 0x40, 0xd4, 0x56, 0x40, 0x00, 0x01, 0x00, 0x00, 0x00, 0x00,
    0x00, 0xa5, 0x00, 0xe0, 0x00, 0x00, 0x21, 0x50, 0x00, 0x00, 0x3a, 0x42, 0x00, 0x02, 0x40, 0xfc,
    0x64, 0x40, 0x00, 0x01, 0x00, 0x00, 0x00, 0x00, 0x00, 0xa5, 0x22, 0x40, 0x00, 0x00, 0x10, 0x38,
    0x00, 0x00, 0x1c, 0x56, 0x00, 0x02, 0x41, 0x24, 0x48, 0x40, 0x00, 0x01, 0x00, 0x00, 0x00, 0x00,
    0x00, 0xa5, 0x32, 0x80, 0x00, 0x00, 0x66, 0x80, 0x00, 0x00, 0xb3, 0x57, 0x00, 0x02, 0x41, 0x4c,
    0x76, 0x40, 0x00, 0x01, 0x00, 0x00, 0x00, 0x00, 0x00, 0x9e, 0xb1, 0x40, 0x00, 0x00, 0x8b, 0xc0,
    0x00, 0x00, 0xf4, 0x89, 0x00, 0x02, 0x3e, 0xcc, 0x64, 0x40, 0x00, 0x01, 0x00, 0x00, 0x00, 0x00,
    0x00, 0x9f, 0x3d, 0x00, 0x00, 0x00, 0x87, 0x30, 0x00, 0x00, 0xec, 0x8e, 0x00, 0x02, 0x3e, 0xf4,
    0x6e, 0x40, 0x00, 0x01, 0x00, 0x00, 0x00, 0x00, 0x00, 0x9f, 0xc4, 0x40, 0x00, 0x00, 0x51, 0x80,
    0x00, 0x00, 0x8e, 0x96, 0x00, 0x02, 0x3f, 0x1c, 0x64, 0x40, 0x00, 0x01, 0x00, 0x00, 0x00, 0x00,
    0x00, 0xa0, 0x15, 0xc0, 0x00, 0x00, 0x7c, 0x00, 0x00, 0x00, 0xd8, 0xf7, 0x00, 0x02, 0x3f, 0x44,
    0x6e, 0x40, 0x00, 0x01, 0x00, 0x00, 0x00, 0x00, 0x00, 0x00, 0x00, 0x00, 0x00, 0x00, 0x00, 0x00,
    0x00, 0x00, 0x00, 0x00, 0x00, 0x00, 0x00, 0x00, 0x00, 0x40, 0x00, 0x00, 0x00, 0x00, 0x00, 0x00,
    0x00, 0xa5, 0x99, 0x00, 0x00, 0x00, 0x27, 0x18, 0x00, 0x00, 0x44, 0x64, 0x00, 0x02, 0x41, 0x74,
    0x7f, 0x40, 0x00, 0x01, 0x00, 0x00, 0x00, 0x00, 0x00, 0xa5, 0xc0, 0x20, 0x00, 0x00, 0x23, 0x68,
    0x00, 0x00, 0x3d, 0xe9, 0x00, 0x02, 0x41, 0x9c, 0x5f, 0x40, 0x00, 0x01, 0x00, 0x00, 0x00, 0x00,
    0x00, 0xa5, 0xe3, 0xa0, 0x00, 0x00, 0x05, 0x20, 0x00, 0x00, 0x08, 0xec, 0x00, 0x02, 0x41, 0xc4,
    0x01, 0x40, 0x00, 0x01, 0x00, 0x00, 0x00, 0x00, 0x00, 0xa5, 0xe3, 0xa0, 0x00, 0x00, 0x05, 0x20,
    0x00, 0x00, 0x08, 0xec, 0x00, 0x02, 0x41, 0xc4, 0x01, 0x40, 0x00, 0x01, 0x00, 0x00, 0x00, 0x00,
    0x00, 0xa5, 0xe3, 0xa0, 0x00, 0x00, 0x05, 0x20, 0x00, 0x00, 0x08, 0xec, 0x00, 0x02, 0x41, 0xc4,
    0x01, 0x40, 0x00, 0x01, 0x00, 0x00, 0x00, 0x00, 0x00, 0xa5, 0xe3, 0xa0, 0x00, 0x00, 0x05, 0x20,
    0x00, 0x00, 0x08, 0xec, 0x00, 0x02, 0x41, 0xc4, 0x01, 0x40, 0x00, 0x01, 0x00, 0x00, 0x00, 0x00,
    0x00, 0xa5, 0xe3, 0xa0, 0x00, 0x00, 0x05, 0x20, 0x00, 0x00, 0x08, 0xec, 0x00, 0x02, 0x41, 0xc4,
    0x01, 0x40, 0x00, 0x01, 0x00, 0x00, 0x00, 0x00, 0x00, 0xa5, 0xe3, 0xa0, 0x00, 0x00, 0x05, 0x20,
    0x00, 0x00, 0x08, 0xec, 0x00, 0x02, 0x41, 0xc4, 0x01, 0x40, 0x00, 0x01, 0x00, 0x00, 0x00, 0x00,
    0x00, 0xa5, 0xe3, 0xa0, 0x00, 0x00, 0x05, 0x20, 0x00, 0x00, 0x08, 0xec, 0x00, 0x02, 0x41, 0xc4,
    0x01, 0x40, 0x00, 0x01, 0x00, 0x00, 0x00, 0x00, 0x00, 0xa5, 0xe3, 0xa0, 0x00, 0x00, 0x05, 0x20,
    0x00, 0x00, 0x08, 0xec, 0x00, 0x02, 0x41, 0xc4, 0x01, 0x40, 0x00, 0x01, 0x00, 0x00, 0x00, 0x00,
    0x00, 0xa5, 0xe3, 0xa0, 0x00, 0x00, 0x05, 0x20, 0x00, 0x00, 0x08, 0xec, 0x00, 0x02, 0x41, 0xc4,
    0x01, 0x40, 0x00, 0x01, 0x00, 0x00, 0x00, 0x00, 0x00, 0xa5, 0xe3, 0xa0, 0x00, 0x00, 0x05, 0x20,
    0x00, 0x00, 0x08, 0xec, 0x00, 0x02, 0x41, 0xc4, 0x01, 0x40, 0x00, 0x01, 0x00, 0x00, 0x00, 0x00,
    0x00, 0xa5, 0xe3, 0xa0, 0x00, 0x00, 0x05, 0x20, 0x00, 0x00, 0x08, 0xec, 0x00, 0x02, 0x41, 0xc4,
    0x01, 0x40, 0x00, 0x01, 0x00, 0x00, 0x00, 0x00, 0x00, 0xa7, 0x6b, 0xe0, 0x00, 0x00, 0xc7, 0xa0,
    0x00, 0x01, 0x5d, 0x56, 0x00, 0x02, 0x4e, 0x84, 0x4f, 0x40, 0x00, 0x01, 0x00, 0x00, 0x00, 0x00,
    0x00, 0xa8, 0x33, 0x80, 0x00, 0x00, 0xc4, 0x10, 0x00, 0x01, 0x57, 0x1c, 0x00, 0x02, 0x4e, 0xac,
    0x4f, 0x40, 0x00, 0x01, 0x00, 0x00, 0x00, 0x00, 0x00, 0xa8, 0xf7, 0xa0, 0x00, 0x01, 0x2d, 0x20,
    0x00, 0x02, 0x0e, 0xef, 0x00, 0x02, 0x4e, 0xd4, 0x64, 0x40, 0x00, 0x01, 0x00, 0x00, 0x00, 0x00,
    0x00, 0xa5, 0xe8, 0xc0, 0x00, 0x00, 0xb1, 0xb8, 0x00, 0x01, 0x37, 0x00, 0x00, 0x02, 0x4d, 0xe4,
    0x6a, 0x40, 0x00, 0x01, 0x00, 0x00, 0x00, 0x00, 0x00, 0xaa, 0x24, 0xc0, 0x00, 0x00, 0x3c, 0x70,
    0x00, 0x00, 0x69, 0xc3, 0x00, 0x02, 0x4e, 0xfc, 0x64, 0x40, 0x00, 0x01, 0x00, 0x00, 0x00, 0x00,
    0x00, 0xa6, 0x9a, 0x80, 0x00, 0x00, 0x2d, 0x98, 0x00, 0x00, 0x4f, 0xc0, 0x00, 0x02, 0x4e, 0x0c,
    0x64, 0x40, 0x00, 0x01, 0x00, 0x00, 0x00, 0x00, 0x00, 0xac, 0x8a, 0x40, 0x00, 0x00, 0x05, 0x20,
    0x00, 0x00, 0x08, 0xec, 0x00, 0x02, 0x4f, 0xec, 0x64, 0x40, 0x00, 0x01, 0x00, 0x00, 0x00, 0x00,
    0x00, 0xaa, 0x61, 0x40, 0x00, 0x00, 0x50, 0x78, 0x00, 0x00, 0x8c, 0xce, 0x00, 0x02, 0x4f, 0x24,
    0x70, 0x40, 0x00, 0x01, 0x00, 0x00, 0x00, 0x00, 0x00, 0xac, 0x8a, 0x40, 0x00, 0x00, 0x05, 0x20,
    0x00, 0x00, 0x08, 0xec, 0x00, 0x02, 0x4f, 0xec, 0x64, 0x40, 0x00, 0x01, 0x00, 0x00, 0x00, 0x00,
    0x00, 0xaa, 0xb1, 0xc0, 0x00, 0x00, 0x64, 0x98, 0x00, 0x00, 0xb0, 0x00, 0x00, 0x02, 0x4f, 0x4c,
    0x54, 0x40, 0x00, 0x01, 0x00, 0x00, 0x00, 0x00, 0x00, 0xaa, 0xb1, 0xc0, 0x00, 0x00, 0x64, 0x98,
    0x00, 0x00, 0xb0, 0x00, 0x00, 0x02, 0x4f, 0x4c, 0x54, 0x40, 0x00, 0x01, 0x00, 0x00, 0x00, 0x00,
    0x00, 0xaa, 0xb1, 0xc0, 0x00, 0x00, 0x64, 0x98, 0x00, 0x00, 0xb0, 0x00, 0x00, 0x02, 0x4f, 0x4c,
    0x54, 0x40, 0x00, 0x01, 0x00, 0x00, 0x00, 0x00, 0x00, 0xab, 0x16, 0x60, 0x00, 0x00, 0x56, 0x28,
    0x00, 0x00, 0x96, 0xc0, 0x00, 0x02, 0x4f, 0x74, 0x64, 0x40, 0x00, 0x01, 0x00, 0x00, 0x00, 0x00,
    0x00, 0xab, 0x6c, 0xa0, 0x00, 0x00, 0xa5, 0x08, 0x00, 0x01, 0x20, 0xcd, 0x00, 0x02, 0x4f, 0x9c,
    0x7f, 0x40, 0x00, 0x01, 0x00, 0x00, 0x00, 0x00, 0x00, 0xab, 0x6c, 0xa0, 0x00, 0x00, 0xa5, 0x08,
    0x00, 0x01, 0x20, 0xcd, 0x00, 0x02, 0x4f, 0x9c, 0x7f, 0x40, 0x00, 0x01, 0x00, 0x00, 0x00, 0x00,
    0x00, 0x00, 0x00, 0x00, 0x00, 0x00, 0x00, 0x00, 0x00, 0x00, 0x00, 0x00, 0x00, 0x00, 0x00, 0x00,
    0x00, 0x40, 0x00, 0x00, 0x00, 0x00, 0x00, 0x00, 0x00, 0xa6, 0xf5, 0xe0, 0x00, 0x00, 0x76, 0x00,
    0x00, 0x00, 0xce, 0x80, 0x00, 0x02, 0x4e, 0x5c, 0x5c, 0x35, 0x00, 0x01, 0x00, 0x00, 0x00, 0x00,
    0x00, 0xa6, 0xf5, 0xe0, 0x00, 0x00, 0x76, 0x00, 0x00, 0x00, 0xce, 0x80, 0x00, 0x02, 0x4e, 0x5c,
    0x5c, 0x37, 0x00, 0x01, 0x00, 0x00, 0x00, 0x00, 0x00, 0xa6, 0xf5, 0xe0, 0x00, 0x00, 0x76, 0x00,
    0x00, 0x00, 0xce, 0x80, 0x00, 0x02, 0x4e, 0x5c, 0x5c, 0x39, 0x00, 0x01, 0x00, 0x00, 0x00, 0x00,
    0x00, 0xa6, 0xf5, 0xe0, 0x00, 0x00, 0x76, 0x00, 0x00, 0x00, 0xce, 0x80, 0x00, 0x02, 0x4e, 0x5c,
    0x5c, 0x3b, 0x00, 0x01, 0x00, 0x00, 0x00, 0x00, 0x00, 0xa6, 0xf5, 0xe0, 0x00, 0x00, 0x76, 0x00,
    0x00, 0x00, 0xce, 0x80, 0x00, 0x02, 0x4e, 0x5c, 0x5c, 0x3d, 0x00, 0x01, 0x00, 0x00, 0x00, 0x00,
    0x00, 0xa6, 0xf5, 0xe0, 0x00, 0x00, 0x76, 0x00, 0x00, 0x00, 0xce, 0x80, 0x00, 0x02, 0x4e, 0x5c,
    0x5c, 0x3f, 0x00, 0x01, 0x00, 0x00, 0x00, 0x00, 0x00, 0xa6, 0xf5, 0xe0, 0x00, 0x00, 0x76, 0x00,
    0x00, 0x00, 0xce, 0x80, 0x00, 0x02, 0x4e, 0x5c, 0x5c, 0x41, 0x00, 0x01, 0x00, 0x00, 0x00, 0x00,
    0x00, 0xa6, 0xf5, 0xe0, 0x00, 0x00, 0x76, 0x00, 0x00, 0x00, 0xce, 0x80, 0x00, 0x02, 0x4e, 0x5c,
    0x5c, 0x43, 0x00, 0x01, 0x00, 0x00, 0x00, 0x00, 0x00, 0xac, 0x11, 0xc0, 0x00, 0x00, 0x78, 0x78,
    0x00, 0x00, 0xd2, 0xc8, 0x00, 0x02, 0x4f, 0xc4, 0x53, 0x40, 0x00, 0x01, 0x00, 0x00, 0x00, 0x00,
    0x00, 0xac, 0x8a, 0x40, 0x00, 0x00, 0x05, 0x20, 0x00, 0x00, 0x08, 0xec, 0x00, 0x02, 0x4f, 0xec,
    0x01, 0x40, 0x00, 0x01, 0x00, 0x00, 0x00, 0x00, 0x00, 0xac, 0x8a, 0x40, 0x00, 0x00, 0x05, 0x20,
    0x00, 0x00, 0x08, 0xec, 0x00, 0x02, 0x4f, 0xec, 0x01, 0x40, 0x00, 0x01, 0x00, 0x00, 0x00, 0x00,
    0x00, 0xac, 0x8a, 0x40, 0x00, 0x00, 0x05, 0x20, 0x00, 0x00, 0x08, 0xec, 0x00, 0x02, 0x4f, 0xec,
    0x01, 0x40, 0x00, 0x01, 0x00, 0x00, 0x00, 0x00, 0x00, 0xac, 0x8a, 0x40, 0x00, 0x00, 0x05, 0x20,
    0x00, 0x00, 0x08, 0xec, 0x00, 0x02, 0x4f, 0xec, 0x01, 0x40, 0x00, 0x01, 0x00, 0x00, 0x00, 0x00,
    0x00, 0xac, 0x8a, 0x40, 0x00, 0x00, 0x05, 0x20, 0x00, 0x00, 0x08, 0xec, 0x00, 0x02, 0x4f, 0xec,
    0x01, 0x40, 0x00, 0x01, 0x00, 0x00, 0x00, 0x00, 0x00, 0xac, 0x8a, 0x40, 0x00, 0x00, 0x05, 0x20,
    0x00, 0x00, 0x08, 0xec, 0x00, 0x02, 0x4f, 0xec, 0x01, 0x40, 0x00, 0x01, 0x00, 0x00, 0x00, 0x00,
    0x00, 0xac, 0x8a, 0x40, 0x00, 0x00, 0x05, 0x20, 0x00, 0x00, 0x08, 0xec, 0x00, 0x02, 0x4f, 0xec,
    0x01, 0x40, 0x00, 0x01, 0x00, 0x00, 0x00, 0x00, 0x00, 0xb0, 0xf4, 0x20, 0x00, 0x00, 0x60, 0xa8,
    0x00, 0x00, 0xa9, 0x1a, 0x00, 0x02, 0x59, 0xbc, 0x4f, 0x40, 0x00, 0x01, 0x00, 0x00, 0x00, 0x00,
    0x00, 0xb1, 0x54, 0xe0, 0x00, 0x00, 0x05, 0x28, 0x00, 0x00, 0x08, 0xf9, 0x00, 0x02, 0x59, 0xe4,
    0x64, 0x40, 0x00, 0x01, 0x00, 0x00, 0x00, 0x00, 0x00, 0xac, 0x8f, 0x60, 0x00, 0x01, 0x83, 0x48,
    0x00, 0x02, 0xa5, 0xbc, 0x00, 0x02, 0x59, 0x44, 0x4f, 0x40, 0x00, 0x01, 0x00, 0x00, 0x00, 0x00,
    0x00, 0xb1, 0x5a, 0x20, 0x00, 0x00, 0x3c, 0xe8, 0x00, 0x00, 0x6a, 0x89, 0x00, 0x02, 0x5a, 0x0c,
    0x4f, 0x40, 0x00, 0x01, 0x00, 0x00, 0x00, 0x00, 0x00, 0xb1, 0x97, 0x20, 0x00, 0x00, 0x6b, 0x30,
    0x00, 0x00, 0xbb, 0x8a, 0x00, 0x02, 0x5a, 0x34, 0x5b, 0x40, 0x00, 0x01, 0x00, 0x00, 0x00, 0x00,
    0x00, 0xae, 0x12, 0xc0, 0x00, 0x01, 0x10, 0x08, 0x00, 0x01, 0xdc, 0x04, 0x00, 0x02, 0x59, 0x6c,
    0x64, 0x40, 0x00, 0x01, 0x00, 0x00, 0x00, 0x00, 0x00, 0xb2, 0x02, 0x60, 0x00, 0x00, 0xe6, 0x50,
    0x00, 0x01, 0x93, 0x00, 0x00, 0x02, 0x5a, 0x5c, 0x7f, 0x40, 0x00, 0x01, 0x00, 0x00, 0x00, 0x00,
    0x00, 0xb2, 0xe8, 0xc0, 0x00, 0x00, 0x06, 0xc0, 0x00, 0x00, 0x0b, 0xc9, 0x00, 0x02, 0x5a, 0x84,
    0x64, 0x40, 0x00, 0x01, 0x00, 0x00, 0x00, 0x00, 0x00, 0xb2, 0xef, 0x80, 0x00, 0x00, 0x18, 0xc0,
    0x00, 0x00, 0x2b, 0x44, 0x00, 0x02, 0x5a, 0xac, 0x4c, 0x40, 0x00, 0x01, 0x00, 0x00, 0x00, 0x00,
    0x00, 0xb3, 0x08, 0x40, 0x00, 0x00, 0x18, 0x18, 0x00, 0x00, 0x2a, 0x20, 0x00, 0x02, 0x5a, 0xd4,
    0x64, 0x40, 0x00, 0x01, 0x00, 0x00, 0x00, 0x00, 0x00, 0xb3, 0x20, 0x60, 0x00, 0x00, 0x33, 0x50,
    0x00, 0x00, 0x59, 0xc0, 0x00, 0x02, 0x5a, 0xfc, 0x64, 0x40, 0x00, 0x01, 0x00, 0x00, 0x00, 0x00,
    0x00, 0x00, 0x00, 0x00, 0x00, 0x00, 0x00, 0x00, 0x00, 0x00, 0x00, 0x00, 0x00, 0x00, 0x00, 0x00,
    0x00, 0x40, 0x00, 0x00, 0x00, 0x00, 0x00, 0x00, 0x00, 0xb3, 0xaf, 0x00, 0x00, 0x00, 0x31, 0xe8,
    0x00, 0x00, 0x57, 0x53, 0x00, 0x02, 0x5b, 0x74, 0x64, 0x40, 0x00, 0x01, 0x00, 0x00, 0x00, 0x00,
    0x00, 0xb3, 0xe1, 0x00, 0x00, 0x00, 0x1a, 0x20, 0x00, 0x00, 0x2d, 0xae, 0x00, 0x02, 0x5b, 0x9c,
    0x4f, 0x40, 0x00, 0x01, 0x00, 0x00, 0x00, 0x00, 0x00, 0xb3, 0xfb, 0x20, 0x00, 0x00, 0x49, 0x88,
    0x00, 0x00, 0x80, 0xa4, 0x00, 0x02, 0x5b, 0xc4, 0x64, 0x40, 0x00, 0x01, 0x00, 0x00, 0x00, 0x00,
    0x00, 0xb4, 0x44, 0xc0, 0x00, 0x00, 0x12, 0xd8, 0x00, 0x00, 0x20, 0xf6, 0x00, 0x02, 0x5b, 0xec,
    0x58, 0x40, 0x00, 0x01, 0x00, 0x00, 0x00, 0x00, 0x00, 0xaf, 0x22, 0xe0, 0x00, 0x01, 0xd1, 0x28,
    0x00, 0x03, 0x2e, 0x00, 0x00, 0x02, 0x59, 0x94, 0x44, 0x40, 0x00, 0x01, 0x00, 0x00, 0x00, 0x00,
    0x00, 0xb4, 0x57, 0xa0, 0x00, 0x00, 0x66, 0xa0, 0x00, 0x00, 0xb3, 0x98, 0x00, 0x02, 0x5c, 0x14,
    0x5b, 0x40, 0x00, 0x01, 0x00, 0x00, 0x00, 0x00, 0x00, 0xb4, 0xbe, 0x40, 0x00, 0x00, 0x28, 0xb8,
    0x00, 0x00, 0x47, 0x3c, 0x00, 0x02, 0x5c, 0x3c, 0x64, 0x40, 0x00, 0x01, 0x00, 0x00, 0x00, 0x00,
    0x00, 0xb4, 0xe7, 0x00, 0x00, 0x00, 0x41, 0x28, 0x00, 0x00, 0x72, 0x00, 0x00, 0x02, 0x5c, 0x64,
    0x74, 0x40, 0x00, 0x01, 0x00, 0x00, 0x00, 0x00, 0x00, 0xb5, 0x28, 0x40, 0x00, 0x00, 0x17, 0x88,
    0x00, 0x00, 0x29, 0x21, 0x00, 0x02, 0x5c, 0x8c, 0x4f, 0x40, 0x00, 0x01, 0x00, 0x00, 0x00, 0x00,
    0x00, 0xb5, 0x3f, 0xe0, 0x00, 0x00, 0x17, 0x88, 0x00, 0x00, 0x29, 0x21, 0x00, 0x02, 0x5c, 0xb4,
    0x4f, 0x40, 0x00, 0x01, 0x00, 0x00, 0x00, 0x00, 0x00, 0xb5, 0x57, 0x80, 0x00, 0x00, 0x05, 0x20,
    0x00, 0x00, 0x08, 0xec, 0x00, 0x02, 0x5c, 0xdc, 0x01, 0x40, 0x00, 0x01, 0x00, 0x00, 0x00, 0x00,
    0x00, 0xb5, 0x57, 0x80, 0x00, 0x00, 0x05, 0x20, 0x00, 0x00, 0x08, 0xec, 0x00, 0x02, 0x5c, 0xdc,
    0x01, 0x40, 0x00, 0x01, 0x00, 0x00, 0x00, 0x00, 0x00, 0xb5, 0x57, 0x80, 0x00, 0x00, 0x05, 0x20,
    0x00, 0x00, 0x08, 0xec, 0x00, 0x02, 0x5c, 0xdc, 0x01, 0x40, 0x00, 0x01, 0x00, 0x00, 0x00, 0x00,
    0x00, 0xb5, 0x57, 0x80, 0x00, 0x00, 0x05, 0x20, 0x00, 0x00, 0x08, 0xec, 0x00, 0x02, 0x5c, 0xdc,
    0x01, 0x40, 0x00, 0x01, 0x00, 0x00, 0x00, 0x00, 0x00, 0xb5, 0x57, 0x80, 0x00, 0x00, 0x05, 0x20,
    0x00, 0x00, 0x08, 0xec, 0x00, 0x02, 0x5c, 0xdc, 0x01, 0x40, 0x00, 0x01, 0x00, 0x00, 0x00, 0x00,
    0x00, 0xb5, 0x57, 0x80, 0x00, 0x00, 0x05, 0x20, 0x00, 0x00, 0x08, 0xec, 0x00, 0x02, 0x5c, 0xdc,
    0x01, 0x40, 0x00, 0x01, 0x00, 0x00, 0x00, 0x00, 0x00, 0xb5, 0x57, 0x80, 0x00, 0x00, 0x05, 0x20,
    0x00, 0x00, 0x08, 0xec, 0x00, 0x02, 0x5c, 0xdc, 0x01, 0x40, 0x00, 0x01, 0x00, 0x00, 0x00, 0x00,
    0x00, 0xb5, 0x57, 0x80, 0x00, 0x00, 0x05, 0x20, 0x00, 0x00, 0x08, 0xec, 0x00, 0x02, 0x5c, 0xdc,
    0x01, 0x40, 0x00, 0x01, 0x00, 0x00, 0x00, 0x00, 0x00, 0xb5, 0xdb, 0x20, 0x00, 0x01, 0x2c, 0x68,
    0x00, 0x02, 0x0d, 0xae, 0x00, 0x02, 0x67, 0x2c, 0x7f, 0x20, 0x00, 0x01, 0x00, 0x00, 0x00, 0x00,
    0x00, 0xb7, 0x07, 0xa0, 0x00, 0x00, 0xa2, 0x98, 0x00, 0x01, 0x1c, 0x80, 0x00, 0x02, 0x67, 0x54,
    0x77, 0x40, 0x00, 0x01, 0x00, 0x00, 0x00, 0x00, 0x00, 0xb7, 0xaa, 0x40, 0x00, 0x00, 0x7d, 0xf0,
    0x00, 0x00, 0xdc, 0x60, 0x00, 0x02, 0x67, 0x7c, 0x77, 0x40, 0x00, 0x01, 0x00, 0x00, 0x00, 0x00,
    0x00, 0xb8, 0x28, 0x40, 0x00, 0x00, 0x7a, 0xc0, 0x00, 0x00, 0xd6, 0xc9, 0x00, 0x02, 0x67, 0xa4,
    0x7f, 0x40, 0x00, 0x01, 0x00, 0x00, 0x00, 0x00, 0x00, 0xb8, 0xa3, 0x00, 0x00, 0x00, 0x26, 0x08,
    0x00, 0x00, 0x42, 0x85, 0x00, 0x02, 0x67, 0xcc, 0x7f, 0x40, 0x00, 0x01, 0x00, 0x00, 0x00, 0x00,
    0x00, 0xb8, 0xc9, 0x20, 0x00, 0x00, 0x76, 0xf8, 0x00, 0x00, 0xd0, 0x2a, 0x00, 0x02, 0x67, 0xf4,
    0x7f, 0x40, 0x00, 0x01, 0x00, 0x00, 0x00, 0x00, 0x00, 0xb9, 0x40, 0x20, 0x00, 0x00, 0xfc, 0x10,
    0x00, 0x01, 0xb9, 0x14, 0x00, 0x02, 0x68, 0x1c, 0x7f, 0x40, 0x00, 0x01, 0x00, 0x00, 0x00, 0x00,
    0x00, 0xb5, 0x5c, 0xa0, 0x00, 0x00, 0x7e, 0x78, 0x00, 0x00, 0xdd, 0x51, 0x00, 0x02, 0x67, 0x04,
    0x4e, 0x40, 0x00, 0x01, 0x00, 0x00, 0x00, 0x00, 0x00, 0xba, 0x3c, 0x40, 0x00, 0x00, 0x4c, 0x40,
    0x00, 0x00, 0x85, 0x6a, 0x00, 0x02, 0x68, 0x44, 0x6e, 0x40, 0x00, 0x01, 0x00, 0x00, 0x00, 0x00,
    0x00, 0xba, 0x88, 0x80, 0x00, 0x00, 0x15, 0xa0, 0x00, 0x00, 0x25, 0xce, 0x00, 0x02, 0x68, 0x6c,
    0x75, 0x40, 0x00, 0x01, 0x00, 0x00, 0x00, 0x00, 0x00, 0xba, 0x9e, 0x20, 0x00, 0x00, 0x1d, 0xb0,
    0x00, 0x00, 0x33, 0xef, 0x00, 0x02, 0x68, 0x94, 0x75, 0x40, 0x00, 0x01, 0x00, 0x00, 0x00, 0x00,
    0x00, 0xb5, 0xdb, 0x20, 0x00, 0x01, 0x2c, 0x68, 0x00, 0x02, 0x0d, 0xae, 0x00, 0x02, 0x67, 0x2c,
    0x75, 0x60, 0x00, 0x01, 0x00, 0x00, 0x00, 0x00, 0x00, 0xba, 0xbb, 0xe0, 0x00, 0x00, 0x28, 0xb8,
    0x00, 0x00, 0x47, 0x3c, 0x00, 0x02, 0x68, 0xbc, 0x75, 0x40, 0x00, 0x01, 0x00, 0x00, 0x00, 0x00,
    0x00, 0xba, 0xe4, 0xa0, 0x00, 0x00, 0xdb, 0xb8, 0x00, 0x01, 0x80, 0x80, 0x00, 0x02, 0x68, 0xe4,
    0x75, 0x40, 0x00, 0x01, 0x00, 0x00, 0x00, 0x00, 0x00, 0xbb, 0xc0, 0x60, 0x00, 0x00, 0x05, 0x20,
    0x00, 0x00, 0x08, 0xec, 0x00, 0x02, 0x69, 0x0c, 0x10, 0x40, 0x00, 0x01, 0x00, 0x00, 0x00, 0x00,
    0x00, 0xbb, 0xc0, 0x60, 0x00, 0x00, 0x05, 0x20, 0x00, 0x00, 0x08, 0xec, 0x00, 0x02, 0x69, 0x0c,
    0x01, 0x40, 0x00, 0x01, 0x00, 0x00, 0x00, 0x00, 0x00, 0xbb, 0xc0, 0x60, 0x00, 0x00, 0x05, 0x20,
    0x00, 0x00, 0x08, 0xec, 0x00, 0x02, 0x69, 0x0c, 0x01, 0x40, 0x00, 0x01, 0x00, 0x00, 0x00, 0x00,
    0x00, 0xbb, 0xc0, 0x60, 0x00, 0x00, 0x05, 0x20, 0x00, 0x00, 0x08, 0xec, 0x00, 0x02, 0x69, 0x0c,
    0x01, 0x40, 0x00, 0x01, 0x00, 0x00, 0x00, 0x00, 0x00, 0xbb, 0xc0, 0x60, 0x00, 0x00, 0x05, 0x20,
    0x00, 0x00, 0x08, 0xec, 0x00, 0x02, 0x69, 0x0c, 0x01, 0x40, 0x00, 0x01, 0x00, 0x00, 0x00, 0x00,
    0x00, 0xbb, 0xc0, 0x60, 0x00, 0x00, 0x05, 0x20, 0x00, 0x00, 0x08, 0xec, 0x00, 0x02, 0x69, 0x0c,
    0x01, 0x40, 0x00, 0x01, 0x00, 0x00, 0x00, 0x00, 0x00, 0xbb, 0xc0, 0x60, 0x00, 0x00, 0x05, 0x20,
    0x00, 0x00, 0x08, 0xec, 0x00, 0x02, 0x69, 0x0c, 0x01, 0x40, 0x00, 0x01, 0x00, 0x00, 0x00, 0x00,
    0x00, 0xbb, 0xc0, 0x60, 0x00, 0x00, 0x05, 0x20, 0x00, 0x00, 0x08, 0xec, 0x00, 0x02, 0x69, 0x0c,
    0x01, 0x40, 0x00, 0x01, 0x00, 0x00, 0x00, 0x00, 0x00, 0xbb, 0xc0, 0x60, 0x00, 0x00, 0x05, 0x20,
    0x00, 0x00, 0x08, 0xec, 0x00, 0x02, 0x69, 0x0c, 0x01, 0x40, 0x00, 0x01, 0x00, 0x00, 0x00, 0x00,
    0x00, 0xbb, 0xc0, 0x60, 0x00, 0x00, 0x05, 0x20, 0x00, 0x00, 0x08, 0xec, 0x00, 0x02, 0x69, 0x0c,
    0x01, 0x40, 0x00, 0x01, 0x00, 0x00, 0x00, 0x00, 0x00, 0xbb, 0xc0, 0x60, 0x00, 0x00, 0x05, 0x20,
    0x00, 0x00, 0x08, 0xec, 0x00, 0x02, 0x69, 0x0c, 0x01, 0x40, 0x00, 0x01, 0x00, 0x00, 0x00, 0x00,
    0x00, 0xbb, 0xc0, 0x60, 0x00, 0x00, 0x05, 0x20, 0x00, 0x00, 0x08, 0xec, 0x00, 0x02, 0x69, 0x0c,
    0x01, 0x40, 0x00, 0x01, 0x00, 0x00, 0x00, 0x00, 0x00, 0xbb, 0xc0, 0x60, 0x00, 0x00, 0x05, 0x20,
    0x00, 0x00, 0x08, 0xec, 0x00, 0x02, 0x69, 0x0c, 0x01, 0x40, 0x00, 0x01, 0x00, 0x00, 0x00, 0x00,
    0x00, 0xbb, 0xc0, 0x60, 0x00, 0x00, 0x05, 0x20, 0x00, 0x00, 0x08, 0xec, 0x00, 0x02, 0x69, 0x0c,
    0x01, 0x40, 0x00, 0x01, 0x00, 0x00, 0x00, 0x00, 0x00, 0xbb, 0xc0, 0x60, 0x00, 0x00, 0x05, 0x20,
    0x00, 0x00, 0x08, 0xec, 0x00, 0x02, 0x69, 0x0c, 0x01, 0x40, 0x00, 0x01, 0x00, 0x00, 0x00, 0x00,
    0x00, 0xbb, 0xc0, 0x60, 0x00, 0x00, 0x05, 0x20, 0x00, 0x00, 0x08, 0xec, 0x00, 0x02, 0x69, 0x0c,
    0x01, 0x40, 0x00, 0x01, 0x00, 0x00, 0x00, 0x00, 0x00, 0xbb, 0xc0, 0x60, 0x00, 0x00, 0x05, 0x20,
    0x00, 0x00, 0x08, 0xec, 0x00, 0x02, 0x69, 0x0c, 0x01, 0x40, 0x00, 0x01, 0x00, 0x00, 0x00, 0x00,
    0x00, 0x00, 0x00, 0x00, 0x00, 0x00, 0x00, 0x00, 0x00, 0x00, 0x00, 0x00, 0x00, 0x00, 0x00, 0x00,
    0x00, 0x40, 0x00, 0x00, 0x00, 0x00, 0x00, 0x00, 0x00, 0xbd, 0x00, 0x60, 0x00, 0x00, 0x0d, 0xe8,
    0x00, 0x00, 0x18, 0x4f, 0x00, 0x02, 0x6f, 0xac, 0x78, 0x40, 0x00, 0x01, 0x00, 0x00, 0x00, 0x00,
    0x00, 0xbd, 0x0e, 0x60, 0x00, 0x00, 0x1d, 0x28, 0x00, 0x00, 0x32, 0xf9, 0x00, 0x02, 0x6f, 0xd4,
    0x64, 0x40, 0x00, 0x01, 0x00, 0x00, 0x00, 0x00, 0x00, 0xbd, 0x2b, 0xa0, 0x00, 0x00, 0x07, 0xe0,
    0x00, 0x00, 0x0d, 0xbe, 0x00, 0x02, 0x6f, 0xfc, 0x64, 0x40, 0x00, 0x01, 0x00, 0x00, 0x00, 0x00,
    0x00, 0xbd, 0x33, 0x80, 0x00, 0x00, 0x05, 0x20, 0x00, 0x00, 0x08, 0xec, 0x00, 0x02, 0x70, 0x24,
    0x64, 0x40, 0x00, 0x01, 0x00, 0x00, 0x00, 0x00, 0x00, 0xbd, 0x33, 0x80, 0x00, 0x00, 0x05, 0x20,
    0x00, 0x00, 0x08, 0xec, 0x00, 0x02, 0x70, 0x24, 0x64, 0x40, 0x00, 0x01, 0x00, 0x00, 0x00, 0x00,
    0x00, 0xbd, 0x33, 0x80, 0x00, 0x00, 0x05, 0x20, 0x00, 0x00, 0x08, 0xec, 0x00, 0x02, 0x70, 0x24,
    0x64, 0x40, 0x00, 0x01, 0x00, 0x00, 0x00, 0x00, 0x00, 0xbd, 0x33, 0x80, 0x00, 0x00, 0x05, 0x20,
    0x00, 0x00, 0x08, 0xec, 0x00, 0x02, 0x70, 0x24, 0x64, 0x40, 0x00, 0x01, 0x00, 0x00, 0x00, 0x00,
    0x00, 0xbd, 0x33, 0x80, 0x00, 0x00, 0x05, 0x20, 0x00, 0x00, 0x08, 0xec, 0x00, 0x02, 0x70, 0x24,
    0x64, 0x40, 0x00, 0x01, 0x00, 0x00, 0x00, 0x00, 0x00, 0x00, 0x00, 0x00, 0x00, 0x00, 0x00, 0x00,
    0x00, 0x00, 0x00, 0x00, 0x00, 0x00, 0x00, 0x00, 0x00, 0x40, 0x00, 0x00, 0x00, 0x00, 0x00, 0x00,
    0x00, 0x00, 0x00, 0x00, 0x00, 0x00, 0x00, 0x00, 0x00, 0x00, 0x00, 0x00, 0x00, 0x00, 0x00, 0x00,
    0x00, 0x40, 0x00, 0x00, 0x00, 0x00, 0x00, 0x00, 0x00, 0x00, 0x00, 0x00, 0x00, 0x00, 0x00, 0x00,
    0x00, 0x00, 0x00, 0x00, 0x00, 0x00, 0x00, 0x00, 0x00, 0x40, 0x00, 0x00, 0x00, 0x00, 0x00, 0x00,
    0x00, 0x00, 0x00, 0x00, 0x00, 0x00, 0x00, 0x00, 0x00, 0x00, 0x00, 0x00, 0x00, 0x00, 0x00, 0x00,
    0x00, 0x40, 0x00, 0x00, 0x00, 0x00, 0x00, 0x00, 0x00, 0x00, 0x00, 0x00, 0x00, 0x00, 0x00, 0x00,
    0x00, 0x00, 0x00, 0x00, 0x00, 0x00, 0x00, 0x00, 0x00, 0x40, 0x00, 0x00, 0x00, 0x00, 0x00, 0x00,
    0x00, 0x00, 0x00, 0x00, 0x00, 0x00, 0x00, 0x00, 0x00, 0x00, 0x00, 0x00, 0x00, 0x00, 0x00, 0x00,
    0x00, 0x40, 0x00, 0x00, 0x00, 0x00, 0x00, 0x00, 0x00, 0x00, 0x00, 0x00, 0x00, 0x00, 0x00, 0x00,
    0x00, 0x00, 0x00, 0x00, 0x00, 0x00, 0x00, 0x00, 0x00, 0x40, 0x00, 0x00, 0x00, 0x00, 0x00, 0x00,
    0x00, 0x00, 0x00, 0x00, 0x00, 0x00, 0x00, 0x00, 0x00, 0x00, 0x00, 0x00, 0x00, 0x00, 0x00, 0x00,
    0x00, 0x40, 0x00, 0x00, 0x00, 0x00, 0x00, 0x00, 0x00, 0x00, 0x00, 0x00, 0x00, 0x00, 0x00, 0x00,
    0x00, 0x00, 0x00, 0x00, 0x00, 0x00, 0x00, 0x00, 0x00, 0x40, 0x00, 0x00, 0x00, 0x00, 0x00, 0x00,
    0x00, 0x00, 0x00, 0x00, 0x00, 0x00, 0x00, 0x00, 0x00, 0x00, 0x00, 0x00, 0x00, 0x00, 0x00, 0x00,
    0x00, 0x40, 0x00, 0x00, 0x00, 0x00, 0x00, 0x00, 0x00, 0x00, 0x00, 0x00, 0x00, 0x00, 0x00, 0x00,
    0x00, 0x00, 0x00, 0x00, 0x00, 0x00, 0x00, 0x00, 0x00, 0x40, 0x00, 0x00, 0x00, 0x00, 0x00, 0x00,
    0x00, 0x00, 0x00, 0x00, 0x00, 0x00, 0x00, 0x00, 0x00, 0x00, 0x00, 0x00, 0x00, 0x00, 0x00, 0x00,
    0x00, 0x40, 0x00, 0x00, 0x00, 0x00, 0x00, 0x00, 0x00, 0x00, 0x00, 0x00, 0x00, 0x00, 0x00, 0x00,
    0x00, 0x00, 0x00, 0x00, 0x00, 0x00, 0x00, 0x00, 0x00, 0x40, 0x00, 0x00, 0x00, 0x00, 0x00, 0x00,
    0x00, 0x00, 0x00, 0x00, 0x00, 0x00, 0x00, 0x00, 0x00, 0x00, 0x00, 0x00, 0x00, 0x00, 0x00, 0x00,
    0x00, 0x40, 0x00, 0x00, 0x00, 0x00, 0x00, 0x00, 0x00, 0x00, 0x00, 0x00, 0x00, 0x00, 0x00, 0x00,
    0x00, 0x00, 0x00, 0x00, 0x00, 0x00, 0x00, 0x00, 0x00, 0x40, 0x00, 0x00, 0x00, 0x00, 0x00, 0x00,
    0x00, 0x00, 0x00, 0x00, 0x00, 0x00, 0x00, 0x00, 0x00, 0x00, 0x00, 0x00, 0x00, 0x00, 0x00, 0x00,
    0x00, 0x40, 0x00, 0x00, 0x00, 0x00, 0x00, 0x00, 0x00, 0x00, 0x00, 0x00, 0x00, 0x00, 0x00, 0x00,
    0x00, 0x00, 0x00, 0x00, 0x00, 0x00, 0x00, 0x00, 0x00, 0x40, 0x00, 0x00, 0x00, 0x00, 0x00, 0x00,
    0x00, 0x00, 0x00, 0x00, 0x00, 0x00, 0x00, 0x00, 0x00, 0x00, 0x00, 0x00, 0x00, 0x00, 0x00, 0x00,
    0x00, 0x40, 0x00, 0x00, 0x00, 0x00, 0x00, 0x00, 0x00, 0x00, 0x00, 0x00, 0x00, 0x00, 0x00, 0x00,
    0x00, 0x00, 0x00, 0x00, 0x00, 0x00, 0x00, 0x00, 0x00, 0x40, 0x00, 0x00, 0x00, 0x00, 0x00, 0x00,
    0x00, 0x00, 0x00, 0x00, 0x00, 0x00, 0x00, 0x00, 0x00, 0x00, 0x00, 0x00, 0x00, 0x00, 0x00, 0x00,
    0x00, 0x40, 0x00, 0x00, 0x00, 0x00, 0x00, 0x00, 0x00, 0x00, 0x00, 0x00, 0x00, 0x00, 0x00, 0x00,
    0x00, 0x00, 0x00, 0x00, 0x00, 0x00, 0x00, 0x00, 0x00, 0x40, 0x00, 0x00, 0x00, 0x00, 0x00, 0x00,
    0x00, 0x00, 0x00, 0x00, 0x00, 0x00, 0x00, 0x00, 0x00, 0x00, 0x00, 0x00, 0x00, 0x00, 0x00, 0x00,
    0x00, 0x40, 0x00, 0x00, 0x00, 0x00, 0x00, 0x00, 0x00, 0x00, 0x00, 0x00, 0x00, 0x00, 0x00, 0x00,
    0x00, 0x00, 0x00, 0x00, 0x00, 0x00, 0x00, 0x00, 0x00, 0x40, 0x00, 0x00, 0x00, 0x00, 0x00, 0x00,
    0x00, 0x00, 0x00, 0x00, 0x00, 0x00, 0x00, 0x00, 0x00, 0x00, 0x00, 0x00, 0x00, 0x00, 0x00, 0x00,
    0x00, 0x40, 0x00, 0x00, 0x00, 0x00, 0x00, 0x00, 0x00, 0x00, 0x00, 0x00, 0x00, 0x00, 0x00, 0x00,
    0x00, 0x00, 0x00, 0x00, 0x00, 0x00, 0x00, 0x00, 0x00, 0x40, 0x00, 0x00, 0x00, 0x00, 0x00, 0x00,
    0x00, 0x00, 0x00, 0x00, 0x00, 0x00, 0x00, 0x00, 0x00, 0x00, 0x00, 0x00, 0x00, 0x00, 0x00, 0x00,
    0x00, 0x40, 0x00, 0x00, 0x00, 0x00, 0x00, 0x00, 0x00, 0x00, 0x00, 0x00, 0x00, 0x00, 0x00, 0x00,
    0x00, 0x00, 0x00, 0x00, 0x00, 0x00, 0x00, 0x00, 0x00, 0x40, 0x00, 0x00, 0x00, 0x00, 0x00, 0x00,
    0x00, 0x00, 0x00, 0x00, 0x00, 0x00, 0x00, 0x00, 0x00, 0x00, 0x00, 0x00, 0x00, 0x00, 0x00, 0x00,
    0x00, 0x40, 0x00, 0x00, 0x00, 0x00, 0x00, 0x00, 0x00, 0x00, 0x00, 0x00, 0x00, 0x00, 0x00, 0x00,
    0x00, 0x00, 0x00, 0x00, 0x00, 0x00, 0x00, 0x00, 0x00, 0x40, 0x00, 0x00, 0x00, 0x00, 0x00, 0x00,
    0x00, 0x00, 0x00, 0x00, 0x00, 0x00, 0x00, 0x00, 0x00, 0x00, 0x00, 0x00, 0x00, 0x00, 0x00, 0x00,
    0x00, 0x40, 0x00, 0x00, 0x00, 0x00, 0x00, 0x00, 0x00, 0x00, 0x00, 0x00, 0x00, 0x00, 0x00, 0x00,
    0x00, 0x00, 0x00, 0x00, 0x00, 0x00, 0x00, 0x00, 0x00, 0x40, 0x00, 0x00, 0x00, 0x00, 0x00, 0x00,
    0x00, 0x00, 0x00, 0x00, 0x00, 0x00, 0x00, 0x00, 0x00, 0x00, 0x00, 0x00, 0x00, 0x00, 0x00, 0x00,
    0x00, 0x40, 0x00, 0x00, 0x00, 0x00, 0x00, 0x00, 0x00, 0x00, 0x00, 0x00, 0x00, 0x00, 0x00, 0x00,
    0x00, 0x00, 0x00, 0x00, 0x00, 0x00, 0x00, 0x00, 0x00, 0x40, 0x00, 0x00, 0x00, 0x00, 0x00, 0x00,
    0x00, 0x00, 0x00, 0x00, 0x00, 0x00, 0x00, 0x00, 0x00, 0x00, 0x00, 0x00, 0x00, 0x00, 0x00, 0x00,
    0x00, 0x40, 0x00, 0x00, 0x00, 0x00, 0x00, 0x00, 0x00, 0x00, 0x00, 0x00, 0x00, 0x00, 0x00, 0x00,
    0x00, 0x00, 0x00, 0x00, 0x00, 0x00, 0x00, 0x00, 0x00, 0x40, 0x00, 0x00, 0x00, 0x00, 0x00, 0x00,
    0x00, 0x00, 0x00, 0x00, 0x00, 0x00, 0x00, 0x00, 0x00, 0x00, 0x00, 0x00, 0x00, 0x00, 0x00, 0x00,
    0x00, 0x40, 0x00, 0x00, 0x00, 0x00, 0x00, 0x00, 0x00, 0x00, 0x00, 0x00, 0x00, 0x00, 0x00, 0x00,
    0x00, 0x00, 0x00, 0x00, 0x00, 0x00, 0x00, 0x00, 0x00, 0x40, 0x00, 0x00, 0x00, 0x00, 0x00, 0x00,
    0x00, 0x00, 0x00, 0x00, 0x00, 0x00, 0x00, 0x00, 0x00, 0x00, 0x00, 0x00, 0x00, 0x00, 0x00, 0x00,
    0x00, 0x40, 0x00, 0x00, 0x00, 0x00, 0x00, 0x00, 0x00, 0x00, 0x00, 0x00, 0x00, 0x00, 0x00, 0x00,
    0x00, 0x00, 0x00, 0x00, 0x00, 0x00, 0x00, 0x00, 0x00, 0x40, 0x00, 0x00, 0x00, 0x00, 0x00, 0x00,
    0x00, 0x00, 0x00, 0x00, 0x00, 0x00, 0x00, 0x00, 0x00, 0x00, 0x00, 0x00, 0x00, 0x00, 0x00, 0x00,
    0x00, 0x40, 0x00, 0x00, 0x00, 0x00, 0x00, 0x00, 0x00, 0x00, 0x00, 0x00, 0x00, 0x00, 0x00, 0x00,
    0x00, 0x00, 0x00, 0x00, 0x00, 0x00, 0x00, 0x00, 0x00, 0x40, 0x00, 0x00, 0x00, 0x00, 0x00, 0x00,
    0x00, 0x00, 0x00, 0x00, 0x00, 0x00, 0x00, 0x00, 0x00, 0x00, 0x00, 0x00, 0x00, 0x00, 0x00, 0x00,
    0x00, 0x40, 0x00, 0x00, 0x00, 0x00, 0x00, 0x00, 0x00, 0x00, 0x00, 0x00, 0x00, 0x00, 0x00, 0x00,
    0x00, 0x00, 0x00, 0x00, 0x00, 0x00, 0x00, 0x00, 0x00, 0x40, 0x00, 0x00, 0x00, 0x00, 0x00, 0x00,
    0x00, 0x00, 0x00, 0x00, 0x00, 0x00, 0x00, 0x00, 0x00, 0x00, 0x00, 0x00, 0x00, 0x00, 0x00, 0x00,
    0x00, 0x40, 0x00, 0x00, 0x00, 0x00, 0x00, 0x00, 0x00, 0x00, 0x00, 0x00, 0x00, 0x00, 0x00, 0x00,
    0x00, 0x00, 0x00, 0x00, 0x00, 0x00, 0x00, 0x00, 0x00, 0x40, 0x00, 0x00, 0x00, 0x00, 0x00, 0x00,
    0x00, 0x00, 0x00, 0x00, 0x00, 0x00, 0x00, 0x00, 0x00, 0x00, 0x00, 0x00, 0x00, 0x00, 0x00, 0x00,
    0x00, 0x40, 0x00, 0x00, 0x00, 0x00, 0x00, 0x00, 0x00, 0x00, 0x00, 0x00, 0x00, 0x00, 0x00, 0x00,
    0x00, 0x00, 0x00, 0x00, 0x00, 0x00, 0x00, 0x00, 0x00, 0x40, 0x00, 0x00, 0x00, 0x00, 0x00, 0x00,
    0x00, 0x00, 0x00, 0x00, 0x00, 0x00, 0x00, 0x00, 0x00, 0x00, 0x00, 0x00, 0x00, 0x00, 0x00, 0x00,
    0x00, 0x40, 0x00, 0x00, 0x00, 0x00, 0x00, 0x00, 0x00, 0x00, 0x00, 0x00, 0x00, 0x00, 0x00, 0x00,
    0x00, 0x00, 0x00, 0x00, 0x00, 0x00, 0x00, 0x00, 0x00, 0x40, 0x00, 0x00, 0x00, 0x00, 0x00, 0x00,
    0x00, 0x00, 0x00, 0x00, 0x00, 0x00, 0x00, 0x00, 0x00, 0x00, 0x00, 0x00, 0x00, 0x00, 0x00, 0x00,
    0x00, 0x40, 0x00, 0x00, 0x00, 0x00, 0x00, 0x00, 0x00, 0x00, 0x00, 0x00, 0x00, 0x00, 0x00, 0x00,
    0x00, 0x00, 0x00, 0x00, 0x00, 0x00, 0x00, 0x00, 0x00, 0x40, 0x00, 0x00, 0x00, 0x00, 0x00, 0x00,
    0x00, 0x00, 0x00, 0x00, 0x00, 0x00, 0x00, 0x00, 0x00, 0x00, 0x00, 0x00, 0x00, 0x00, 0x00, 0x00,
    0x00, 0x40, 0x00, 0x00, 0x00, 0x00, 0x00, 0x00, 0x00, 0x00, 0x00, 0x00, 0x00, 0x00, 0x00, 0x00,
    0x00, 0x00, 0x00, 0x00, 0x00, 0x00, 0x00, 0x00, 0x00, 0x40, 0x00, 0x00, 0x00, 0x00, 0x00, 0x00,
    0x00, 0x00, 0x00, 0x00, 0x00, 0x00, 0x00, 0x00, 0x00, 0x00, 0x00, 0x00, 0x00, 0x00, 0x00, 0x00,
    0x00, 0x40, 0x00, 0x00, 0x00, 0x00, 0x00, 0x00, 0x00, 0x00, 0x00, 0x00, 0x00, 0x00, 0x00, 0x00,
    0x00, 0x00, 0x00, 0x00, 0x00, 0x00, 0x00, 0x00, 0x00, 0x40, 0x00, 0x00, 0x00, 0x00, 0x00, 0x00,
    0x00, 0x00, 0x00, 0x00, 0x00, 0x00, 0x00, 0x00, 0x00, 0x00, 0x00, 0x00, 0x00, 0x00, 0x00, 0x00,
    0x00, 0x40, 0x00, 0x00, 0x00, 0x00, 0x00, 0x00, 0x00, 0x00, 0x00, 0x00, 0x00, 0x00, 0x00, 0x00,
    0x00, 0x00, 0x00, 0x00, 0x00, 0x00, 0x00, 0x00, 0x00, 0x40, 0x00, 0x00, 0x00, 0x00, 0x00, 0x00,
    0x00, 0x00, 0x00, 0x00, 0x00, 0x00, 0x00, 0x00, 0x00, 0x00, 0x00, 0x00, 0x00, 0x00, 0x00, 0x00,
    0x00, 0x40, 0x00, 0x00, 0x00, 0x00, 0x00, 0x00, 0x00, 0x00, 0x00, 0x00, 0x00, 0x00, 0x00, 0x00,
    0x00, 0x00, 0x00, 0x00, 0x00, 0x00, 0x00, 0x00, 0x00, 0x40, 0x00, 0x00, 0x00, 0x00, 0x00, 0x00,
    0x00, 0x00, 0x00, 0x00, 0x00, 0x00, 0x00, 0x00, 0x00, 0x00, 0x00, 0x00, 0x00, 0x00, 0x00, 0x00,
    0x00, 0x40, 0x00, 0x00, 0x00, 0x00, 0x00, 0x00, 0x00, 0x00, 0x00, 0x00, 0x00, 0x00, 0x00, 0x00,
    0x00, 0x00, 0x00, 0x00, 0x00, 0x00, 0x00, 0x00, 0x00, 0x40, 0x00, 0x00, 0x00, 0x00, 0x00, 0x00,
    0x00, 0xbd, 0x38, 0xa0, 0x00, 0x01, 0xb2, 0xe0, 0x00, 0x02, 0xf9, 0x00, 0x00, 0x02, 0x74, 0xa4,
    0x64, 0x40, 0x00, 0x01, 0x00, 0x00, 0x00, 0x00, 0x00, 0xc0, 0x70, 0x40, 0x00, 0x00, 0x89, 0x60,
    0x00, 0x00, 0xf0, 0x5b, 0x00, 0x02, 0x75, 0x1c, 0x64, 0x40, 0x00, 0x01, 0x00, 0x00, 0x00, 0x00,
    0x00, 0xc0, 0xf9, 0xa0, 0x00, 0x00, 0x3d, 0xa8, 0x00, 0x00, 0x6b, 0xe1, 0x00, 0x02, 0x75, 0x44,
    0x74, 0x40, 0x00, 0x01, 0x00, 0x00, 0x00, 0x00, 0x00, 0xc2, 0x7d, 0x00, 0x00, 0x00, 0x05, 0x20,
    0x00, 0x00, 0x08, 0xec, 0x00, 0x02, 0x75, 0xe4, 0x5a, 0x40, 0x00, 0x01, 0x00, 0x00, 0x00, 0x00,
    0x00, 0xbe, 0xeb, 0x80, 0x00, 0x00, 0xaf, 0x70, 0x00, 0x01, 0x33, 0x00, 0x00, 0x02, 0x74, 0xcc,
    0x7f, 0x40, 0x00, 0x01, 0x00, 0x00, 0x00, 0x00, 0x00, 0xc2, 0x7d, 0x00, 0x00, 0x00, 0x05, 0x20,
    0x00, 0x00, 0x08, 0xec, 0x00, 0x02, 0x75, 0xe4, 0x5a, 0x40, 0x00, 0x01, 0x00, 0x00, 0x00, 0x00,
    0x00, 0xbe, 0xeb, 0x80, 0x00, 0x00, 0xaf, 0x70, 0x00, 0x01, 0x33, 0x00, 0x00, 0x02, 0x74, 0xcc,
    0x7f, 0x40, 0x00, 0x01, 0x00, 0x00, 0x00, 0x00, 0x00, 0xc2, 0x7d, 0x00, 0x00, 0x00, 0x05, 0x20,
    0x00, 0x00, 0x08, 0xec, 0x00, 0x02, 0x75, 0xe4, 0x5a, 0x40, 0x00, 0x01, 0x00, 0x00, 0x00, 0x00,
    0x00, 0xc1, 0x37, 0x60, 0x00, 0x00, 0x54, 0xb0, 0x00, 0x00, 0x94, 0x2d, 0x00, 0x02, 0x75, 0x6c,
    0x5f, 0x40, 0x00, 0x01, 0x00, 0x00, 0x00, 0x00, 0x00, 0xc1, 0x8c, 0x20, 0x00, 0x00, 0x6a, 0xc8,
    0x00, 0x00, 0xba, 0xda, 0x00, 0x02, 0x75, 0x94, 0x6c, 0x40, 0x00, 0x01, 0x00, 0x00, 0x00, 0x00,
    0x00, 0xbe, 0xeb, 0x80, 0x00, 0x00, 0xaf, 0x70, 0x00, 0x01, 0x33, 0x00, 0x00, 0x02, 0x74, 0xcc,
    0x64, 0x40, 0x00, 0x01, 0x00, 0x00, 0x00, 0x00, 0x00, 0xbf, 0x9b, 0x00, 0x00, 0x00, 0xd5, 0x28,
    0x00, 0x01, 0x75, 0x00, 0x00, 0x02, 0x74, 0xf4, 0x7f, 0x40, 0x00, 0x01, 0x00, 0x00, 0x00, 0x00,
    0x00, 0xc1, 0xf7, 0x00, 0x00, 0x00, 0x85, 0xf0, 0x00, 0x00, 0xea, 0x61, 0x00, 0x02, 0x75, 0xbc,
    0x64, 0x40, 0x00, 0x01, 0x00, 0x00, 0x00, 0x00, 0x00, 0xc2, 0x82, 0x20, 0x00, 0x00, 0x45, 0x10,
    0x00, 0x00, 0x78, 0xcf, 0x00, 0x02, 0x7b, 0x84, 0x64, 0x40, 0x00, 0x01, 0x00, 0x00, 0x00, 0x00,
    0x00, 0xc2, 0xc7, 0x40, 0x00, 0x00, 0x20, 0x30, 0x00, 0x00, 0x38, 0x4b, 0x00, 0x02, 0x7b, 0xac,
    0x64, 0x40, 0x00, 0x01, 0x00, 0x00, 0x00, 0x00, 0x00, 0xc2, 0xe7, 0x80, 0x00, 0x00, 0xa9, 0x68,
    0x00, 0x01, 0x28, 0x6d, 0x00, 0x02, 0x7b, 0xd4, 0x64, 0x40, 0x00, 0x01, 0x00, 0x00, 0x00, 0x00,
    0x00, 0xc3, 0x91, 0x00, 0x00, 0x00, 0x3d, 0xd0, 0x00, 0x00, 0x6c, 0x1f, 0x00, 0x02, 0x7b, 0xfc,
    0x64, 0x40, 0x00, 0x01, 0x00, 0x00, 0x00, 0x00, 0x00, 0xc5, 0x1c, 0x00, 0x00, 0x00, 0x05, 0x20,
    0x00, 0x00, 0x08, 0xec, 0x00, 0x02, 0x7c, 0xc4, 0x64, 0x40, 0x00, 0x01, 0x00, 0x00, 0x00, 0x00,
    0x00, 0xc3, 0xce, 0xe0, 0x00, 0x00, 0x1d, 0x80, 0x00, 0x00, 0x33, 0xa0, 0x00, 0x02, 0x7c, 0x24,
    0x3e, 0x40, 0x00, 0x01, 0x00, 0x00, 0x00, 0x00, 0x00, 0xc3, 0xec, 0x60, 0x00, 0x00, 0x62, 0x10,
    0x00, 0x00, 0xab, 0x94, 0x00, 0x02, 0x7c, 0x4c, 0x64, 0x40, 0x00, 0x01, 0x00, 0x00, 0x00, 0x00,
    0x00, 0xc4, 0x4e, 0x80, 0x00, 0x00, 0x25, 0xe0, 0x00, 0x00, 0x42, 0x3f, 0x00, 0x02, 0x7c, 0x74,
    0x48, 0x40, 0x00, 0x01, 0x00, 0x00, 0x00, 0x00, 0x00, 0xc4, 0x4e, 0x80, 0x00, 0x00, 0x25, 0xe0,
    0x00, 0x00, 0x42, 0x3f, 0x00, 0x02, 0x7c, 0x74, 0x48, 0x40, 0x00, 0x01, 0x00, 0x00, 0x00, 0x00,
    0x00, 0xc4, 0x4e, 0x80, 0x00, 0x00, 0x25, 0xe0, 0x00, 0x00, 0x42, 0x3f, 0x00, 0x02, 0x7c, 0x74,
    0x48, 0x40, 0x00, 0x01, 0x00, 0x00, 0x00, 0x00, 0x00, 0xc4, 0x4e, 0x80, 0x00, 0x00, 0x25, 0xe0,
    0x00, 0x00, 0x42, 0x3f, 0x00, 0x02, 0x7c, 0x74, 0x48, 0x40, 0x00, 0x01, 0x00, 0x00, 0x00, 0x00,
    0x00, 0xc4, 0x4e, 0x80, 0x00, 0x00, 0x25, 0xe0, 0x00, 0x00, 0x42, 0x3f, 0x00, 0x02, 0x7c, 0x74,
    0x48, 0x40, 0x00, 0x01, 0x00, 0x00, 0x00, 0x00, 0x00, 0xc4, 0x74, 0x60, 0x00, 0x00, 0xa7, 0x98,
    0x00, 0x01, 0x25, 0x40, 0x00, 0x02, 0x7c, 0x9c, 0x47, 0x40, 0x00, 0x01, 0x00, 0x00, 0x00, 0x00,
    0x00, 0xc5, 0x1c, 0x00, 0x00, 0x00, 0x05, 0x20, 0x00, 0x00, 0x08, 0xec, 0x00, 0x02, 0x7c, 0xc4,
    0x01, 0x40, 0x00, 0x01, 0x00, 0x00, 0x00, 0x00, 0x00, 0xc5, 0x1c, 0x00, 0x00, 0x00, 0x05, 0x20,
    0x00, 0x00, 0x08, 0xec, 0x00, 0x02, 0x7c, 0xc4, 0x01, 0x40, 0x00, 0x01, 0x00, 0x00, 0x00, 0x00,
    0x00, 0xc5, 0x1c, 0x00, 0x00, 0x00, 0x05, 0x20, 0x00, 0x00, 0x08, 0xec, 0x00, 0x02, 0x7c, 0xc4,
    0x01, 0x40, 0x00, 0x01, 0x00, 0x00, 0x00, 0x00, 0x00, 0xc5, 0x1c, 0x00, 0x00, 0x00, 0x05, 0x20,
    0x00, 0x00, 0x08, 0xec, 0x00, 0x02, 0x7c, 0xc4, 0x01, 0x40, 0x00, 0x01, 0x00, 0x00, 0x00, 0x00,
    0x00, 0xc5, 0x1c, 0x00, 0x00, 0x00, 0x05, 0x20, 0x00, 0x00, 0x08, 0xec, 0x00, 0x02, 0x7c, 0xc4,
    0x01, 0x40, 0x00, 0x01, 0x00, 0x00, 0x00, 0x00, 0x00, 0xc5, 0x1c, 0x00, 0x00, 0x00, 0x05, 0x20,
    0x00, 0x00, 0x08, 0xec, 0x00, 0x02, 0x7c, 0xc4, 0x01, 0x40, 0x00, 0x01, 0x00, 0x00, 0x00, 0x00,
    0x00, 0xc5, 0x1c, 0x00, 0x00, 0x00, 0x05, 0x20, 0x00, 0x00, 0x08, 0xec, 0x00, 0x02, 0x7c, 0xc4,
    0x01, 0x40, 0x00, 0x01, 0x00, 0x00, 0x00, 0x00, 0x00, 0xc5, 0x21, 0x20, 0x00, 0x00, 0x3a, 0x48,
    0x00, 0x00, 0x65, 0xf4, 0x00, 0x02, 0x81, 0xe4, 0x64, 0x40, 0x00, 0x01, 0x00, 0x00, 0x00, 0x00,
    0x00, 0xc5, 0x5b, 0x80, 0x00, 0x00, 0x47, 0x58, 0x00, 0x00, 0x7c, 0xcf, 0x00, 0x02, 0x82, 0x0c,
    0x64, 0x40, 0x00, 0x01, 0x00, 0x00, 0x00, 0x00, 0x00, 0xc5, 0xa2, 0xe0, 0x00, 0x00, 0x29, 0xc0,
    0x00, 0x00, 0x49, 0x0e, 0x00, 0x02, 0x82, 0x34, 0x64, 0x40, 0x00, 0x01, 0x00, 0x00, 0x00, 0x00,
    0x00, 0xc5, 0xcc, 0xa0, 0x00, 0x00, 0xad, 0x60, 0x00, 0x01, 0x2f, 0x68, 0x00, 0x02, 0x82, 0x5c,
    0x64, 0x40, 0x00, 0x01, 0x00, 0x00, 0x00, 0x00, 0x00, 0xc6, 0x7a, 0x00, 0x00, 0x00, 0x29, 0x28,
    0x00, 0x00, 0x48, 0x00, 0x00, 0x02, 0x82, 0x84, 0x64, 0x40, 0x00, 0x01, 0x00, 0x00, 0x00, 0x00,
    0x00, 0xc6, 0xa3, 0x40, 0x00, 0x00, 0x29, 0x28, 0x00, 0x00, 0x48, 0x00, 0x00, 0x02, 0x82, 0xac,
    0x64, 0x40, 0x00, 0x01, 0x00, 0x00, 0x00, 0x00, 0x00, 0xc6, 0xcc, 0x80, 0x00, 0x00, 0x29, 0x28,
    0x00, 0x00, 0x48, 0x00, 0x00, 0x02, 0x82, 0xd4, 0x64, 0x40, 0x00, 0x01, 0x00, 0x00, 0x00, 0x00,
    0x00, 0xc6, 0xf5, 0xc0, 0x00, 0x00, 0x29, 0x28, 0x00, 0x00, 0x48, 0x00, 0x00, 0x02, 0x82, 0xfc,
    0x64, 0x40, 0x00, 0x01, 0x00, 0x00, 0x00, 0x00, 0x00, 0xc7, 0x1f, 0x00, 0x00, 0x00, 0x29, 0x28,
    0x00, 0x00, 0x48, 0x00, 0x00, 0x02, 0x83, 0x24, 0x64, 0x40, 0x00, 0x01, 0x00, 0x00, 0x00, 0x00,
    0x00, 0xc7, 0x48, 0x40, 0x00, 0x00, 0x29, 0x28, 0x00, 0x00, 0x48, 0x00, 0x00, 0x02, 0x83, 0x4c,
    0x64, 0x40, 0x00, 0x01, 0x00, 0x00, 0x00, 0x00, 0x00, 0x00, 0x00, 0x00, 0x00, 0x00, 0x00, 0x00,
    0x00, 0x00, 0x00, 0x00, 0x00, 0x00, 0x00, 0x00, 0x00, 0x40, 0x00, 0x00, 0x00, 0x00, 0x00, 0x00,
    0x00, 0xc7, 0xae, 0xe0, 0x00, 0x00, 0x1b, 0x80, 0x00, 0x00, 0x30, 0x13, 0x00, 0x02, 0x88, 0x8c,
    0x64, 0x40, 0x00, 0x01, 0x00, 0x00, 0x00, 0x00, 0x00, 0xc7, 0xca, 0x60, 0x00, 0x00, 0x75, 0xc8,
    0x00, 0x00, 0xce, 0x14, 0x00, 0x02, 0x88, 0xb4, 0x64, 0x40, 0x00, 0x01, 0x00, 0x00, 0x00, 0x00,
    0x00, 0xc8, 0x40, 0x40, 0x00, 0x00, 0x10, 0x70, 0x00, 0x00, 0x1c, 0xbd, 0x00, 0x02, 0x88, 0xdc,
    0x50, 0x40, 0x00, 0x01, 0x00, 0x00, 0x00, 0x00, 0x00, 0xc8, 0x50, 0xc0, 0x00, 0x00, 0x13, 0x70,
    0x00, 0x00, 0x22, 0x00, 0x00, 0x02, 0x89, 0x04, 0x5b, 0x40, 0x00, 0x01, 0x00, 0x00, 0x00, 0x00,
    0x00, 0xc8, 0x64, 0x40, 0x00, 0x00, 0x29, 0x28, 0x00, 0x00, 0x48, 0x00, 0x00, 0x02, 0x89, 0x2c,
    0x64, 0x40, 0x00, 0x01, 0x00, 0x00, 0x00, 0x00, 0x00, 0xc8, 0x8d, 0x80, 0x00, 0x00, 0x29, 0x28,
    0x00, 0x00, 0x48, 0x00, 0x00, 0x02, 0x89, 0x54, 0x64, 0x40, 0x00, 0x01, 0x00, 0x00, 0x00, 0x00,
    0x00, 0xc8, 0xb6, 0xc0, 0x00, 0x00, 0x29, 0x28, 0x00, 0x00, 0x48, 0x00, 0x00, 0x02, 0x89, 0x7c,
    0x64, 0x40, 0x00, 0x01, 0x00, 0x00, 0x00, 0x00, 0x00, 0xc8, 0xe0, 0x00, 0x00, 0x00, 0x29, 0x28,
    0x00, 0x00, 0x48, 0x00, 0x00, 0x02, 0x89, 0xa4, 0x64, 0x40, 0x00, 0x01, 0x00, 0x00, 0x00, 0x00,
    0x00, 0xc9, 0x09, 0x40, 0x00, 0x00, 0x29, 0x28, 0x00, 0x00, 0x48, 0x00, 0x00, 0x02, 0x89, 0xcc,
    0x64, 0x40, 0x00, 0x01, 0x00, 0x00, 0x00, 0x00, 0x00, 0xcb, 0xc3, 0x20, 0x00, 0x00, 0x2a, 0xb8,
    0x00, 0x00, 0x4a, 0xbe, 0x00, 0x02, 0x8e, 0x94, 0x55, 0x40, 0x00, 0x01, 0x00, 0x00, 0x00, 0x00,
    0x00, 0xcb, 0xed, 0xe0, 0x00, 0x00, 0x62, 0xf0, 0x00, 0x00, 0xad, 0x24, 0x00, 0x02, 0x8e, 0xbc,
    0x55, 0x40, 0x00, 0x01, 0x00, 0x00, 0x00, 0x00, 0x00, 0xc9, 0x32, 0x80, 0x00, 0x01, 0xc6, 0xe0,
    0x00, 0x03, 0x1c, 0x00, 0x00, 0x02, 0x8e, 0x44, 0x58, 0x40, 0x00, 0x01, 0x00, 0x00, 0x00, 0x00,
    0x00, 0xca, 0xf9, 0x60, 0x00, 0x00, 0xc9, 0xb8, 0x00, 0x01, 0x61, 0x00, 0x00, 0x02, 0x8e, 0x6c,
    0x74, 0x40, 0x00, 0x01, 0x00, 0x00, 0x00, 0x00, 0x00, 0xcc, 0x50, 0xe0, 0x00, 0x00, 0xd5, 0xf8,
    0x00, 0x01, 0x76, 0x6c, 0x00, 0x02, 0x92, 0x04, 0x7f, 0x40, 0x00, 0x01, 0x00, 0x00, 0x00, 0x00,
    0x00, 0xcd, 0x26, 0xe0, 0x00, 0x00, 0x6a, 0x98, 0x00, 0x00, 0xba, 0x7d, 0x00, 0x02, 0x92, 0x2c,
    0x50, 0x40, 0x00, 0x01, 0x00, 0x00, 0x00, 0x00, 0x00, 0xcd, 0xbb, 0x20, 0x00, 0x00, 0x70, 0x98,
    0x00, 0x00, 0xc5, 0x00, 0x00, 0x02, 0x92, 0x7c, 0x7f, 0x40, 0x00, 0x01, 0x00, 0x00, 0x00, 0x00,
    0x00, 0xcd, 0x91, 0x80, 0x00, 0x00, 0x29, 0x98, 0x00, 0x00, 0x48, 0xbf, 0x00, 0x02, 0x92, 0x54,
    0x7f, 0x40, 0x00, 0x01, 0x00, 0x00, 0x00, 0x00, 0x00, 0xce, 0x2b, 0xc0, 0x00, 0x00, 0x18, 0x90,
    0x00, 0x00, 0x2a, 0xf3, 0x00, 0x02, 0x92, 0xa4, 0x7f, 0x40, 0x00, 0x01, 0x00, 0x00, 0x00, 0x00,
    0x00, 0xce, 0x44, 0x60, 0x00, 0x00, 0x5d, 0x00, 0x00, 0x00, 0xa2, 0xbc, 0x00, 0x02, 0x92, 0xcc,
    0x64, 0x40, 0x00, 0x01, 0x00, 0x00, 0x00, 0x00, 0x00, 0xce, 0xa1, 0x60, 0x00, 0x00, 0x2e, 0x08,
    0x00, 0x00, 0x50, 0x84, 0x00, 0x02, 0x92, 0xf4, 0x74, 0x40, 0x00, 0x01, 0x00, 0x00, 0x00, 0x00,
    0x00, 0xce, 0xcf, 0x80, 0x00, 0x00, 0x0c, 0x28, 0x00, 0x00, 0x15, 0x46, 0x00, 0x02, 0x93, 0x1c,
    0x56, 0x40, 0x00, 0x01, 0x00, 0x00, 0x00, 0x00, 0x00, 0xce, 0xdb, 0xc0, 0x00, 0x00, 0x69, 0x58,
    0x00, 0x00, 0xb8, 0x53, 0x00, 0x02, 0x93, 0x44, 0x64, 0x40, 0x00, 0x01, 0x00, 0x00, 0x00, 0x00,
    0x00, 0xd0, 0x26, 0xc0, 0x00, 0x00, 0x72, 0xf8, 0x00, 0x00, 0xc9, 0x2b, 0x00, 0x02, 0x98, 0x6c,
    0x64, 0x40, 0x00, 0x01, 0x00, 0x00, 0x00, 0x00, 0x00, 0xd0, 0x99, 0xc0, 0x00, 0x00, 0x54, 0x68,
    0x00, 0x00, 0x93, 0xab, 0x00, 0x02, 0x98, 0x94, 0x64, 0x40, 0x00, 0x01, 0x00, 0x00, 0x00, 0x00,
    0x00, 0xd0, 0xee, 0x40, 0x00, 0x00, 0x88, 0x08, 0x00, 0x00, 0xee, 0x02, 0x00, 0x02, 0x98, 0xbc,
    0x64, 0x40, 0x00, 0x01, 0x00, 0x00, 0x00, 0x00, 0x00, 0x00, 0x00, 0x00, 0x00, 0x00, 0x00, 0x00,
    0x00, 0x00, 0x00, 0x00, 0x00, 0x00, 0x00, 0x00, 0x00, 0x40, 0x00, 0x00, 0x00, 0x00, 0x00, 0x00,
    0x00, 0xd1, 0x76, 0x60, 0x00, 0x00, 0x0a, 0x48, 0x00, 0x00, 0x11, 0xf7, 0x00, 0x02, 0x98, 0xe4,
    0x64, 0x40, 0x00, 0x01, 0x00, 0x00, 0x00, 0x00, 0x00, 0xd1, 0x80, 0xc0, 0x00, 0x00, 0x29, 0x28,
    0x00, 0x00, 0x48, 0x00, 0x00, 0x02, 0x99, 0x0c, 0x64, 0x40, 0x00, 0x01, 0x00, 0x00, 0x00, 0x00,
    0x00, 0xd1, 0xaa, 0x00, 0x00, 0x00, 0x29, 0x28, 0x00, 0x00, 0x48, 0x00, 0x00, 0x02, 0x99, 0x34,
    0x64, 0x40, 0x00, 0x01, 0x00, 0x00, 0x00, 0x00, 0x00, 0xd1, 0xd3, 0x40, 0x00, 0x00, 0x29, 0x28,
    0x00, 0x00, 0x48, 0x00, 0x00, 0x02, 0x99, 0x5c, 0x64, 0x40, 0x00, 0x01, 0x00, 0x00, 0x00, 0x00,
    0x00, 0xd1, 0xfc, 0x80, 0x00, 0x00, 0x29, 0x28, 0x00, 0x00, 0x48, 0x00, 0x00, 0x02, 0x99, 0x84,
    0x64, 0x40, 0x00, 0x01, 0x00, 0x00, 0x00, 0x00, 0x00, 0xd2, 0x25, 0xc0, 0x00, 0x00, 0x29, 0x28,
    0x00, 0x00, 0x48, 0x00, 0x00, 0x02, 0x99, 0xac, 0x64, 0x40, 0x00, 0x01, 0x00, 0x00, 0x00, 0x00,
    0x00, 0xd2, 0x4f, 0x00, 0x00, 0x00, 0xcc, 0x50, 0x00, 0x01, 0x65, 0x80, 0x00, 0x02, 0xa0, 0x24,
    0x7f, 0x40, 0x00, 0x01, 0x00, 0x00, 0x00, 0x00, 0x00, 0xd7, 0x0c, 0xa0, 0x00, 0x00, 0x41, 0xc0,
    0x00, 0x00, 0x73, 0x03, 0x00, 0x02, 0xa0, 0xec, 0x7f, 0x40, 0x00, 0x01, 0x00, 0x00, 0x00, 0x00,
    0x00, 0xd7, 0x4e, 0x60, 0x00, 0x00, 0x1b, 0x50, 0x00, 0x00, 0x2f, 0xc0, 0x00, 0x02, 0xa1, 0x14,
    0x6a, 0x40, 0x00, 0x01, 0x00, 0x00, 0x00, 0x00, 0x00, 0xd7, 0x69, 0xc0, 0x00, 0x00, 0x10, 0x80,
    0x00, 0x00, 0x1c, 0xd8, 0x00, 0x02, 0xa1, 0x3c, 0x5a, 0x40, 0x00, 0x01, 0x00, 0x00, 0x00, 0x00,
    0x00, 0xd3, 0x1b, 0x60, 0x00, 0x01, 0xd1, 0x28, 0x00, 0x03, 0x2e, 0x00, 0x00, 0x02, 0xa0, 0x4c,
    0x48, 0x40, 0x00, 0x01, 0x00, 0x00, 0x00, 0x00, 0x00, 0x00, 0x00, 0x00, 0x00, 0x00, 0x00, 0x00,
    0x00, 0x00, 0x00, 0x00, 0x00, 0x00, 0x00, 0x00, 0x00, 0x40, 0x00, 0x00, 0x00, 0x00, 0x00, 0x00,
    0x00, 0xd5, 0xaf, 0x80, 0x00, 0x00, 0xcc, 0xb8, 0x00, 0x01, 0x66, 0x40, 0x00, 0x02, 0xa0, 0x9c,
    0x7f, 0x40, 0x00, 0x01, 0x00, 0x00, 0x00, 0x00, 0x00, 0x00, 0x00, 0x00, 0x00, 0x00, 0x00, 0x00,
    0x00, 0x00, 0x00, 0x00, 0x00, 0x00, 0x00, 0x00, 0x00, 0x40, 0x00, 0x00, 0x00, 0x00, 0x00, 0x00,
    0x00, 0xd7, 0x7a, 0x40, 0x00, 0x00, 0xf9, 0xb8, 0x00, 0x01, 0xb5, 0x00, 0x00, 0x02, 0xa7, 0xc4,
    0x64, 0x40, 0x00, 0x01, 0x00, 0x00, 0x00, 0x00, 0x00, 0xd8, 0x74, 0x00, 0x00, 0x00, 0x72, 0x78,
    0x00, 0x00, 0xc8, 0x46, 0x00, 0x02, 0xa7, 0xec, 0x57, 0x40, 0x00, 0x01, 0x00, 0x00, 0x00, 0x00,
    0x00, 0xd8, 0xe6, 0x80, 0x00, 0x00, 0x09, 0x40, 0x00, 0x00, 0x10, 0x26, 0x00, 0x02, 0xa8, 0x14,
    0x64, 0x40, 0x00, 0x01, 0x00, 0x00, 0x00, 0x00, 0x00, 0xd8, 0xef, 0xc0, 0x00, 0x00, 0x26, 0x48,
    0x00, 0x00, 0x42, 0xf1, 0x00, 0x02, 0xa8, 0x3c, 0x64, 0x40, 0x00, 0x01, 0x00, 0x00, 0x00, 0x00,
    0x00, 0xd9, 0x16, 0x20, 0x00, 0x00, 0x1e, 0x80, 0x00, 0x00, 0x35, 0x56, 0x00, 0x02, 0xa8, 0x64,
    0x64, 0x40, 0x00, 0x01, 0x00, 0x00, 0x00, 0x00, 0x00, 0xd9, 0x34, 0xa0, 0x00, 0x00, 0x8e, 0xc8,
    0x00, 0x00, 0xf9, 0xdb, 0x00, 0x02, 0xa8, 0x8c, 0x64, 0x40, 0x00, 0x01, 0x00, 0x00, 0x00, 0x00,
    0x00, 0xd9, 0xc3, 0x80, 0x00, 0x00, 0x13, 0xb8, 0x00, 0x00, 0x22, 0x78, 0x00, 0x02, 0xa8, 0xb4,
    0x64, 0x40, 0x00, 0x01, 0x00, 0x00, 0x00, 0x00, 0x00, 0xd9, 0xd7, 0x40, 0x00, 0x00, 0x2d, 0x78,
    0x00, 0x00, 0x4f, 0x87, 0x00, 0x02, 0xa8, 0xdc, 0x64, 0x40, 0x00, 0x01, 0x00, 0x00, 0x00, 0x00,
    0x00, 0xda, 0x04, 0xc0, 0x00, 0x00, 0x24, 0x60, 0x00, 0x00, 0x3f, 0xa6, 0x00, 0x02, 0xa9, 0x04,
    0x64, 0x40, 0x00, 0x01, 0x00, 0x00, 0x00, 0x00, 0x00, 0xda, 0x29, 0x20, 0x00, 0x00, 0x31, 0x10,
    0x00, 0x00, 0x55, 0xcf, 0x00, 0x02, 0xa9, 0x2c, 0x64, 0x40, 0x00, 0x01, 0x00, 0x00, 0x00, 0x00,
    0x00, 0xd8, 0x74, 0x00, 0x00, 0x00, 0x72, 0x78, 0x00, 0x00, 0xc8, 0x46, 0x00, 0x02, 0xa7, 0xec,
    0x57, 0x40, 0x00, 0x01, 0x00, 0x00, 0x00, 0x00, 0x00, 0xda, 0x5a, 0x40, 0x00, 0x00, 0x70, 0xe0,
    0x00, 0x00, 0xc5, 0x80, 0x00, 0x02, 0xa9, 0x54, 0x64, 0x40, 0x00, 0x01, 0x00, 0x00, 0x00, 0x00,
    0x00, 0xdc, 0x1b, 0x20, 0x00, 0x00, 0x09, 0xe8, 0x00, 0x00, 0x11, 0x53, 0x00, 0x02, 0xaf, 0x34,
    0x50, 0x40, 0x00, 0x01, 0x00, 0x00, 0x00, 0x00, 0x00, 0xdc, 0x25, 0x20, 0x00, 0x00, 0x26, 0x90,
    0x00, 0x00, 0x43, 0x72, 0x00, 0x02, 0xaf, 0x5c, 0x5a, 0x40, 0x00, 0x01, 0x00, 0x00, 0x00, 0x00,
    0x00, 0xdc, 0x4b, 0xc0, 0x00, 0x00, 0x38, 0x00, 0x00, 0x00, 0x61, 0xf6, 0x00, 0x02, 0xaf, 0x84,
    0x40, 0x40, 0x00, 0x01, 0x00, 0x00, 0x00, 0x00, 0x00, 0xdc, 0x83, 0xc0, 0x00, 0x00, 0x06, 0x98,
    0x00, 0x00, 0x0b, 0x88, 0x00, 0x02, 0xaf, 0xac, 0x5a, 0x40, 0x00, 0x01, 0x00, 0x00, 0x00, 0x00,
    0x00, 0xdc, 0x8a, 0x60, 0x00, 0x00, 0x0b, 0x20, 0x00, 0x00, 0x13, 0x70, 0x00, 0x02, 0xaf, 0xd4,
    0x5a, 0x40, 0x00, 0x01, 0x00, 0x00, 0x00, 0x00, 0x00, 0xda, 0xcb, 0x20, 0x00, 0x00, 0x10, 0x80,
    0x00, 0x00, 0x1c, 0xd8, 0x00, 0x02, 0xae, 0xe4, 0x4d, 0x40, 0x00, 0x01, 0x00, 0x00, 0x00, 0x00,
    0x00, 0xdc, 0x95, 0x80, 0x00, 0x00, 0x4d, 0x28, 0x00, 0x00, 0x87, 0x00, 0x00, 0x02, 0xaf, 0xfc,
    0x40, 0x40, 0x00, 0x01, 0x00, 0x00, 0x00, 0x00, 0x00, 0xda, 0xdb, 0xa0, 0x00, 0x01, 0x3f, 0x70,
    0x00, 0x02, 0x2f, 0x00, 0x00, 0x02, 0xaf, 0x0c, 0x40, 0x40, 0x00, 0x01, 0x00, 0x00, 0x00, 0x00,
    0x00, 0xdc, 0xe2, 0xc0, 0x00, 0x00, 0x29, 0x28, 0x00, 0x00, 0x48, 0x00, 0x00, 0x02, 0xb0, 0x24,
    0x40, 0x40, 0x00, 0x01, 0x00, 0x00, 0x00, 0x00, 0x00, 0xdd, 0x0c, 0x00, 0x00, 0x00, 0x29, 0x28,
    0x00, 0x00, 0x48, 0x00, 0x00, 0x02, 0xb0, 0x4c, 0x40, 0x40, 0x00, 0x01, 0x00, 0x00, 0x00, 0x00,
    0x00, 0xdd, 0x35, 0x40, 0x00, 0x00, 0x29, 0x28, 0x00, 0x00, 0x48, 0x00, 0x00, 0x02, 0xb0, 0x74,
    0x40, 0x40, 0x00, 0x01, 0x00, 0x00, 0x00, 0x00, 0x00, 0xe0, 0x77, 0xc0, 0x00, 0x01, 0x4b, 0xb8,
    0x00, 0x02, 0x44, 0x81, 0x00, 0x02, 0xb7, 0x34, 0x5e, 0x40, 0x00, 0x01, 0x00, 0x00, 0x00, 0x00,
    0x00, 0xe1, 0xc3, 0x80, 0x00, 0x00, 0x0f, 0x60, 0x00, 0x00, 0x1a, 0xe7, 0x00, 0x02, 0xb7, 0x5c,
    0x4f, 0x40, 0x00, 0x01, 0x00, 0x00, 0x00, 0x00, 0x00, 0xe1, 0xd2, 0xe0, 0x00, 0x00, 0x40, 0x28,
    0x00, 0x00, 0x70, 0x40, 0x00, 0x02, 0xb7, 0x84, 0x5b, 0x40, 0x00, 0x01, 0x00, 0x00, 0x00, 0x00,
    0x00, 0xdd, 0x5e, 0x80, 0x00, 0x00, 0x30, 0xa0, 0x00, 0x00, 0x55, 0x15, 0x00, 0x02, 0xb6, 0x44,
    0x5b, 0x40, 0x00, 0x01, 0x00, 0x00, 0x00, 0x00, 0x00, 0xe2, 0x13, 0x20, 0x00, 0x00, 0x53, 0x78,
    0x00, 0x00, 0x92, 0x09, 0x00, 0x02, 0xb7, 0xac, 0x64, 0x40, 0x00, 0x01, 0x00, 0x00, 0x00, 0x00,
    0x00, 0xe3, 0x01, 0x60, 0x00, 0x00, 0x05, 0x20, 0x00, 0x00, 0x08, 0xec, 0x00, 0x02, 0xb8, 0x24,
    0x64, 0x40, 0x00, 0x01, 0x00, 0x00, 0x00, 0x00, 0x00, 0xdd, 0x8f, 0x20, 0x00, 0x00, 0x18, 0x30,
    0x00, 0x00, 0x2a, 0x50, 0x00, 0x02, 0xb6, 0x6c, 0x3a, 0x40, 0x00, 0x01, 0x00, 0x00, 0x00, 0x00,
    0x00, 0xe3, 0x01, 0x60, 0x00, 0x00, 0x05, 0x20, 0x00, 0x00, 0x08, 0xec, 0x00, 0x02, 0xb8, 0x24,
    0x64, 0x40, 0x00, 0x01, 0x00, 0x00, 0x00, 0x00, 0x00, 0x00, 0x00, 0x00, 0x00, 0x00, 0x00, 0x00,
    0x00, 0x00, 0x00, 0x00, 0x00, 0x00, 0x00, 0x00, 0x00, 0x40, 0x00, 0x00, 0x00, 0x00, 0x00, 0x00,
    0x00, 0xe2, 0x66, 0xa0, 0x00, 0x00, 0x7d, 0x30, 0x00, 0x00, 0xdb, 0x14, 0x00, 0x02, 0xb7, 0xd4,
    0x4f, 0x40, 0x00, 0x01, 0x00, 0x00, 0x00, 0x00, 0x00, 0xe3, 0x01, 0x60, 0x00, 0x00, 0x05, 0x20,
    0x00, 0x00, 0x08, 0xec, 0x00, 0x02, 0xb8, 0x24, 0x64, 0x40, 0x00, 0x01, 0x00, 0x00, 0x00, 0x00,
    0x00, 0xe2, 0xe3, 0xe0, 0x00, 0x00, 0x1d, 0x78, 0x00, 0x00, 0x33, 0x85, 0x00, 0x02, 0xb7, 0xfc,
    0x28, 0x40, 0x00, 0x01, 0x00, 0x00, 0x00, 0x00, 0x00, 0xde, 0xcb, 0xc0, 0x00, 0x00, 0xa1, 0xb8,
    0x00, 0x01, 0x1b, 0x00, 0x00, 0x02, 0xb6, 0xe4, 0x7f, 0x40, 0x00, 0x01, 0x00, 0x00, 0x00, 0x00,
    0x00, 0xdf, 0x6d, 0x80, 0x00, 0x01, 0x0a, 0x38, 0x00, 0x01, 0xd1, 0xda, 0x00, 0x02, 0xb7, 0x0c,
    0x7f, 0x40, 0x00, 0x01, 0x00, 0x00, 0x00, 0x00, 0x00, 0xe1, 0xc3, 0x80, 0x00, 0x00, 0x0f, 0x60,
    0x00, 0x00, 0x1a, 0xe7, 0x00, 0x02, 0xb7, 0x5c, 0x6a, 0x40, 0x00, 0x01, 0x00, 0x00, 0x00, 0x00,
    0x00, 0xe1, 0xd2, 0xe0, 0x00, 0x00, 0x40, 0x28, 0x00, 0x00, 0x70, 0x40, 0x00, 0x02, 0xb7, 0x84,
    0x6a, 0x40, 0x00, 0x01, 0x00, 0x00, 0x00, 0x00, 0x00, 0xe3, 0x01, 0x60, 0x00, 0x00, 0x05, 0x20,
    0x00, 0x00, 0x08, 0xec, 0x00, 0x02, 0xb8, 0x24, 0x01, 0x40, 0x00, 0x01, 0x00, 0x00, 0x00, 0x00,
    0x00, 0xe3, 0x01, 0x60, 0x00, 0x00, 0x05, 0x20, 0x00, 0x00, 0x08, 0xec, 0x00, 0x02, 0xb8, 0x24,
    0x01, 0x40, 0x00, 0x01, 0x00, 0x00, 0x00, 0x00, 0x00, 0xe3, 0x01, 0x60, 0x00, 0x00, 0x05, 0x20,
    0x00, 0x00, 0x08, 0xec, 0x00, 0x02, 0xb8, 0x24, 0x01, 0x40, 0x00, 0x01, 0x00, 0x00, 0x00, 0x00,
    0x00, 0xe3, 0x01, 0x60, 0x00, 0x00, 0x05, 0x20, 0x00, 0x00, 0x08, 0xec, 0x00, 0x02, 0xb8, 0x24,
    0x01, 0x40, 0x00, 0x01, 0x00, 0x00, 0x00, 0x00, 0x00, 0xe3, 0x06, 0x80, 0x00, 0x00, 0x70, 0xd0,
    0x00, 0x00, 0xc5, 0x5f, 0x00, 0x02, 0xc0, 0x04, 0x7f, 0x40, 0x00, 0x01, 0x00, 0x00, 0x00, 0x00,
    0x00, 0xe3, 0xc8, 0x40, 0x00, 0x00, 0xd1, 0xf0, 0x00, 0x01, 0x6f, 0x5b, 0x00, 0x02, 0xc0, 0x54,
    0x64, 0x40, 0x00, 0x01, 0x00, 0x00, 0x00, 0x00, 0x00, 0xe4, 0x9a, 0x40, 0x00, 0x00, 0x4a, 0xe8,
    0x00, 0x00, 0x83, 0x0a, 0x00, 0x02, 0xc0, 0x7c, 0x64, 0x40, 0x00, 0x01, 0x00, 0x00, 0x00, 0x00,
    0x00, 0xe4, 0xe5, 0x40, 0x00, 0x00, 0x16, 0xe0, 0x00, 0x00, 0x28, 0x00, 0x00, 0x02, 0xc0, 0xa4,
    0x50, 0x40, 0x00, 0x01, 0x00, 0x00, 0x00, 0x00, 0x00, 0xe4, 0xfc, 0x20, 0x00, 0x00, 0x28, 0xc0,
    0x00, 0x00, 0x47, 0x4e, 0x00, 0x02, 0xc0, 0xcc, 0x50, 0x40, 0x00, 0x01, 0x00, 0x00, 0x00, 0x00,
    0x00, 0x00, 0x00, 0x00, 0x00, 0x00, 0x00, 0x00, 0x00, 0x00, 0x00, 0x00, 0x00, 0x00, 0x00, 0x00,
    0x00, 0x40, 0x00, 0x00, 0x00, 0x00, 0x00, 0x00, 0x00, 0xe6, 0x32, 0x00, 0x00, 0x00, 0x1f, 0x48,
    0x00, 0x00, 0x36, 0xb5, 0x00, 0x02, 0xc1, 0x44, 0x64, 0x40, 0x00, 0x01, 0x00, 0x00, 0x00, 0x00,
    0x00, 0xe6, 0x51, 0x60, 0x00, 0x00, 0x1d, 0x98, 0x00, 0x00, 0x33, 0xc5, 0x00, 0x02, 0xc1, 0x6c,
    0x5a, 0x40, 0x00, 0x01, 0x00, 0x00, 0x00, 0x00, 0x00, 0xe6, 0x6f, 0x00, 0x00, 0x00, 0x25, 0x88,
    0x00, 0x00, 0x41, 0xac, 0x00, 0x02, 0xc1, 0x94, 0x5a, 0x40, 0x00, 0x01, 0x00, 0x00, 0x00, 0x00,
    0x00, 0xe6, 0x94, 0xa0, 0x00, 0x01, 0x3a, 0x00, 0x00, 0x02, 0x25, 0x7b, 0x00, 0x02, 0xc1, 0xbc,
    0x64, 0x40, 0x00, 0x01, 0x00, 0x00, 0x00, 0x00, 0x00, 0xe7, 0xce, 0xa0, 0x00, 0x01, 0x15, 0x38,
    0x00, 0x01, 0xe5, 0x1c, 0x00, 0x02, 0xc1, 0xe4, 0x64, 0x40, 0x00, 0x01, 0x00, 0x00, 0x00, 0x00,
    0x00, 0xe3, 0x77, 0x60, 0x00, 0x00, 0x50, 0xe0, 0x00, 0x00, 0x8d, 0x80, 0x00, 0x02, 0xc0, 0x2c,
    0x55, 0x40, 0x00, 0x01, 0x00, 0x00, 0x00, 0x00, 0x00, 0x00, 0x00, 0x00, 0x00, 0x00, 0x00, 0x00,
    0x00, 0x00, 0x00, 0x00, 0x00, 0x00, 0x00, 0x00, 0x00, 0x40, 0x00, 0x00, 0x00, 0x00, 0x00, 0x00,
    0x00, 0xe8, 0xe3, 0xe0, 0x00, 0x00, 0x0f, 0x80, 0x00, 0x00, 0x1b, 0x16, 0x00, 0x02, 0xc2, 0x0c,
    0x64, 0x40, 0x00, 0x01, 0x00, 0x00, 0x00, 0x00, 0x00, 0xe8, 0xf3, 0x60, 0x00, 0x00, 0x34, 0x10,
    0x00, 0x00, 0x5b, 0x11, 0x00, 0x02, 0xc2, 0x34, 0x64, 0x40, 0x00, 0x01, 0x00, 0x00, 0x00, 0x00,
    0x00, 0xea, 0x2a, 0x60, 0x00, 0x00, 0x75, 0xe0, 0x00, 0x00, 0xce, 0x42, 0x00, 0x02, 0xc9, 0xb4,
    0x64, 0x40, 0x00, 0x01, 0x00, 0x00, 0x00, 0x00, 0x00, 0xea, 0xa0, 0x40, 0x00, 0x00, 0x36, 0x08,
    0x00, 0x00, 0x5e, 0x8a, 0x00, 0x02, 0xc9, 0xdc, 0x4f, 0x40, 0x00, 0x01, 0x00, 0x00, 0x00, 0x00,
    0x00, 0xea, 0xd6, 0x60, 0x00, 0x00, 0x0a, 0x88, 0x00, 0x00, 0x12, 0x63, 0x00, 0x02, 0xca, 0x04,
    0x64, 0x40, 0x00, 0x01, 0x00, 0x00, 0x00, 0x00, 0x00, 0xea, 0xe1, 0x00, 0x00, 0x00, 0x67, 0x40,
    0x00, 0x00, 0xb4, 0xa6, 0x00, 0x02, 0xca, 0x2c, 0x64, 0x40, 0x00, 0x01, 0x00, 0x00, 0x00, 0x00,
    0x00, 0xeb, 0x48, 0x40, 0x00, 0x00, 0x87, 0x08, 0x00, 0x00, 0xec, 0x46, 0x00, 0x02, 0xca, 0x54,
    0x64, 0x40, 0x00, 0x01, 0x00, 0x00, 0x00, 0x00, 0x00, 0xeb, 0xcf, 0x60, 0x00, 0x00, 0x73, 0x60,
    0x00, 0x00, 0xc9, 0xe4, 0x00, 0x02, 0xca, 0x7c, 0x64, 0x40, 0x00, 0x01, 0x00, 0x00, 0x00, 0x00,
    0x00, 0xec, 0x42, 0xc0, 0x00, 0x00, 0xb3, 0xe8, 0x00, 0x01, 0x3a, 0xcd, 0x00, 0x02, 0xca, 0xa4,
    0x64, 0x40, 0x00, 0x01, 0x00, 0x00, 0x00, 0x00, 0x00, 0xe9, 0x27, 0x80, 0x00, 0x00, 0xbc, 0xb0,
    0x00, 0x01, 0x4a, 0x29, 0x00, 0x02, 0xc9, 0x64, 0x32, 0x40, 0x00, 0x01, 0x00, 0x00, 0x00, 0x00,
    0x00, 0xe9, 0xe4, 0x40, 0x00, 0x00, 0x46, 0x18, 0x00, 0x00, 0x7a, 0xa0, 0x00, 0x02, 0xc9, 0x8c,
    0x47, 0x40, 0x00, 0x01, 0x00, 0x00, 0x00, 0x00, 0x00, 0xec, 0xf6, 0xc0, 0x00, 0x00, 0x97, 0xb8,
    0x00, 0x01, 0x09, 0x80, 0x00, 0x02, 0xca, 0xcc, 0x64, 0x40, 0x00, 0x01, 0x00, 0x00, 0x00, 0x00,
    0x00, 0xef, 0x51, 0x20, 0x00, 0x00, 0x05, 0x20, 0x00, 0x00, 0x08, 0xec, 0x00, 0x02, 0xd1, 0xdc,
    0x40, 0x40, 0x00, 0x01, 0x00, 0x00, 0x00, 0x00, 0x00, 0xed, 0x8e, 0x80, 0x00, 0x00, 0x10, 0xe0,
    0x00, 0x00, 0x1d, 0x7d, 0x00, 0x02, 0xd0, 0x24, 0x6e, 0x30, 0x00, 0x01, 0x00, 0x00, 0x00, 0x00,
    0x00, 0xed, 0x8e, 0x80, 0x00, 0x00, 0x10, 0xe0, 0x00, 0x00, 0x1d, 0x7d, 0x00, 0x02, 0xd0, 0x24,
    0x6e, 0x50, 0x00, 0x01, 0x00, 0x00, 0x00, 0x00, 0x00, 0xed, 0x9f, 0x60, 0x00, 0x00, 0x17, 0xe0,
    0x00, 0x00, 0x29, 0xc7, 0x00, 0x02, 0xd0, 0x4c, 0x6a, 0x30, 0x00, 0x01, 0x00, 0x00, 0x00, 0x00,
    0x00, 0xed, 0x9f, 0x60, 0x00, 0x00, 0x17, 0xe0, 0x00, 0x00, 0x29, 0xc7, 0x00, 0x02, 0xd0, 0x4c,
    0x6a, 0x50, 0x00, 0x01, 0x00, 0x00, 0x00, 0x00, 0x00, 0x00, 0x00, 0x00, 0x00, 0x00, 0x00, 0x00,
    0x00, 0x00, 0x00, 0x00, 0x00, 0x00, 0x00, 0x00, 0x00, 0x40, 0x00, 0x00, 0x00, 0x00, 0x00, 0x00,
    0x00, 0x00, 0x00, 0x00, 0x00, 0x00, 0x00, 0x00, 0x00, 0x00, 0x00, 0x00, 0x00, 0x00, 0x00, 0x00,
    0x00, 0x40, 0x00, 0x00, 0x00, 0x00, 0x00, 0x00, 0x00, 0xed, 0xea, 0x00, 0x00, 0x00, 0x23, 0x10,
    0x00, 0x00, 0x3d, 0x56, 0x00, 0x02, 0xd0, 0xc4, 0x64, 0x30, 0x00, 0x01, 0x00, 0x00, 0x00, 0x00,
    0x00, 0xed, 0xea, 0x00, 0x00, 0x00, 0x23, 0x10, 0x00, 0x00, 0x3d, 0x56, 0x00, 0x02, 0xd0, 0xc4,
    0x64, 0x50, 0x00, 0x01, 0x00, 0x00, 0x00, 0x00, 0x00, 0x00, 0x00, 0x00, 0x00, 0x00, 0x00, 0x00,
    0x00, 0x00, 0x00, 0x00, 0x00, 0x00, 0x00, 0x00, 0x00, 0x40, 0x00, 0x00, 0x00, 0x00, 0x00, 0x00,
    0x00, 0x00, 0x00, 0x00, 0x00, 0x00, 0x00, 0x00, 0x00, 0x00, 0x00, 0x00, 0x00, 0x00, 0x00, 0x00,
    0x00, 0x40, 0x00, 0x00, 0x00, 0x00, 0x00, 0x00, 0x00, 0xee, 0x67, 0x00, 0x00, 0x00, 0x1b, 0x48,
    0x00, 0x00, 0x2f, 0xba, 0x00, 0x02, 0xd1, 0x3c, 0x64, 0x30, 0x00, 0x01, 0x00, 0x00, 0x00, 0x00,
    0x00, 0xee, 0x67, 0x00, 0x00, 0x00, 0x1b, 0x48, 0x00, 0x00, 0x2f, 0xba, 0x00, 0x02, 0xd1, 0x3c,
    0x64, 0x50, 0x00, 0x01, 0x00, 0x00, 0x00, 0x00, 0x00, 0xee, 0x82, 0x60, 0x00, 0x00, 0x19, 0x10,
    0x00, 0x00, 0x2b, 0xd0, 0x00, 0x02, 0xd1, 0x64, 0x70, 0x30, 0x00, 0x01, 0x00, 0x00, 0x00, 0x00,
    0x00, 0xee, 0x82, 0x60, 0x00, 0x00, 0x19, 0x10, 0x00, 0x00, 0x2b, 0xd0, 0x00, 0x02, 0xd1, 0x64,
    0x70, 0x50, 0x00, 0x01, 0x00, 0x00, 0x00, 0x00, 0x00, 0xee, 0x9b, 0x80, 0x00, 0x00, 0x0e, 0xb0,
    0x00, 0x00, 0x19, 0xb4, 0x00, 0x02, 0xd1, 0x8c, 0x64, 0x30, 0x00, 0x01, 0x00, 0x00, 0x00, 0x00,
    0x00, 0xee, 0x9b, 0x80, 0x00, 0x00, 0x0e, 0xb0, 0x00, 0x00, 0x19, 0xb4, 0x00, 0x02, 0xd1, 0x8c,
    0x64, 0x50, 0x00, 0x01, 0x00, 0x00, 0x00, 0x00, 0x00, 0xee, 0xaa, 0x40, 0x00, 0x00, 0xa6, 0xe0,
    0x00, 0x01, 0x24, 0x00, 0x00, 0x02, 0xd1, 0xb4, 0x64, 0x40, 0x00, 0x01, 0x00, 0x00, 0x00, 0x00,
    0x00, 0xed, 0x8e, 0x80, 0x00, 0x00, 0x10, 0xe0, 0x00, 0x00, 0x1d, 0x7d, 0x00, 0x02, 0xd0, 0x24,
    0x5c, 0x40, 0x00, 0x01, 0x00, 0x00, 0x00, 0x00, 0x00, 0xef, 0x51, 0x20, 0x00, 0x00, 0x05, 0x20,
    0x00, 0x00, 0x08, 0xec, 0x00, 0x02, 0xd1, 0xdc, 0x5c, 0x50, 0x00, 0x01, 0x00, 0x00, 0x00, 0x00,
    0x00, 0xed, 0x9f, 0x60, 0x00, 0x00, 0x17, 0xe0, 0x00, 0x00, 0x29, 0xc7, 0x00, 0x02, 0xd0, 0x4c,
    0x54, 0x40, 0x00, 0x01, 0x00, 0x00, 0x00, 0x00, 0x00, 0xef, 0x51, 0x20, 0x00, 0x00, 0x05, 0x20,
    0x00, 0x00, 0x08, 0xec, 0x00, 0x02, 0xd1, 0xdc, 0x54, 0x50, 0x00, 0x01, 0x00, 0x00, 0x00, 0x00,
    0x00, 0xef, 0x71, 0xc0, 0x00, 0x00, 0xad, 0x60, 0x00, 0x01, 0x2f, 0x68, 0x00, 0x02, 0xdb, 0x6c,
    0x64, 0x40, 0x00, 0x01, 0x00, 0x00, 0x00, 0x00, 0x00, 0xf0, 0x95, 0x00, 0x00, 0x00, 0x04, 0xd8,
    0x00, 0x00, 0x08, 0x76, 0x00, 0x02, 0xdb, 0xbc, 0x64, 0x40, 0x00, 0x01, 0x00, 0x00, 0x00, 0x00,
    0x00, 0xf0, 0x99, 0xe0, 0x00, 0x00, 0x0f, 0xd8, 0x00, 0x00, 0x1b, 0xb0, 0x00, 0x02, 0xdb, 0xe4,
    0x58, 0x40, 0x00, 0x01, 0x00, 0x00, 0x00, 0x00, 0x00, 0xf0, 0xa9, 0xc0, 0x00, 0x00, 0x1c, 0x70,
    0x00, 0x00, 0x31, 0xbd, 0x00, 0x02, 0xdc, 0x0c, 0x7f, 0x40, 0x00, 0x01, 0x00, 0x00, 0x00, 0x00,
    0x00, 0xf0, 0xa9, 0xc0, 0x00, 0x00, 0x1c, 0x70, 0x00, 0x00, 0x31, 0xbd, 0x00, 0x02, 0xdc, 0x0c,
    0x7f, 0x40, 0x00, 0x01, 0x00, 0x00, 0x00, 0x00, 0x00, 0xf0, 0xa9, 0xc0, 0x00, 0x00, 0x1c, 0x70,
    0x00, 0x00, 0x31, 0xbd, 0x00, 0x02, 0xdc, 0x0c, 0x7f, 0x40, 0x00, 0x01, 0x00, 0x00, 0x00, 0x00,
    0x00, 0xef, 0x56, 0x40, 0x00, 0x00, 0x1b, 0x80, 0x00, 0x00, 0x30, 0x13, 0x00, 0x02, 0xdb, 0x44,
    0x64, 0x40, 0x00, 0x01, 0x00, 0x00, 0x00, 0x00, 0x00, 0xf0, 0x1f, 0x20, 0x00, 0x00, 0x75, 0xc8,
    0x00, 0x00, 0xce, 0x14, 0x00, 0x02, 0xdb, 0x94, 0x64, 0x40, 0x00, 0x01, 0x00, 0x00, 0x00, 0x00,
    0x00, 0xf0, 0xc6, 0x40, 0x00, 0x00, 0x29, 0x28, 0x00, 0x00, 0x48, 0x00, 0x00, 0x02, 0xdc, 0x34,
    0x64, 0x40, 0x00, 0x01, 0x00, 0x00, 0x00, 0x00, 0x00, 0xf0, 0xef, 0x80, 0x00, 0x00, 0x29, 0x28,
    0x00, 0x00, 0x48, 0x00, 0x00, 0x02, 0xdc, 0x5c, 0x64, 0x40, 0x00, 0x01, 0x00, 0x00, 0x00, 0x00,
    0x00, 0xf1, 0x18, 0xc0, 0x00, 0x00, 0x15, 0x78, 0x00, 0x00, 0x25, 0x8e, 0x00, 0x02, 0xe1, 0x44,
    0x7f, 0x40, 0x00, 0x01, 0x00, 0x00, 0x00, 0x00, 0x00, 0xf1, 0x2e, 0x40, 0x00, 0x00, 0x47, 0xc0,
    0x00, 0x00, 0x7d, 0x88, 0x00, 0x02, 0xe1, 0x6c, 0x5e, 0x40, 0x00, 0x01, 0x00, 0x00, 0x00, 0x00,
    0x00, 0xf1, 0x76, 0x00, 0x00, 0x00, 0x2b, 0x90, 0x00, 0x00, 0x4c, 0x36, 0x00, 0x02, 0xe1, 0x94,
    0x50, 0x40, 0x00, 0x01, 0x00, 0x00, 0x00, 0x00, 0x00, 0xf1, 0xa1, 0xa0, 0x00, 0x00, 0x45, 0x40,
    0x00, 0x00, 0x79, 0x28, 0x00, 0x02, 0xe1, 0xbc, 0x7f, 0x40, 0x00, 0x01, 0x00, 0x00, 0x00, 0x00,
    0x00, 0xf1, 0xe6, 0xe0, 0x00, 0x00, 0x28, 0x98, 0x00, 0x00, 0x47, 0x00, 0x00, 0x02, 0xe1, 0xe4,
    0x74, 0x40, 0x00, 0x01, 0x00, 0x00, 0x00, 0x00, 0x00, 0xf2, 0x0f, 0x80, 0x00, 0x00, 0x60, 0xf0,
    0x00, 0x00, 0xa9, 0x99, 0x00, 0x02, 0xe2, 0x0c, 0x64, 0x40, 0x00, 0x01, 0x00, 0x00, 0x00, 0x00,
    0x00, 0xf2, 0x70, 0x80, 0x00, 0x00, 0x0b, 0x00, 0x00, 0x00, 0x13, 0x40, 0x00, 0x02, 0xe2, 0x34,
    0x74, 0x40, 0x00, 0x01, 0x00, 0x00, 0x00, 0x00, 0x00, 0x00, 0x00, 0x00, 0x00, 0x00, 0x00, 0x00,
    0x00, 0x00, 0x00, 0x00, 0x00, 0x00, 0x00, 0x00, 0x00, 0x40, 0x00, 0x00, 0x00, 0x00, 0x00, 0x00,
    0x00, 0xf2, 0x7b, 0x80, 0x00, 0x00, 0x05, 0x20, 0x00, 0x00, 0x08, 0xec, 0x00, 0x02, 0xe2, 0x5c,
    0x01, 0x40, 0x00, 0x01, 0x00, 0x00, 0x00, 0x00, 0x00, 0xf2, 0x7b, 0x80, 0x00, 0x00, 0x05, 0x20,
    0x00, 0x00, 0x08, 0xec, 0x00, 0x02, 0xe2, 0x5c, 0x01, 0x40, 0x00, 0x01, 0x00, 0x00, 0x00, 0x00,
    0x00, 0xf2, 0x7b, 0x80, 0x00, 0x00, 0x05, 0x20, 0x00, 0x00, 0x08, 0xec, 0x00, 0x02, 0xe2, 0x5c,
    0x01, 0x40, 0x00, 0x01, 0x00, 0x00, 0x00, 0x00, 0x00, 0xf2, 0x7b, 0x80, 0x00, 0x00, 0x05, 0x20,
    0x00, 0x00, 0x08, 0xec, 0x00, 0x02, 0xe2, 0x5c, 0x01, 0x40, 0x00, 0x01, 0x00, 0x00, 0x00, 0x00,
    0x00, 0xf2, 0x7b, 0x80, 0x00, 0x00, 0x05, 0x20, 0x00, 0x00, 0x08, 0xec, 0x00, 0x02, 0xe2, 0x5c,
    0x01, 0x40, 0x00, 0x01, 0x00, 0x00, 0x00, 0x00, 0x00, 0xf2, 0x7b, 0x80, 0x00, 0x00, 0x05, 0x20,
    0x00, 0x00, 0x08, 0xec, 0x00, 0x02, 0xe2, 0x5c, 0x01, 0x40, 0x00, 0x01, 0x00, 0x00, 0x00, 0x00,
    0x00, 0xf2, 0x7b, 0x80, 0x00, 0x00, 0x05, 0x20, 0x00, 0x00, 0x08, 0xec, 0x00, 0x02, 0xe2, 0x5c,
    0x01, 0x40, 0x00, 0x01, 0x00, 0x00, 0x00, 0x00, 0x00, 0xf2, 0x7b, 0x80, 0x00, 0x00, 0x05, 0x20,
    0x00, 0x00, 0x08, 0xec, 0x00, 0x02, 0xe2, 0x5c, 0x01, 0x40, 0x00, 0x01, 0x00, 0x00, 0x00, 0x00,
    0x00, 0xf2, 0x80, 0xa0, 0x00, 0x01, 0x92, 0x50, 0x00, 0x02, 0xc0, 0x00, 0x00, 0x02, 0xe7, 0x44,
    0x64, 0x40, 0x00, 0x01, 0x00, 0x00, 0x00, 0x00, 0x00, 0xf4, 0x13, 0x00, 0x00, 0x00, 0xa5, 0x70,
    0x00, 0x01, 0x21, 0x7e, 0x00, 0x02, 0xe7, 0x6c, 0x7f, 0x40, 0x00, 0x01, 0x00, 0x00, 0x00, 0x00,
    0x00, 0xf4, 0xb8, 0x80, 0x00, 0x00, 0x55, 0x08, 0x00, 0x00, 0x94, 0xc1, 0x00, 0x02, 0xe7, 0x94,
    0x7f, 0x40, 0x00, 0x01, 0x00, 0x00, 0x00, 0x00, 0x00, 0xf5, 0x0d, 0xa0, 0x00, 0x01, 0x49, 0xb8,
    0x00, 0x02, 0x41, 0x00, 0x00, 0x02, 0xe7, 0xbc, 0x7f, 0x40, 0x00, 0x01, 0x00, 0x00, 0x00, 0x00,
    0x00, 0xf6, 0x57, 0x60, 0x00, 0x00, 0x9c, 0xc8, 0x00, 0x01, 0x12, 0x59, 0x00, 0x02, 0xe7, 0xe4,
    0x5a, 0x40, 0x00, 0x01, 0x00, 0x00, 0x00, 0x00, 0x00, 0xf6, 0xf4, 0x40, 0x00, 0x00, 0x05, 0x20,
    0x00, 0x00, 0x08, 0xec, 0x00, 0x02, 0xe8, 0x0c, 0x01, 0x40, 0x00, 0x01, 0x00, 0x00, 0x00, 0x00,
    0x00, 0xf6, 0xf4, 0x40, 0x00, 0x00, 0x05, 0x20, 0x00, 0x00, 0x08, 0xec, 0x00, 0x02, 0xe8, 0x0c,
    0x01, 0x40, 0x00, 0x01, 0x00, 0x00, 0x00, 0x00, 0x00, 0xf6, 0xf4, 0x40, 0x00, 0x00, 0x05, 0x20,
    0x00, 0x00, 0x08, 0xec, 0x00, 0x02, 0xe8, 0x0c, 0x01, 0x40, 0x00, 0x01, 0x00, 0x00, 0x00, 0x00,
    0x00, 0xf6, 0xf4, 0x40, 0x00, 0x00, 0x05, 0x20, 0x00, 0x00, 0x08, 0xec, 0x00, 0x02, 0xe8, 0x0c,
    0x01, 0x40, 0x00, 0x01, 0x00, 0x00, 0x00, 0x00, 0x00, 0xf6, 0xf4, 0x40, 0x00, 0x00, 0x05, 0x20,
    0x00, 0x00, 0x08, 0xec, 0x00, 0x02, 0xe8, 0x0c, 0x01, 0x40, 0x00, 0x01, 0x00, 0x00, 0x00, 0x00,
    0x00, 0xf9, 0x6d, 0xc0, 0x00, 0x00, 0xdf, 0xf0, 0x00, 0x01, 0x87, 0xd7, 0x00, 0x02, 0xed, 0x24,
    0x78, 0x40, 0x00, 0x01, 0x00, 0x00, 0x00, 0x00, 0x00, 0xfa, 0x4d, 0xc0, 0x00, 0x00, 0x22, 0xf8,
    0x00, 0x00, 0x3d, 0x2d, 0x00, 0x02, 0xed, 0x4c, 0x5b, 0x40, 0x00, 0x01, 0x00, 0x00, 0x00, 0x00,
    0x00, 0xfa, 0x70, 0xc0, 0x00, 0x00, 0x8d, 0x58, 0x00, 0x00, 0xf7, 0x59, 0x00, 0x02, 0xed, 0x74,
    0x5c, 0x40, 0x00, 0x01, 0x00, 0x00, 0x00, 0x00, 0x00, 0xfa, 0xfe, 0x20, 0x00, 0x00, 0x7a, 0xe0,
    0x00, 0x00, 0xd6, 0xfb, 0x00, 0x02, 0xed, 0x9c, 0x39, 0x40, 0x00, 0x01, 0x00, 0x00, 0x00, 0x00,
    0x00, 0xf6, 0xf9, 0x60, 0x00, 0x00, 0xdc, 0xc0, 0x00, 0x01, 0x82, 0x50, 0x00, 0x02, 0xec, 0x84,
    0x50, 0x40, 0x00, 0x01, 0x00, 0x00, 0x00, 0x00, 0x00, 0xf7, 0xd6, 0x20, 0x00, 0x00, 0x64, 0x90,
    0x00, 0x00, 0xaf, 0xf7, 0x00, 0x02, 0xec, 0xac, 0x40, 0x30, 0x00, 0x01, 0x00, 0x00, 0x00, 0x00,
    0x00, 0xf8, 0x3a, 0xc0, 0x00, 0x00, 0x64, 0x90, 0x00, 0x00, 0xaf, 0xf7, 0x00, 0x02, 0xec, 0xd4,
    0x40, 0x48, 0x00, 0x01, 0x00, 0x00, 0x00, 0x00, 0x00, 0xf8, 0x9f, 0x60, 0x00, 0x00, 0xce, 0x48,
    0x00, 0x01, 0x68, 0xfa, 0x00, 0x02, 0xec, 0xfc, 0x64, 0x40, 0x00, 0x01, 0x00, 0x00, 0x00, 0x00,
    0x00, 0xfb, 0x79, 0x00, 0x00, 0x00, 0x3c, 0xf8, 0x00, 0x00, 0x6a, 0xab, 0x00, 0x02, 0xed, 0xc4,
    0x64, 0x40, 0x00, 0x01, 0x00, 0x00, 0x00, 0x00, 0x00, 0xfb, 0xb6, 0x00, 0x00, 0x00, 0x77, 0xb8,
    0x00, 0x00, 0xd1, 0x77, 0x00, 0x02, 0xed, 0xec, 0x58, 0x40, 0x00, 0x01, 0x00, 0x00, 0x00, 0x00,
    0x00, 0xfc, 0x2d, 0xc0, 0x00, 0x00, 0x53, 0x98, 0x00, 0x00, 0x92, 0x46, 0x00, 0x02, 0xee, 0x14,
    0x64, 0x40, 0x00, 0x01, 0x00, 0x00, 0x00, 0x00, 0x00, 0xfc, 0x81, 0x60, 0x00, 0x00, 0x55, 0x88,
    0x00, 0x00, 0x95, 0xa4, 0x00, 0x02, 0xee, 0x3c, 0x70, 0x40, 0x00, 0x01, 0x00, 0x00, 0x00, 0x00,
    0x00, 0xfc, 0xd7, 0x00, 0x00, 0x00, 0x28, 0x98, 0x00, 0x00, 0x47, 0x00, 0x00, 0x02, 0xee, 0x64,
    0x70, 0x40, 0x00, 0x01, 0x00, 0x00, 0x00, 0x00, 0x00, 0xfe, 0x74, 0xa0, 0x00, 0x00, 0xa2, 0x28,
    0x00, 0x01, 0x1b, 0xb9, 0x00, 0x02, 0xf5, 0xb4, 0x6c, 0x40, 0x00, 0x01, 0x00, 0x00, 0x00, 0x00,
    0x00, 0xff, 0x16, 0xe0, 0x00, 0x00, 0x44, 0x30, 0x00, 0x00, 0x77, 0x4a, 0x00, 0x02, 0xf5, 0xdc,
    0x44, 0x40, 0x00, 0x01, 0x00, 0x00, 0x00, 0x00, 0x00, 0xff, 0x5b, 0x20, 0x00, 0x00, 0x29, 0x28,
    0x00, 0x00, 0x48, 0x00, 0x00, 0x02, 0xf6, 0x04, 0x64, 0x40, 0x00, 0x01, 0x00, 0x00, 0x00, 0x00,
    0x00, 0xff, 0x84, 0x60, 0x00, 0x00, 0x49, 0x88, 0x00, 0x00, 0x80, 0xa4, 0x00, 0x02, 0xf6, 0x2c,
    0x64, 0x40, 0x00, 0x01, 0x00, 0x00, 0x00, 0x00, 0x00, 0xff, 0xce, 0x00, 0x00, 0x00, 0xae, 0x58,
    0x00, 0x01, 0x31, 0x0f, 0x00, 0x02, 0xf6, 0x54, 0x5c, 0x40, 0x00, 0x01, 0x00, 0x00, 0x00, 0x00,
    0x01, 0x00, 0x7c, 0x60, 0x00, 0x00, 0x19, 0x68, 0x00, 0x00, 0x2c, 0x72, 0x00, 0x02, 0xf6, 0x7c,
    0x48, 0x40, 0x00, 0x01, 0x00, 0x00, 0x00, 0x00, 0x00, 0xfc, 0xff, 0xa0, 0x00, 0x01, 0x66, 0x50,
    0x00, 0x02, 0x73, 0x00, 0x00, 0x02, 0xf5, 0x64, 0x40, 0x40, 0x00, 0x01, 0x00, 0x00, 0x00, 0x00,
    0x01, 0x00, 0x95, 0xe0, 0x00, 0x00, 0x65, 0x50, 0x00, 0x00, 0xb1, 0x48, 0x00, 0x02, 0xf6, 0xa4,
    0x48, 0x40, 0x00, 0x01, 0x00, 0x00, 0x00, 0x00, 0x01, 0x00, 0xfb, 0x40, 0x00, 0x00, 0x3e, 0xa0,
    0x00, 0x00, 0x6d, 0x92, 0x00, 0x02, 0xf6, 0xcc, 0x50, 0x40, 0x00, 0x01, 0x00, 0x00, 0x00, 0x00,
    0x01, 0x01, 0x39, 0xe0, 0x00, 0x00, 0x12, 0xa0, 0x00, 0x00, 0x20, 0x90, 0x00, 0x02, 0xf6, 0xf4,
    0x48, 0x40, 0x00, 0x01, 0x00, 0x00, 0x00, 0x00, 0x01, 0x01, 0x4c, 0x80, 0x00, 0x00, 0x19, 0x50,
    0x00, 0x00, 0x2c, 0x45, 0x00, 0x02, 0xf7, 0x1c, 0x4c, 0x40, 0x00, 0x01, 0x00, 0x00, 0x00, 0x00,
    0x01, 0x01, 0x65, 0xe0, 0x00, 0x00, 0x47, 0x58, 0x00, 0x00, 0x7c, 0xd0, 0x00, 0x02, 0xf7, 0x44,
    0x30, 0x40, 0x00, 0x01, 0x00, 0x00, 0x00, 0x00, 0x00, 0xfe, 0x66, 0x00, 0x00, 0x00, 0x0e, 0x90,
    0x00, 0x00, 0x19, 0x72, 0x00, 0x02, 0xf5, 0x8c, 0x5a, 0x40, 0x00, 0x01, 0x00, 0x00, 0x00, 0x00,
    0x01, 0x01, 0xad, 0x40, 0x00, 0x00, 0x4f, 0x00, 0x00, 0x00, 0x8a, 0x34, 0x00, 0x02, 0xf7, 0x6c,
    0x77, 0x40, 0x00, 0x01, 0x00, 0x00, 0x00, 0x00, 0x01, 0x01, 0xfc, 0x40, 0x00, 0x00, 0x3b, 0x38,
    0x00, 0x00, 0x67, 0x95, 0x00, 0x02, 0xf7, 0x94, 0x64, 0x40, 0x00, 0x01, 0x00, 0x00, 0x00, 0x00,
    0x01, 0x02, 0x37, 0x80, 0x00, 0x00, 0x1d, 0xb0, 0x00, 0x00, 0x33, 0xf2, 0x00, 0x02, 0xf7, 0xbc,
    0x64, 0x40, 0x00, 0x01, 0x00, 0x00, 0x00, 0x00, 0x01, 0x02, 0x55, 0x40, 0x00, 0x00, 0x12, 0x98,
    0x00, 0x00, 0x20, 0x81, 0x00, 0x02, 0xfe, 0x84, 0x2f, 0x40, 0x00, 0x01, 0x00, 0x00, 0x00, 0x00,
    0x01, 0x02, 0x67, 0xe0, 0x00, 0x02, 0x49, 0x28, 0x00, 0x04, 0x00, 0x00, 0x00, 0x02, 0xfe, 0xac,
    0x64, 0x40, 0x00, 0x01, 0x00, 0x00, 0x00, 0x00, 0x01, 0x04, 0xb1, 0x20, 0x00, 0x00, 0x19, 0xd0,
    0x00, 0x00, 0x2d, 0x2b, 0x00, 0x02, 0xfe, 0xd4, 0x64, 0x40, 0x00, 0x01, 0x00, 0x00, 0x00, 0x00,
    0x01, 0x04, 0xcb, 0x00, 0x00, 0x00, 0x09, 0xf8, 0x00, 0x00, 0x11, 0x6b, 0x00, 0x02, 0xfe, 0xfc,
    0x64, 0x40, 0x00, 0x01, 0x00, 0x00, 0x00, 0x00, 0x01, 0x04, 0xd5, 0x00, 0x00, 0x00, 0x4d, 0x58,
    0x00, 0x00, 0x87, 0x55, 0x00, 0x02, 0xff, 0x24, 0x5b, 0x40, 0x00, 0x01, 0x00, 0x00, 0x00, 0x00,
    0x01, 0x05, 0x22, 0x60, 0x00, 0x00, 0x28, 0x00, 0x00, 0x00, 0x45, 0xf5, 0x00, 0x02, 0xff, 0x4c,
    0x55, 0x40, 0x00, 0x01, 0x00, 0x00, 0x00, 0x00, 0x01, 0x05, 0x4a, 0x60, 0x00, 0x00, 0x30, 0x68,
    0x00, 0x00, 0x54, 0xb0, 0x00, 0x02, 0xff, 0x74, 0x64, 0x40, 0x00, 0x01, 0x00, 0x00, 0x00, 0x00,
    0x01, 0x05, 0x7a, 0xe0, 0x00, 0x00, 0x28, 0x08, 0x00, 0x00, 0x46, 0x07, 0x00, 0x02, 0xff, 0x9c,
    0x64, 0x40, 0x00, 0x01, 0x00, 0x00, 0x00, 0x00, 0x01, 0x05, 0xa3, 0x00, 0x00, 0x00, 0x55, 0xd0,
    0x00, 0x00, 0x96, 0x26, 0x00, 0x02, 0xff, 0xc4, 0x64, 0x20, 0x00, 0x01, 0x00, 0x00, 0x00, 0x00,
    0x01, 0x05, 0xa3, 0x00, 0x00, 0x00, 0x55, 0xd0, 0x00, 0x00, 0x96, 0x26, 0x00, 0x02, 0xff, 0xc4,
    0x64, 0x60, 0x00, 0x01, 0x00, 0x00, 0x00, 0x00, 0x01, 0x05, 0xf8, 0xe0, 0x00, 0x00, 0x1a, 0xe0,
    0x00, 0x00, 0x2f, 0x00, 0x00, 0x03, 0x04, 0xe4, 0x55, 0x40, 0x00, 0x01, 0x00, 0x00, 0x00, 0x00,
    0x01, 0x06, 0x13, 0xc0, 0x00, 0x00, 0x33, 0xa8, 0x00, 0x00, 0x5a, 0x66, 0x00, 0x03, 0x05, 0x0c,
    0x58, 0x40, 0x00, 0x01, 0x00, 0x00, 0x00, 0x00, 0x01, 0x06, 0x47, 0x80, 0x00, 0x00, 0x56, 0x18,
    0x00, 0x00, 0x96, 0xa7, 0x00, 0x03, 0x05, 0x34, 0x55, 0x40, 0x00, 0x01, 0x00, 0x00, 0x00, 0x00,
    0x01, 0x06, 0x9d, 0xa0, 0x00, 0x00, 0x81, 0x60, 0x00, 0x00, 0xe2, 0x66, 0x00, 0x03, 0x05, 0x5c,
    0x64, 0x40, 0x00, 0x01, 0x00, 0x00, 0x00, 0x00, 0x01, 0x07, 0x1f, 0x00, 0x00, 0x00, 0x62, 0xb0,
    0x00, 0x00, 0xac, 0xb3, 0x00, 0x03, 0x05, 0x84, 0x64, 0x40, 0x00, 0x01, 0x00, 0x00, 0x00, 0x00,
    0x01, 0x07, 0x81, 0xc0, 0x00, 0x00, 0x62, 0xb0, 0x00, 0x00, 0xac, 0xb3, 0x00, 0x03, 0x05, 0xac,
    0x64, 0x40, 0x00, 0x01, 0x00, 0x00, 0x00, 0x00, 0x01, 0x07, 0xe4, 0x80, 0x00, 0x00, 0x4a, 0xd8,
    0x00, 0x00, 0x82, 0xfa, 0x00, 0x03, 0x05, 0xd4, 0x64, 0x40, 0x00, 0x01, 0x00, 0x00, 0x00, 0x00,
    0x01, 0x08, 0x2f, 0x60, 0x00, 0x00, 0x5c, 0x60, 0x00, 0x00, 0xa1, 0xa7, 0x00, 0x03, 0x05, 0xfc,
    0x64, 0x40, 0x00, 0x01, 0x00, 0x00, 0x00, 0x00, 0x01, 0x08, 0x8b, 0xc0, 0x00, 0x00, 0x27, 0x98,
    0x00, 0x00, 0x45, 0x42, 0x00, 0x03, 0x06, 0x24, 0x4c, 0x40, 0x00, 0x01, 0x00, 0x00, 0x00, 0x00,
    0x01, 0x08, 0xb3, 0x60, 0x00, 0x00, 0x05, 0x20, 0x00, 0x00, 0x08, 0xec, 0x00, 0x03, 0x06, 0x4c,
    0x01, 0x40, 0x00, 0x01, 0x00, 0x00, 0x00, 0x00, 0x01, 0x08, 0xb3, 0x60, 0x00, 0x00, 0x05, 0x20,
    0x00, 0x00, 0x08, 0xec, 0x00, 0x03, 0x06, 0x4c, 0x01, 0x40, 0x00, 0x01, 0x00, 0x00, 0x00, 0x00,
    0x01, 0x08, 0xb3, 0x60, 0x00, 0x00, 0x05, 0x20, 0x00, 0x00, 0x08, 0xec, 0x00, 0x03, 0x06, 0x4c,
    0x01, 0x40, 0x00, 0x01, 0x00, 0x00, 0x00, 0x00, 0x01, 0x08, 0xb3, 0x60, 0x00, 0x00, 0x05, 0x20,
    0x00, 0x00, 0x08, 0xec, 0x00, 0x03, 0x06, 0x4c, 0x01, 0x40, 0x00, 0x01, 0x00, 0x00, 0x00, 0x00,
    0x01, 0x08, 0xb3, 0x60, 0x00, 0x00, 0x05, 0x20, 0x00, 0x00, 0x08, 0xec, 0x00, 0x03, 0x06, 0x4c,
    0x01, 0x40, 0x00, 0x01, 0x00, 0x00, 0x00, 0x00, 0x01, 0x08, 0xb3, 0x60, 0x00, 0x00, 0x05, 0x20,
    0x00, 0x00, 0x08, 0xec, 0x00, 0x03, 0x06, 0x4c, 0x01, 0x40, 0x00, 0x01, 0x00, 0x00, 0x00, 0x00,
    0x01, 0x08, 0xb3, 0x60, 0x00, 0x00, 0x05, 0x20, 0x00, 0x00, 0x08, 0xec, 0x00, 0x03, 0x06, 0x4c,
    0x01, 0x40, 0x00, 0x01, 0x00, 0x00, 0x00, 0x00, 0x01, 0x08, 0xb8, 0x80, 0x00, 0x00, 0x15, 0xc8,
    0x00, 0x00, 0x26, 0x1e, 0x00, 0x03, 0x0b, 0x84, 0x64, 0x40, 0x00, 0x01, 0x00, 0x00, 0x00, 0x00,
    0x01, 0x08, 0xf8, 0x00, 0x00, 0x00, 0x27, 0xb8, 0x00, 0x00, 0x45, 0x80, 0x00, 0x03, 0x0b, 0xd4,
    0x64, 0x40, 0x00, 0x01, 0x00, 0x00, 0x00, 0x00, 0x01, 0x09, 0x1f, 0xc0, 0x00, 0x00, 0x1f, 0x58,
    0x00, 0x00, 0x36, 0xd0, 0x00, 0x03, 0x0b, 0xfc, 0x64, 0x40, 0x00, 0x01, 0x00, 0x00, 0x00, 0x00,
    0x01, 0x09, 0x3f, 0x20, 0x00, 0x00, 0x2e, 0x20, 0x00, 0x00, 0x50, 0xb2, 0x00, 0x03, 0x0c, 0x24,
    0x64, 0x40, 0x00, 0x01, 0x00, 0x00, 0x00, 0x00, 0x01, 0x09, 0x6d, 0x40, 0x00, 0x00, 0x20, 0x98,
    0x00, 0x00, 0x39, 0x00, 0x00, 0x03, 0x0c, 0x4c, 0x64, 0x40, 0x00, 0x01, 0x00, 0x00, 0x00, 0x00,
    0x01, 0x09, 0x8d, 0xe0, 0x00, 0x00, 0x34, 0x68, 0x00, 0x00, 0x5b, 0xab, 0x00, 0x03, 0x0c, 0x74,
    0x64, 0x40, 0x00, 0x01, 0x00, 0x00, 0x00, 0x00, 0x01, 0x09, 0xc2, 0x60, 0x00, 0x00, 0x7a, 0x98,
    0x00, 0x00, 0xd6, 0x80, 0x00, 0x03, 0x0c, 0x9c, 0x57, 0x40, 0x00, 0x01, 0x00, 0x00, 0x00, 0x00,
    0x01, 0x09, 0xc2, 0x60, 0x00, 0x00, 0x7a, 0x98, 0x00, 0x00, 0xd6, 0x80, 0x00, 0x03, 0x0c, 0x9c,
    0x57, 0x50, 0x00, 0x01, 0x00, 0x00, 0x00, 0x00, 0x01, 0x09, 0xc2, 0x60, 0x00, 0x00, 0x7a, 0x98,
    0x00, 0x00, 0xd6, 0x80, 0x00, 0x03, 0x0c, 0x9c, 0x57, 0x30, 0x00, 0x01, 0x00, 0x00, 0x00, 0x00,
    0x01, 0x08, 0xce, 0x60, 0x00, 0x00, 0x29, 0x98, 0x00, 0x00, 0x48, 0xbf, 0x00, 0x03, 0x0b, 0xac,
    0x5b, 0x40, 0x00, 0x01, 0x00, 0x00, 0x00, 0x00, 0x01, 0x0a, 0x3d, 0x00, 0x00, 0x00, 0x05, 0x20,
    0x00, 0x00, 0x08, 0xec, 0x00, 0x03, 0x0c, 0xc4, 0x01, 0x40, 0x00, 0x01, 0x00, 0x00, 0x00, 0x00,
    0x01, 0x0a, 0x3d, 0x00, 0x00, 0x00, 0x05, 0x20, 0x00, 0x00, 0x08, 0xec, 0x00, 0x03, 0x0c, 0xc4,
    0x01, 0x40, 0x00, 0x01, 0x00, 0x00, 0x00, 0x00, 0x01, 0x0a, 0x3d, 0x00, 0x00, 0x00, 0x05, 0x20,
    0x00, 0x00, 0x08, 0xec, 0x00, 0x03, 0x0c, 0xc4, 0x01, 0x40, 0x00, 0x01, 0x00, 0x00, 0x00, 0x00,
    0x01, 0x0a, 0x3d, 0x00, 0x00, 0x00, 0x05, 0x20, 0x00, 0x00, 0x08, 0xec, 0x00, 0x03, 0x0c, 0xc4,
    0x01, 0x40, 0x00, 0x01, 0x00, 0x00, 0x00, 0x00, 0x01, 0x0a, 0x3d, 0x00, 0x00, 0x00, 0x05, 0x20,
    0x00, 0x00, 0x08, 0xec, 0x00, 0x03, 0x0c, 0xc4, 0x01, 0x40, 0x00, 0x01, 0x00, 0x00, 0x00, 0x00,
    0x01, 0x0a, 0x42, 0x20, 0x00, 0x01, 0x3d, 0xb8, 0x00, 0x02, 0x2c, 0x00, 0x00, 0x03, 0x11, 0xa4,
    0x5d, 0x40, 0x00, 0x01, 0x00, 0x00, 0x00, 0x00, 0x01, 0x0c, 0x46, 0x00, 0x00, 0x00, 0x05, 0x20,
    0x00, 0x00, 0x08, 0xec, 0x00, 0x03, 0x12, 0xbc, 0x64, 0x40, 0x00, 0x01, 0x00, 0x00, 0x00, 0x00,
    0x01, 0x0b, 0x7f, 0xe0, 0x00, 0x00, 0x04, 0xa8, 0x00, 0x00, 0x08, 0x20, 0x00, 0x03, 0x11, 0xcc,
    0x53, 0x40, 0x00, 0x01, 0x00, 0x00, 0x00, 0x00, 0x01, 0x0b, 0x84, 0xa0, 0x00, 0x00, 0x53, 0xb8,
    0x00, 0x00, 0x92, 0x80, 0x00, 0x03, 0x11, 0xf4, 0x64, 0x40, 0x00, 0x01, 0x00, 0x00, 0x00, 0x00,
    0x01, 0x0b, 0xd8, 0x60, 0x00, 0x00, 0x25, 0x20, 0x00, 0x00, 0x40, 0xf4, 0x00, 0x03, 0x12, 0x1c,
    0x64, 0x40, 0x00, 0x01, 0x00, 0x00, 0x00, 0x00, 0x01, 0x0b, 0xfd, 0x80, 0x00, 0x00, 0x2e, 0xf0,
    0x00, 0x00, 0x52, 0x22, 0x00, 0x03, 0x12, 0x44, 0x64, 0x40, 0x00, 0x01, 0x00, 0x00, 0x00, 0x00,
    0x01, 0x0c, 0x46, 0x00, 0x00, 0x00, 0x05, 0x20, 0x00, 0x00, 0x08, 0xec, 0x00, 0x03, 0x12, 0xbc,
    0x64, 0x40, 0x00, 0x01, 0x00, 0x00, 0x00, 0x00, 0x01, 0x0c, 0x2c, 0x80, 0x00, 0x00, 0x0a, 0x28,
    0x00, 0x00, 0x11, 0xc0, 0x00, 0x03, 0x12, 0x6c, 0x64, 0x40, 0x00, 0x01, 0x00, 0x00, 0x00, 0x00,
    0x01, 0x0c, 0x36, 0xc0, 0x00, 0x00, 0x0f, 0x28, 0x00, 0x00, 0x1a, 0x7d, 0x00, 0x03, 0x12, 0x94,
    0x74, 0x40, 0x00, 0x01, 0x00, 0x00, 0x00, 0x00, 0x01, 0x0c, 0x4b, 0x20, 0x00, 0x00, 0x4c, 0xb8,
    0x00, 0x00, 0x86, 0x3e, 0x00, 0x03, 0x17, 0xc4, 0x64, 0x40, 0x00, 0x01, 0x00, 0x00, 0x00, 0x00,
    0x01, 0x0d, 0x8a, 0x80, 0x00, 0x00, 0x23, 0x00, 0x00, 0x00, 0x3d, 0x3b, 0x00, 0x03, 0x18, 0xb4,
    0x64, 0x40, 0x00, 0x01, 0x00, 0x00, 0x00, 0x00, 0x01, 0x0c, 0x97, 0xe0, 0x00, 0x00, 0x3f, 0x40,
    0x00, 0x00, 0x6e, 0xa9, 0x00, 0x03, 0x17, 0xec, 0x64, 0x40, 0x00, 0x01, 0x00, 0x00, 0x00, 0x00,
    0x01, 0x0d, 0xad, 0x80, 0x00, 0x00, 0x4a, 0x20, 0x00, 0x00, 0x81, 0xb4, 0x00, 0x03, 0x18, 0xdc,
    0x64, 0x40, 0x00, 0x01, 0x00, 0x00, 0x00, 0x00, 0x01, 0x0d, 0xf7, 0xa0, 0x00, 0x00, 0x69, 0x70,
    0x00, 0x00, 0xb8, 0x77, 0x00, 0x03, 0x19, 0x04, 0x64, 0x40, 0x00, 0x01, 0x00, 0x00, 0x00, 0x00,
    0x01, 0x0c, 0xd7, 0x20, 0x00, 0x00, 0x15, 0x18, 0x00, 0x00, 0x24, 0xe8, 0x00, 0x03, 0x18, 0x14,
    0x64, 0x40, 0x00, 0x01, 0x00, 0x00, 0x00, 0x00, 0x01, 0x0c, 0xec, 0x40, 0x00, 0x00, 0x24, 0x80,
    0x00, 0x00, 0x3f, 0xdb, 0x00, 0x03, 0x18, 0x3c, 0x64, 0x40, 0x00, 0x01, 0x00, 0x00, 0x00, 0x00,
    0x01, 0x0e, 0x61, 0x20, 0x00, 0x00, 0x38, 0xd0, 0x00, 0x00, 0x63, 0x6a, 0x00, 0x03, 0x19, 0x2c,
    0x64, 0x40, 0x00, 0x01, 0x00, 0x00, 0x00, 0x00, 0x01, 0x0d, 0x10, 0xc0, 0x00, 0x00, 0x3a, 0x48,
    0x00, 0x00, 0x65, 0xf4, 0x00, 0x03, 0x18, 0x64, 0x64, 0x60, 0x00, 0x01, 0x00, 0x00, 0x00, 0x00,
    0x01, 0x0e, 0x9a, 0x00, 0x00, 0x00, 0x23, 0x00, 0x00, 0x00, 0x3d, 0x3b, 0x00, 0x03, 0x19, 0x54,
    0x4f, 0x40, 0x00, 0x01, 0x00, 0x00, 0x00, 0x00, 0x01, 0x0e, 0xbd, 0x00, 0x00, 0x00, 0x31, 0x78,
    0x00, 0x00, 0x56, 0x91, 0x00, 0x03, 0x19, 0x7c, 0x64, 0x40, 0x00, 0x01, 0x00, 0x00, 0x00, 0x00,
    0x01, 0x0d, 0x4b, 0x20, 0x00, 0x00, 0x3f, 0x58, 0x00, 0x00, 0x6e, 0xd6, 0x00, 0x03, 0x18, 0x8c,
    0x64, 0x40, 0x00, 0x01, 0x00, 0x00, 0x00, 0x00, 0x01, 0x0e, 0xee, 0x80, 0x00, 0x00, 0x11, 0x80,
    0x00, 0x00, 0x1e, 0x9c, 0x00, 0x03, 0x19, 0xa4, 0x64, 0x40, 0x00, 0x01, 0x00, 0x00, 0x00, 0x00,
    0x00, 0x00, 0x00, 0x00, 0x00, 0x00, 0x00, 0x00, 0x00, 0x00, 0x00, 0x00, 0x00, 0x00, 0x00, 0x00,
    0x00, 0x40, 0x00, 0x00, 0x00, 0x00, 0x00, 0x00, 0x01, 0x12, 0x09, 0x60, 0x00, 0x00, 0x1f, 0x38,
    0x00, 0x00, 0x36, 0x99, 0x00, 0x03, 0x20, 0xa4, 0x64, 0x40, 0x00, 0x01, 0x00, 0x00, 0x00, 0x00,
    0x01, 0x12, 0x28, 0xa0, 0x00, 0x00, 0x21, 0x30, 0x00, 0x00, 0x3a, 0x0d, 0x00, 0x03, 0x20, 0xcc,
    0x64, 0x40, 0x00, 0x01, 0x00, 0x00, 0x00, 0x00, 0x01, 0x12, 0x49, 0xe0, 0x00, 0x00, 0x27, 0xd0,
    0x00, 0x00, 0x45, 0xaa, 0x00, 0x03, 0x20, 0xf4, 0x64, 0x40, 0x00, 0x01, 0x00, 0x00, 0x00, 0x00,
    0x01, 0x12, 0x71, 0xc0, 0x00, 0x00, 0x5c, 0xf8, 0x00, 0x00, 0xa2, 0xaa, 0x00, 0x03, 0x21, 0x1c,
    0x64, 0x40, 0x00, 0x01, 0x00, 0x00, 0x00, 0x00, 0x01, 0x0f, 0x00, 0x00, 0x00, 0x01, 0x83, 0x48,
    0x00, 0x02, 0xa5, 0xbc, 0x00, 0x03, 0x20, 0x04, 0x69, 0x40, 0x00, 0x01, 0x00, 0x00, 0x00, 0x00,
    0x01, 0x12, 0xce, 0xc0, 0x00, 0x00, 0x29, 0x28, 0x00, 0x00, 0x48, 0x00, 0x00, 0x03, 0x21, 0x44,
    0x64, 0x40, 0x00, 0x01, 0x00, 0x00, 0x00, 0x00, 0x00, 0x00, 0x00, 0x00, 0x00, 0x00, 0x00, 0x00,
    0x00, 0x00, 0x00, 0x00, 0x00, 0x00, 0x00, 0x00, 0x00, 0x40, 0x00, 0x00, 0x00, 0x00, 0x00, 0x00,
    0x01, 0x12, 0xf8, 0x00, 0x00, 0x00, 0x29, 0x28, 0x00, 0x00, 0x48, 0x00, 0x00, 0x03, 0x21, 0x6c,
    0x64, 0x40, 0x00, 0x01, 0x00, 0x00, 0x00, 0x00, 0x01, 0x13, 0x21, 0x40, 0x00, 0x00, 0x29, 0x28,
    0x00, 0x00, 0x48, 0x00, 0x00, 0x03, 0x21, 0x94, 0x64, 0x40, 0x00, 0x01, 0x00, 0x00, 0x00, 0x00,
    0x01, 0x12, 0x28, 0xa0, 0x00, 0x00, 0x21, 0x30, 0x00, 0x00, 0x3a, 0x0d, 0x00, 0x03, 0x20, 0xcc,
    0x58, 0x3a, 0x00, 0x01, 0x00, 0x00, 0x00, 0x00, 0x01, 0x12, 0x49, 0xe0, 0x00, 0x00, 0x27, 0xd0,
    0x00, 0x00, 0x45, 0xaa, 0x00, 0x03, 0x20, 0xf4, 0x58, 0x3a, 0x00, 0x01, 0x00, 0x00, 0x00, 0x00,
    0x01, 0x12, 0x71, 0xc0, 0x00, 0x00, 0x5c, 0xf8, 0x00, 0x00, 0xa2, 0xaa, 0x00, 0x03, 0x21, 0x1c,
    0x58, 0x3a, 0x00, 0x01, 0x00, 0x00, 0x00, 0x00, 0x01, 0x12, 0x28, 0xa0, 0x00, 0x00, 0x21, 0x30,
    0x00, 0x00, 0x3a, 0x0d, 0x00, 0x03, 0x20, 0xcc, 0x58, 0x46, 0x00, 0x01, 0x00, 0x00, 0x00, 0x00,
    0x01, 0x12, 0x49, 0xe0, 0x00, 0x00, 0x27, 0xd0, 0x00, 0x00, 0x45, 0xaa, 0x00, 0x03, 0x20, 0xf4,
    0x58, 0x46, 0x00, 0x01, 0x00, 0x00, 0x00, 0x00, 0x01, 0x12, 0x71, 0xc0, 0x00, 0x00, 0x5c, 0xf8,
    0x00, 0x00, 0xa2, 0xaa, 0x00, 0x03, 0x21, 0x1c, 0x58, 0x46, 0x00, 0x01, 0x00, 0x00, 0x00, 0x00,
    0x01, 0x13, 0x4a, 0x80, 0x00, 0x00, 0x06, 0x98, 0x00, 0x00, 0x0b, 0x80, 0x00, 0x03, 0x28, 0xe4,
    0x5e, 0x40, 0x00, 0x01, 0x00, 0x00, 0x00, 0x00, 0x01, 0x13, 0x51, 0x20, 0x00, 0x00, 0x0e, 0x18,
    0x00, 0x00, 0x18, 0x9d, 0x00, 0x03, 0x29, 0x0c, 0x5a, 0x28, 0x00, 0x01, 0x00, 0x00, 0x00, 0x00,
    0x01, 0x13, 0x5f, 0x40, 0x00, 0x00, 0x0e, 0x18, 0x00, 0x00, 0x18, 0x9e, 0x00, 0x03, 0x29, 0x34,
    0x5a, 0x54, 0x00, 0x01, 0x00, 0x00, 0x00, 0x00, 0x01, 0x13, 0x6d, 0x60, 0x00, 0x00, 0x16, 0xa8,
    0x00, 0x00, 0x27, 0xa4, 0x00, 0x03, 0x29, 0x5c, 0x5a, 0x28, 0x00, 0x01, 0x00, 0x00, 0x00, 0x00,
    0x01, 0x13, 0x84, 0x20, 0x00, 0x00, 0x16, 0xa8, 0x00, 0x00, 0x27, 0xa4, 0x00, 0x03, 0x29, 0x84,
    0x5a, 0x54, 0x00, 0x01, 0x00, 0x00, 0x00, 0x00, 0x01, 0x13, 0x9a, 0xe0, 0x00, 0x00, 0x53, 0x58,
    0x00, 0x00, 0x91, 0xda, 0x00, 0x03, 0x29, 0xac, 0x6c, 0x28, 0x00, 0x01, 0x00, 0x00, 0x00, 0x00,
    0x01, 0x13, 0xee, 0x40, 0x00, 0x00, 0x53, 0x58, 0x00, 0x00, 0x91, 0xda, 0x00, 0x03, 0x29, 0xd4,
    0x6c, 0x54, 0x00, 0x01, 0x00, 0x00, 0x00, 0x00, 0x01, 0x14, 0x41, 0xa0, 0x00, 0x00, 0x29, 0x28,
    0x00, 0x00, 0x48, 0x00, 0x00, 0x03, 0x29, 0xfc, 0x64, 0x40, 0x00, 0x01, 0x00, 0x00, 0x00, 0x00,
    0x01, 0x14, 0x6a, 0xe0, 0x00, 0x00, 0x23, 0x60, 0x00, 0x00, 0x3d, 0xdd, 0x00, 0x03, 0x2a, 0x24,
    0x4e, 0x40, 0x00, 0x01, 0x00, 0x00, 0x00, 0x00, 0x01, 0x14, 0x8e, 0x40, 0x00, 0x00, 0x1e, 0x80,
    0x00, 0x00, 0x35, 0x60, 0x00, 0x03, 0x2a, 0x4c, 0x47, 0x40, 0x00, 0x01, 0x00, 0x00, 0x00, 0x00,
    0x01, 0x14, 0xac, 0xc0, 0x00, 0x00, 0x29, 0x28, 0x00, 0x00, 0x48, 0x00, 0x00, 0x03, 0x2a, 0x74,
    0x64, 0x40, 0x00, 0x01, 0x00, 0x00, 0x00, 0x00, 0x01, 0x14, 0xd6, 0x00, 0x00, 0x00, 0x29, 0x28,
    0x00, 0x00, 0x48, 0x00, 0x00, 0x03, 0x2a, 0x9c, 0x64, 0x40, 0x00, 0x01, 0x00, 0x00, 0x00, 0x00,
    0x01, 0x14, 0xff, 0x40, 0x00, 0x00, 0x29, 0x28, 0x00, 0x00, 0x48, 0x00, 0x00, 0x03, 0x2a, 0xc4,
    0x64, 0x40, 0x00, 0x01, 0x00, 0x00, 0x00, 0x00, 0x01, 0x15, 0x28, 0x80, 0x00, 0x00, 0x05, 0x20,
    0x00, 0x00, 0x08, 0xec, 0x00, 0x03, 0x2a, 0xec, 0x01, 0x40, 0x00, 0x01, 0x00, 0x00, 0x00, 0x00,
    0x01, 0x15, 0x28, 0x80, 0x00, 0x00, 0x05, 0x20, 0x00, 0x00, 0x08, 0xec, 0x00, 0x03, 0x2a, 0xec,
    0x01, 0x40, 0x00, 0x01, 0x00, 0x00, 0x00, 0x00, 0x01, 0x15, 0x28, 0x80, 0x00, 0x00, 0x05, 0x20,
    0x00, 0x00, 0x08, 0xec, 0x00, 0x03, 0x2a, 0xec, 0x01, 0x40, 0x00, 0x01, 0x00, 0x00, 0x00, 0x00,
    0x01, 0x15, 0x28, 0x80, 0x00, 0x00, 0x05, 0x20, 0x00, 0x00, 0x08, 0xec, 0x00, 0x03, 0x2a, 0xec,
    0x01, 0x40, 0x00, 0x01, 0x00, 0x00, 0x00, 0x00, 0x01, 0x15, 0x28, 0x80, 0x00, 0x00, 0x05, 0x20,
    0x00, 0x00, 0x08, 0xec, 0x00, 0x03, 0x2a, 0xec, 0x01, 0x40, 0x00, 0x01, 0x00, 0x00, 0x00, 0x00,
    0x01, 0x15, 0x28, 0x80, 0x00, 0x00, 0x05, 0x20, 0x00, 0x00, 0x08, 0xec, 0x00, 0x03, 0x2a, 0xec,
    0x01, 0x40, 0x00, 0x01, 0x00, 0x00, 0x00, 0x00, 0x01, 0x15, 0x2d, 0xa0, 0x00, 0x00, 0x95, 0x48,
    0x00, 0x01, 0x05, 0x3a, 0x00, 0x03, 0x31, 0x04, 0x44, 0x40, 0x00, 0x01, 0x00, 0x00, 0x00, 0x00,
    0x01, 0x19, 0xdd, 0x20, 0x00, 0x00, 0x05, 0x20, 0x00, 0x00, 0x08, 0xec, 0x00, 0x03, 0x32, 0x1c,
    0x03, 0x40, 0x00, 0x01, 0x00, 0x00, 0x00, 0x00, 0x01, 0x18, 0x52, 0x40, 0x00, 0x00, 0x0a, 0x40,
    0x00, 0x00, 0x11, 0xe7, 0x00, 0x03, 0x31, 0x7c, 0x3f, 0x30, 0x00, 0x01, 0x00, 0x00, 0x00, 0x00,
    0x01, 0x18, 0x52, 0x40, 0x00, 0x00, 0x0a, 0x40, 0x00, 0x00, 0x11, 0xe7, 0x00, 0x03, 0x31, 0x7c,
    0x3f, 0x50, 0x00, 0x01, 0x00, 0x00, 0x00, 0x00, 0x01, 0x18, 0x5c, 0x80, 0x00, 0x00, 0x2c, 0x50,
    0x00, 0x00, 0x4d, 0x80, 0x00, 0x03, 0x31, 0xa4, 0x5e, 0x30, 0x00, 0x01, 0x00, 0x00, 0x00, 0x00,
    0x01, 0x18, 0x5c, 0x80, 0x00, 0x00, 0x2c, 0x50, 0x00, 0x00, 0x4d, 0x80, 0x00, 0x03, 0x31, 0xa4,
    0x5e, 0x50, 0x00, 0x01, 0x00, 0x00, 0x00, 0x00, 0x01, 0x15, 0xc3, 0x00, 0x00, 0x01, 0x0b, 0xe0,
    0x00, 0x01, 0xd4, 0xc1, 0x00, 0x03, 0x31, 0x2c, 0x32, 0x40, 0x00, 0x01, 0x00, 0x00, 0x00, 0x00,
    0x01, 0x19, 0xdd, 0x20, 0x00, 0x00, 0x05, 0x20, 0x00, 0x00, 0x08, 0xec, 0x00, 0x03, 0x32, 0x1c,
    0x64, 0x30, 0x00, 0x01, 0x00, 0x00, 0x00, 0x00, 0x01, 0x19, 0xdd, 0x20, 0x00, 0x00, 0x05, 0x20,
    0x00, 0x00, 0x08, 0xec, 0x00, 0x03, 0x32, 0x1c, 0x64, 0x50, 0x00, 0x01, 0x00, 0x00, 0x00, 0x00,
    0x01, 0x18, 0x88, 0xe0, 0x00, 0x01, 0x27, 0x40, 0x00, 0x02, 0x04, 0xa5, 0x00, 0x03, 0x31, 0xcc,
    0x7f, 0x30, 0x00, 0x01, 0x00, 0x00, 0x00, 0x00, 0x01, 0x18, 0x88, 0xe0, 0x00, 0x01, 0x27, 0x40,
    0x00, 0x02, 0x04, 0xa5, 0x00, 0x03, 0x31, 0xcc, 0x7f, 0x50, 0x00, 0x01, 0x00, 0x00, 0x00, 0x00,
    0x01, 0x19, 0xb0, 0x20, 0x00, 0x00, 0x2d, 0x00, 0x00, 0x00, 0x4e, 0xc0, 0x00, 0x03, 0x31, 0xf4,
    0x4c, 0x30, 0x00, 0x01, 0x00, 0x00, 0x00, 0x00, 0x01, 0x19, 0xb0, 0x20, 0x00, 0x00, 0x2d, 0x00,
    0x00, 0x00, 0x4e, 0xc0, 0x00, 0x03, 0x31, 0xf4, 0x4c, 0x50, 0x00, 0x01, 0x00, 0x00, 0x00, 0x00,
    0x01, 0x16, 0xce, 0xe0, 0x00, 0x01, 0x83, 0x48, 0x00, 0x02, 0xa5, 0xbc, 0x00, 0x03, 0x31, 0x54,
    0x3b, 0x40, 0x00, 0x01, 0x00, 0x00, 0x00, 0x00, 0x00, 0x00, 0x00, 0x00, 0x00, 0x00, 0x00, 0x00,
    0x00, 0x00, 0x00, 0x00, 0x00, 0x00, 0x00, 0x00, 0x00, 0x40, 0x00, 0x00, 0x00, 0x00, 0x00, 0x00,
    0x00, 0x00, 0x00, 0x00, 0x00, 0x00, 0x00, 0x00, 0x00, 0x00, 0x00, 0x00, 0x00, 0x00, 0x00, 0x00,
    0x00, 0x40, 0x00, 0x00, 0x00, 0x00, 0x00, 0x00, 0x00, 0x00, 0x00, 0x00, 0x00, 0x00, 0x00, 0x00,
    0x00, 0x00, 0x00, 0x00, 0x00, 0x00, 0x00, 0x00, 0x00, 0x40, 0x00, 0x00, 0x00, 0x00, 0x00, 0x00,
    0x00, 0x00, 0x00, 0x00, 0x00, 0x00, 0x00, 0x00, 0x00, 0x00, 0x00, 0x00, 0x00, 0x00, 0x00, 0x00,
    0x00, 0x40, 0x00, 0x00, 0x00, 0x00, 0x00, 0x00, 0x01, 0x1b, 0x98, 0x20, 0x00, 0x00, 0x05, 0x20,
    0x00, 0x00, 0x08, 0xec, 0x00, 0x03, 0x37, 0xbc, 0x01, 0x40, 0x00, 0x01, 0x00, 0x00, 0x00, 0x00,
    0x01, 0x1b, 0x98, 0x20, 0x00, 0x00, 0x05, 0x20, 0x00, 0x00, 0x08, 0xec, 0x00, 0x03, 0x37, 0xbc,
    0x01, 0x40, 0x00, 0x01, 0x00, 0x00, 0x00, 0x00, 0x01, 0x1b, 0x98, 0x20, 0x00, 0x00, 0x05, 0x20,
    0x00, 0x00, 0x08, 0xec, 0x00, 0x03, 0x37, 0xbc, 0x01, 0x40, 0x00, 0x01, 0x00, 0x00, 0x00, 0x00,
    0x01, 0x1b, 0x98, 0x20, 0x00, 0x00, 0x05, 0x20, 0x00, 0x00, 0x08, 0xec, 0x00, 0x03, 0x37, 0xbc,
    0x01, 0x40, 0x00, 0x01, 0x00, 0x00, 0x00, 0x00, 0x01, 0x1b, 0x98, 0x20, 0x00, 0x00, 0x05, 0x20,
    0x00, 0x00, 0x08, 0xec, 0x00, 0x03, 0x37, 0xbc, 0x01, 0x40, 0x00, 0x01, 0x00, 0x00, 0x00, 0x00,
    0x01, 0x1b, 0x98, 0x20, 0x00, 0x00, 0x05, 0x20, 0x00, 0x00, 0x08, 0xec, 0x00, 0x03, 0x37, 0xbc,
    0x01, 0x40, 0x00, 0x01, 0x00, 0x00, 0x00, 0x00, 0x01, 0x1e, 0x75, 0x40, 0x00, 0x00, 0x33, 0x38,
    0x00, 0x00, 0x59, 0x9e, 0x00, 0x03, 0x3e, 0x44, 0x58, 0x40, 0x00, 0x01, 0x00, 0x00, 0x00, 0x00,
    0x01, 0x1e, 0xa8, 0x80, 0x00, 0x00, 0x3c, 0x00, 0x00, 0x00, 0x69, 0x00, 0x00, 0x03, 0x3e, 0x6c,
    0x58, 0x40, 0x00, 0x01, 0x00, 0x00, 0x00, 0x00, 0x01, 0x1e, 0xe4, 0x80, 0x00, 0x00, 0x22, 0x30,
    0x00, 0x00, 0x3b, 0xca, 0x00, 0x03, 0x3e, 0x94, 0x64, 0x40, 0x00, 0x01, 0x00, 0x00, 0x00, 0x00,
    0x01, 0x1c, 0x7e, 0xe0, 0x00, 0x00, 0xc7, 0x80, 0x00, 0x01, 0x5d, 0x20, 0x00, 0x03, 0x3d, 0xcc,
    0x64, 0x40, 0x00, 0x01, 0x00, 0x00, 0x00, 0x00, 0x00, 0x00, 0x00, 0x00, 0x00, 0x00, 0x00, 0x00,
    0x00, 0x00, 0x00, 0x00, 0x00, 0x00, 0x00, 0x00, 0x00, 0x40, 0x00, 0x00, 0x00, 0x00, 0x00, 0x00,
    0x00, 0x00, 0x00, 0x00, 0x00, 0x00, 0x00, 0x00, 0x00, 0x00, 0x00, 0x00, 0x00, 0x00, 0x00, 0x00,
    0x00, 0x40, 0x00, 0x00, 0x00, 0x00, 0x00, 0x00, 0x01, 0x21, 0x1d, 0x60, 0x00, 0x00, 0x05, 0x20,
    0x00, 0x00, 0x08, 0xec, 0x00, 0x03, 0x3f, 0xac, 0x64, 0x40, 0x00, 0x01, 0x00, 0x00, 0x00, 0x00,
    0x00, 0x00, 0x00, 0x00, 0x00, 0x00, 0x00, 0x00, 0x00, 0x00, 0x00, 0x00, 0x00, 0x00, 0x00, 0x00,
    0x00, 0x40, 0x00, 0x00, 0x00, 0x00, 0x00, 0x00, 0x01, 0x20, 0x0a, 0xe0, 0x00, 0x00, 0x26, 0xe0,
    0x00, 0x00, 0x44, 0x07, 0x00, 0x03, 0x3f, 0x34, 0x64, 0x40, 0x00, 0x01, 0x00, 0x00, 0x00, 0x00,
    0x00, 0x00, 0x00, 0x00, 0x00, 0x00, 0x00, 0x00, 0x00, 0x00, 0x00, 0x00, 0x00, 0x00, 0x00, 0x00,
    0x00, 0x40, 0x00, 0x00, 0x00, 0x00, 0x00, 0x00, 0x01, 0x20, 0xc4, 0x80, 0x00, 0x00, 0x58, 0xd8,
    0x00, 0x00, 0x9b, 0x70, 0x00, 0x03, 0x3f, 0x84, 0x7f, 0x40, 0x00, 0x01, 0x00, 0x00, 0x00, 0x00,
    0x01, 0x21, 0x22, 0x80, 0x00, 0x01, 0x83, 0x48, 0x00, 0x02, 0xa5, 0xbc, 0x00, 0x03, 0x47, 0xe4,
    0x5d, 0x40, 0x00, 0x01, 0x00, 0x00, 0x00, 0x00, 0x01, 0x22, 0xa5, 0xe0, 0x00, 0x00, 0xee, 0xd8,
    0x00, 0x01, 0xa1, 0xf6, 0x00, 0x03, 0x48, 0x0c, 0x5e, 0x30, 0x00, 0x01, 0x00, 0x00, 0x00, 0x00,
    0x01, 0x22, 0xa5, 0xe0, 0x00, 0x00, 0xee, 0xd8, 0x00, 0x01, 0xa1, 0xf6, 0x00, 0x03, 0x48, 0x0c,
    0x5e, 0x50, 0x00, 0x01, 0x00, 0x00, 0x00, 0x00, 0x01, 0x27, 0xca, 0xe0, 0x00, 0x00, 0x05, 0x20,
    0x00, 0x00, 0x08, 0xec, 0x00, 0x03, 0x48, 0xfc, 0x40, 0x40, 0x00, 0x01, 0x00, 0x00, 0x00, 0x00,
    0x00, 0x00, 0x00, 0x00, 0x00, 0x00, 0x00, 0x00, 0x00, 0x00, 0x00, 0x00, 0x00, 0x00, 0x00, 0x00,
    0x00, 0x40, 0x00, 0x00, 0x00, 0x00, 0x00, 0x00, 0x01, 0x23, 0x94, 0xc0, 0x00, 0x01, 0xbe, 0x28,
    0x00, 0x03, 0x0c, 0xc5, 0x00, 0x03, 0x48, 0x34, 0x53, 0x40, 0x00, 0x01, 0x00, 0x00, 0x00, 0x00,
    0x01, 0x25, 0x53, 0x00, 0x00, 0x00, 0xab, 0xe0, 0x00, 0x01, 0x2c, 0xc6, 0x00, 0x03, 0x48, 0x5c,
    0x53, 0x40, 0x00, 0x01, 0x00, 0x00, 0x00, 0x00, 0x01, 0x25, 0xfe, 0xe0, 0x00, 0x00, 0xfe, 0x50,
    0x00, 0x01, 0xbd, 0x00, 0x00, 0x03, 0x48, 0x84, 0x76, 0x40, 0x00, 0x01, 0x00, 0x00, 0x00, 0x00,
    0x01, 0x25, 0xfe, 0xe0, 0x00, 0x00, 0xfe, 0x50, 0x00, 0x01, 0xbd, 0x00, 0x00, 0x03, 0x48, 0x84,
    0x55, 0x30, 0x00, 0x01, 0x00, 0x00, 0x00, 0x00, 0x01, 0x25, 0xfe, 0xe0, 0x00, 0x00, 0xfe, 0x50,
    0x00, 0x01, 0xbd, 0x00, 0x00, 0x03, 0x48, 0x84, 0x55, 0x50, 0x00, 0x01, 0x00, 0x00, 0x00, 0x00,
    0x00, 0x00, 0x00, 0x00, 0x00, 0x00, 0x00, 0x00, 0x00, 0x00, 0x00, 0x00, 0x00, 0x00, 0x00, 0x00,
    0x00, 0x40, 0x00, 0x00, 0x00, 0x00, 0x00, 0x00, 0x01, 0x28, 0x3d, 0x20, 0x00, 0x00, 0x2a, 0x80,
    0x00, 0x00, 0x4a, 0x60, 0x00, 0x03, 0x4f, 0x2c, 0x64, 0x40, 0x00, 0x01, 0x00, 0x00, 0x00, 0x00,
    0x01, 0x28, 0x67, 0xa0, 0x00, 0x00, 0x0b, 0x38, 0x00, 0x00, 0x13, 0x99, 0x00, 0x03, 0x4f, 0x54,
    0x50, 0x40, 0x00, 0x01, 0x00, 0x00, 0x00, 0x00, 0x01, 0x27, 0xd0, 0x00, 0x00, 0x00, 0x6d, 0x10,
    0x00, 0x00, 0xbe, 0xd7, 0x00, 0x03, 0x4f, 0x04, 0x64, 0x40, 0x00, 0x01, 0x00, 0x00, 0x00, 0x00,
    0x01, 0x29, 0x28, 0x20, 0x00, 0x00, 0x77, 0x40, 0x00, 0x00, 0xd0, 0xab, 0x00, 0x03, 0x50, 0x1c,
    0x5a, 0x32, 0x00, 0x01, 0x00, 0x00, 0x00, 0x00, 0x01, 0x29, 0x9f, 0x60, 0x00, 0x00, 0x1f, 0xc0,
    0x00, 0x00, 0x37, 0x83, 0x00, 0x03, 0x50, 0x44, 0x5a, 0x32, 0x00, 0x01, 0x00, 0x00, 0x00, 0x00,
    0x01, 0x28, 0x72, 0xe0, 0x00, 0x00, 0x10, 0x18, 0x00, 0x00, 0x1c, 0x1f, 0x00, 0x03, 0x4f, 0x7c,
    0x64, 0x32, 0x00, 0x01, 0x00, 0x00, 0x00, 0x00, 0x01, 0x28, 0x83, 0x00, 0x00, 0x00, 0x2e, 0x20,
    0x00, 0x00, 0x50, 0xb0, 0x00, 0x03, 0x4f, 0xa4, 0x64, 0x32, 0x00, 0x01, 0x00, 0x00, 0x00, 0x00,
    0x01, 0x28, 0xb1, 0x20, 0x00, 0x00, 0x2a, 0x80, 0x00, 0x00, 0x4a, 0x60, 0x00, 0x03, 0x4f, 0xcc,
    0x64, 0x40, 0x00, 0x01, 0x00, 0x00, 0x00, 0x00, 0x01, 0x29, 0x28, 0x20, 0x00, 0x00, 0x77, 0x40,
    0x00, 0x00, 0xd0, 0xab, 0x00, 0x03, 0x50, 0x1c, 0x5a, 0x4e, 0x00, 0x01, 0x00, 0x00, 0x00, 0x00,
    0x01, 0x29, 0x9f, 0x60, 0x00, 0x00, 0x1f, 0xc0, 0x00, 0x00, 0x37, 0x83, 0x00, 0x03, 0x50, 0x44,
    0x5a, 0x4e, 0x00, 0x01, 0x00, 0x00, 0x00, 0x00, 0x01, 0x28, 0x72, 0xe0, 0x00, 0x00, 0x10, 0x18,
    0x00, 0x00, 0x1c, 0x1f, 0x00, 0x03, 0x4f, 0x7c, 0x64, 0x4e, 0x00, 0x01, 0x00, 0x00, 0x00, 0x00,
    0x01, 0x28, 0x83, 0x00, 0x00, 0x00, 0x2e, 0x20, 0x00, 0x00, 0x50, 0xb0, 0x00, 0x03, 0x4f, 0xa4,
    0x64, 0x4e, 0x00, 0x01, 0x00, 0x00, 0x00, 0x00, 0x01, 0x28, 0xdb, 0xa0, 0x00, 0x00, 0x4c, 0x80,
    0x00, 0x00, 0x85, 0xdb, 0x00, 0x03, 0x4f, 0xf4, 0x70, 0x40, 0x00, 0x01, 0x00, 0x00, 0x00, 0x00,
    0x00, 0x00, 0x00, 0x00, 0x00, 0x00, 0x00, 0x00, 0x00, 0x00, 0x00, 0x00, 0x00, 0x00, 0x00, 0x00,
    0x00, 0x40, 0x00, 0x00, 0x00, 0x00, 0x00, 0x00, 0x00, 0x00, 0x00, 0x00, 0x00, 0x00, 0x00, 0x00,
    0x00, 0x00, 0x00, 0x00, 0x00, 0x00, 0x00, 0x00, 0x00, 0x40, 0x00, 0x00, 0x00, 0x00, 0x00, 0x00,
    0x00, 0x00, 0x00, 0x00, 0x00, 0x00, 0x00, 0x00, 0x00, 0x00, 0x00, 0x00, 0x00, 0x00, 0x00, 0x00,
    0x00, 0x40, 0x00, 0x00, 0x00, 0x00, 0x00, 0x00, 0x00, 0x00, 0x00, 0x00, 0x00, 0x00, 0x00, 0x00,
    0x00, 0x00, 0x00, 0x00, 0x00, 0x00, 0x00, 0x00, 0x00, 0x40, 0x00, 0x00, 0x00, 0x00, 0x00, 0x00,
    0x01, 0x2a, 0xd1, 0xe0, 0x00, 0x00, 0x45, 0x88, 0x00, 0x00, 0x79, 0xa7, 0x00, 0x03, 0x56, 0xf4,
    0x64, 0x30, 0x00, 0x01, 0x00, 0x00, 0x00, 0x00, 0x01, 0x2a, 0xd1, 0xe0, 0x00, 0x00, 0x45, 0x88,
    0x00, 0x00, 0x79, 0xa7, 0x00, 0x03, 0x56, 0xf4, 0x64, 0x50, 0x00, 0x01, 0x00, 0x00, 0x00, 0x00,
    0x01, 0x2b, 0x17, 0x80, 0x00, 0x00, 0x10, 0x98, 0x00, 0x00, 0x1d, 0x09, 0x00, 0x03, 0x57, 0x1c,
    0x64, 0x30, 0x00, 0x01, 0x00, 0x00, 0x00, 0x00, 0x01, 0x2b, 0x17, 0x80, 0x00, 0x00, 0x10, 0x98,
    0x00, 0x00, 0x1d, 0x09, 0x00, 0x03, 0x57, 0x1c, 0x64, 0x50, 0x00, 0x01, 0x00, 0x00, 0x00, 0x00,
    0x01, 0x2b, 0x28, 0x20, 0x00, 0x00, 0xa4, 0x10, 0x00, 0x01, 0x1f, 0x16, 0x00, 0x03, 0x57, 0x44,
    0x64, 0x40, 0x00, 0x01, 0x00, 0x00, 0x00, 0x00, 0x01, 0x2a, 0x46, 0x80, 0x00, 0x00, 0x29, 0xc8,
    0x00, 0x00, 0x49, 0x1c, 0x00, 0x03, 0x56, 0x7c, 0x54, 0x30, 0x00, 0x01, 0x00, 0x00, 0x00, 0x00,
    0x01, 0x2a, 0x46, 0x80, 0x00, 0x00, 0x29, 0xc8, 0x00, 0x00, 0x49, 0x1c, 0x00, 0x03, 0x56, 0x7c,
    0x54, 0x50, 0x00, 0x01, 0x00, 0x00, 0x00, 0x00, 0x01, 0x2a, 0x70, 0x60, 0x00, 0x00, 0x24, 0x80,
    0x00, 0x00, 0x3f, 0xdb, 0x00, 0x03, 0x56, 0xa4, 0x54, 0x30, 0x00, 0x01, 0x00, 0x00, 0x00, 0x00,
    0x01, 0x2a, 0x70, 0x60, 0x00, 0x00, 0x24, 0x80, 0x00, 0x00, 0x3f, 0xdb, 0x00, 0x03, 0x56, 0xa4,
    0x54, 0x50, 0x00, 0x01, 0x00, 0x00, 0x00, 0x00, 0x01, 0x2b, 0xcc, 0x40, 0x00, 0x00, 0x45, 0xb0,
    0x00, 0x00, 0x79, 0xe8, 0x00, 0x03, 0x57, 0x6c, 0x64, 0x40, 0x00, 0x01, 0x00, 0x00, 0x00, 0x00,
    0x01, 0x2c, 0x12, 0x00, 0x00, 0x00, 0x41, 0xc0, 0x00, 0x00, 0x73, 0x03, 0x00, 0x03, 0x57, 0x94,
    0x64, 0x40, 0x00, 0x01, 0x00, 0x00, 0x00, 0x00, 0x00, 0x00, 0x00, 0x00, 0x00, 0x00, 0x00, 0x00,
    0x00, 0x00, 0x00, 0x00, 0x00, 0x00, 0x00, 0x00, 0x00, 0x40, 0x00, 0x00, 0x00, 0x00, 0x00, 0x00,
    0x01, 0x2c, 0x53, 0xc0, 0x00, 0x00, 0x05, 0x20, 0x00, 0x00, 0x08, 0xec, 0x00, 0x03, 0x57, 0xbc,
    0x01, 0x40, 0x00, 0x01, 0x00, 0x00, 0x00, 0x00, 0x01, 0x2c, 0x53, 0xc0, 0x00, 0x00, 0x05, 0x20,
    0x00, 0x00, 0x08, 0xec, 0x00, 0x03, 0x57, 0xbc, 0x01, 0x40, 0x00, 0x01, 0x00, 0x00, 0x00, 0x00,
    0x01, 0x2c, 0x53, 0xc0, 0x00, 0x00, 0x05, 0x20, 0x00, 0x00, 0x08, 0xec, 0x00, 0x03, 0x57, 0xbc,
    0x01, 0x40, 0x00, 0x01, 0x00, 0x00, 0x00, 0x00, 0x01, 0x2c, 0x53, 0xc0, 0x00, 0x00, 0x05, 0x20,
    0x00, 0x00, 0x08, 0xec, 0x00, 0x03, 0x57, 0xbc, 0x01, 0x40, 0x00, 0x01, 0x00, 0x00, 0x00, 0x00,
    0x01, 0x2c, 0x53, 0xc0, 0x00, 0x00, 0x05, 0x20, 0x00, 0x00, 0x08, 0xec, 0x00, 0x03, 0x57, 0xbc,
    0x01, 0x40, 0x00, 0x01, 0x00, 0x00, 0x00, 0x00, 0x01, 0x2c, 0x53, 0xc0, 0x00, 0x00, 0x05, 0x20,
    0x00, 0x00, 0x08, 0xec, 0x00, 0x03, 0x57, 0xbc, 0x01, 0x40, 0x00, 0x01, 0x00, 0x00, 0x00, 0x00,
    0x01, 0x2c, 0x53, 0xc0, 0x00, 0x00, 0x05, 0x20, 0x00, 0x00, 0x08, 0xec, 0x00, 0x03, 0x57, 0xbc,
    0x01, 0x40, 0x00, 0x01, 0x00, 0x00, 0x00, 0x00, 0x01, 0x2c, 0x58, 0xe0, 0x00, 0x01, 0xd1, 0x28,
    0x00, 0x03, 0x2e, 0x00, 0x00, 0x03, 0x61, 0x44, 0x3f, 0x40, 0x00, 0x01, 0x00, 0x00, 0x00, 0x00,
    0x01, 0x2f, 0xe8, 0x60, 0x00, 0x00, 0x38, 0x00, 0x00, 0x00, 0x61, 0xf6, 0x00, 0x03, 0x61, 0x94,
    0x7d, 0x30, 0x00, 0x01, 0x00, 0x00, 0x00, 0x00, 0x01, 0x2f, 0xe8, 0x60, 0x00, 0x00, 0x38, 0x00,
    0x00, 0x00, 0x61, 0xf6, 0x00, 0x03, 0x61, 0x94, 0x7d, 0x50, 0x00, 0x01, 0x00, 0x00, 0x00, 0x00,
    0x01, 0x30, 0x20, 0x60, 0x00, 0x00, 0x17, 0xd0, 0x00, 0x00, 0x29, 0xa3, 0x00, 0x03, 0x61, 0xbc,
    0x61, 0x30, 0x00, 0x01, 0x00, 0x00, 0x00, 0x00, 0x01, 0x30, 0x20, 0x60, 0x00, 0x00, 0x17, 0xd0,
    0x00, 0x00, 0x29, 0xa3, 0x00, 0x03, 0x61, 0xbc, 0x61, 0x50, 0x00, 0x01, 0x00, 0x00, 0x00, 0x00,
    0x01, 0x30, 0x38, 0x40, 0x00, 0x00, 0x24, 0x30, 0x00, 0x00, 0x3f, 0x50, 0x00, 0x03, 0x61, 0xe4,
    0x7b, 0x30, 0x00, 0x01, 0x00, 0x00, 0x00, 0x00, 0x01, 0x30, 0x38, 0x40, 0x00, 0x00, 0x24, 0x30,
    0x00, 0x00, 0x3f, 0x50, 0x00, 0x03, 0x61, 0xe4, 0x7b, 0x50, 0x00, 0x01, 0x00, 0x00, 0x00, 0x00,
    0x01, 0x30, 0x5c, 0x80, 0x00, 0x00, 0x2b, 0x58, 0x00, 0x00, 0x4b, 0xd6, 0x00, 0x03, 0x62, 0x0c,
    0x64, 0x30, 0x00, 0x01, 0x00, 0x00, 0x00, 0x00, 0x01, 0x30, 0x5c, 0x80, 0x00, 0x00, 0x2b, 0x58,
    0x00, 0x00, 0x4b, 0xd6, 0x00, 0x03, 0x62, 0x0c, 0x64, 0x50, 0x00, 0x01, 0x00, 0x00, 0x00, 0x00,
    0x01, 0x2e, 0x2a, 0x20, 0x00, 0x01, 0xbe, 0x28, 0x00, 0x03, 0x0c, 0xc5, 0x00, 0x03, 0x61, 0x6c,
    0x47, 0x40, 0x00, 0x01, 0x00, 0x00, 0x00, 0x00, 0x01, 0x30, 0x87, 0xe0, 0x00, 0x00, 0x08, 0xd0,
    0x00, 0x00, 0x0f, 0x6c, 0x00, 0x03, 0x62, 0x34, 0x7d, 0x30, 0x00, 0x01, 0x00, 0x00, 0x00, 0x00,
    0x01, 0x30, 0x87, 0xe0, 0x00, 0x00, 0x08, 0xd0, 0x00, 0x00, 0x0f, 0x6c, 0x00, 0x03, 0x62, 0x34,
    0x7d, 0x50, 0x00, 0x01, 0x00, 0x00, 0x00, 0x00, 0x01, 0x30, 0x90, 0xc0, 0x00, 0x00, 0x05, 0x20,
    0x00, 0x00, 0x08, 0xec, 0x00, 0x03, 0x62, 0x5c, 0x01, 0x40, 0x00, 0x01, 0x00, 0x00, 0x00, 0x00,
    0x01, 0x30, 0x90, 0xc0, 0x00, 0x00, 0x05, 0x20, 0x00, 0x00, 0x08, 0xec, 0x00, 0x03, 0x62, 0x5c,
    0x01, 0x40, 0x00, 0x01, 0x00, 0x00, 0x00, 0x00, 0x01, 0x30, 0x90, 0xc0, 0x00, 0x00, 0x05, 0x20,
    0x00, 0x00, 0x08, 0xec, 0x00, 0x03, 0x62, 0x5c, 0x01, 0x40, 0x00, 0x01, 0x00, 0x00, 0x00, 0x00,
    0x01, 0x30, 0x90, 0xc0, 0x00, 0x00, 0x05, 0x20, 0x00, 0x00, 0x08, 0xec, 0x00, 0x03, 0x62, 0x5c,
    0x01, 0x40, 0x00, 0x01, 0x00, 0x00, 0x00, 0x00, 0x01, 0x30, 0x90, 0xc0, 0x00, 0x00, 0x05, 0x20,
    0x00, 0x00, 0x08, 0xec, 0x00, 0x03, 0x62, 0x5c, 0x01, 0x40, 0x00, 0x01, 0x00, 0x00, 0x00, 0x00,
    0x01, 0x30, 0x90, 0xc0, 0x00, 0x00, 0x05, 0x20, 0x00, 0x00, 0x08, 0xec, 0x00, 0x03, 0x62, 0x5c,
    0x01, 0x40, 0x00, 0x01, 0x00, 0x00, 0x00, 0x00, 0x01, 0x30, 0x90, 0xc0, 0x00, 0x00, 0x05, 0x20,
    0x00, 0x00, 0x08, 0xec, 0x00, 0x03, 0x62, 0x5c, 0x01, 0x40, 0x00, 0x01, 0x00, 0x00, 0x00, 0x00,
    0x01, 0x30, 0x90, 0xc0, 0x00, 0x00, 0x05, 0x20, 0x00, 0x00, 0x08, 0xec, 0x00, 0x03, 0x62, 0x5c,
    0x01, 0x40, 0x00, 0x01, 0x00, 0x00, 0x00, 0x00, 0x01, 0x30, 0x90, 0xc0, 0x00, 0x00, 0x05, 0x20,
    0x00, 0x00, 0x08, 0xec, 0x00, 0x03, 0x62, 0x5c, 0x01, 0x40, 0x00, 0x01, 0x00, 0x00, 0x00, 0x00,
    0x01, 0x30, 0x90, 0xc0, 0x00, 0x00, 0x05, 0x20, 0x00, 0x00, 0x08, 0xec, 0x00, 0x03, 0x62, 0x5c,
    0x01, 0x40, 0x00, 0x01, 0x00, 0x00, 0x00, 0x00, 0x01, 0x30, 0x90, 0xc0, 0x00, 0x00, 0x05, 0x20,
    0x00, 0x00, 0x08, 0xec, 0x00, 0x03, 0x62, 0x5c, 0x01, 0x40, 0x00, 0x01, 0x00, 0x00, 0x00, 0x00,
    0x01, 0x30, 0x90, 0xc0, 0x00, 0x00, 0x05, 0x20, 0x00, 0x00, 0x08, 0xec, 0x00, 0x03, 0x62, 0x5c,
    0x01, 0x40, 0x00, 0x01, 0x00, 0x00, 0x00, 0x00, 0x01, 0x30, 0x90, 0xc0, 0x00, 0x00, 0x05, 0x20,
    0x00, 0x00, 0x08, 0xec, 0x00, 0x03, 0x62, 0x5c, 0x01, 0x40, 0x00, 0x01, 0x00, 0x00, 0x00, 0x00,
    0x01, 0x30, 0x90, 0xc0, 0x00, 0x00, 0x05, 0x20, 0x00, 0x00, 0x08, 0xec, 0x00, 0x03, 0x62, 0x5c,
    0x01, 0x40, 0x00, 0x01, 0x00, 0x00, 0x00, 0x00, 0x01, 0x30, 0x90, 0xc0, 0x00, 0x00, 0x05, 0x20,
    0x00, 0x00, 0x08, 0xec, 0x00, 0x03, 0x62, 0x5c, 0x01, 0x40, 0x00, 0x01, 0x00, 0x00, 0x00, 0x00,
    0x01, 0x30, 0x90, 0xc0, 0x00, 0x00, 0x05, 0x20, 0x00, 0x00, 0x08, 0xec, 0x00, 0x03, 0x62, 0x5c,
    0x01, 0x40, 0x00, 0x01, 0x00, 0x00, 0x00, 0x00, 0x01, 0x30, 0x90, 0xc0, 0x00, 0x00, 0x05, 0x20,
    0x00, 0x00, 0x08, 0xec, 0x00, 0x03, 0x62, 0x5c, 0x01, 0x40, 0x00, 0x01, 0x00, 0x00, 0x00, 0x00,
    0x01, 0x30, 0x90, 0xc0, 0x00, 0x00, 0x05, 0x20, 0x00, 0x00, 0x08, 0xec, 0x00, 0x03, 0x62, 0x5c,
    0x01, 0x40, 0x00, 0x01, 0x00, 0x00, 0x00, 0x00, 0x01, 0x30, 0x90, 0xc0, 0x00, 0x00, 0x05, 0x20,
    0x00, 0x00, 0x08, 0xec, 0x00, 0x03, 0x62, 0x5c, 0x01, 0x40, 0x00, 0x01, 0x00, 0x00, 0x00, 0x00,
    0x01, 0x30, 0x90, 0xc0, 0x00, 0x00, 0x05, 0x20, 0x00, 0x00, 0x08, 0xec, 0x00, 0x03, 0x62, 0x5c,
    0x01, 0x40, 0x00, 0x01, 0x00, 0x00, 0x00, 0x00, 0x01, 0x31, 0xb9, 0xe0, 0x00, 0x00, 0x35, 0xf0,
    0x00, 0x00, 0x5e, 0x63, 0x00, 0x03, 0x69, 0x4c, 0x64, 0x40, 0x00, 0x01, 0x00, 0x00, 0x00, 0x00,
    0x01, 0x34, 0x38, 0x60, 0x00, 0x00, 0x05, 0x20, 0x00, 0x00, 0x08, 0xec, 0x00, 0x03, 0x6a, 0x8c,
    0x40, 0x40, 0x00, 0x01, 0x00, 0x00, 0x00, 0x00, 0x01, 0x31, 0xef, 0xe0, 0x00, 0x00, 0x25, 0x90,
    0x00, 0x00, 0x41, 0xbc, 0x00, 0x03, 0x69, 0x74, 0x64, 0x40, 0x00, 0x01, 0x00, 0x00, 0x00, 0x00,
    0x01, 0x32, 0x15, 0x80, 0x00, 0x00, 0x14, 0x48, 0x00, 0x00, 0x23, 0x74, 0x00, 0x03, 0x69, 0x9c,
    0x64, 0x40, 0x00, 0x01, 0x00, 0x00, 0x00, 0x00, 0x01, 0x32, 0x29, 0xe0, 0x00, 0x00, 0x19, 0x50,
    0x00, 0x00, 0x2c, 0x44, 0x00, 0x03, 0x69, 0xc4, 0x4f, 0x40, 0x00, 0x01, 0x00, 0x00, 0x00, 0x00,
    0x01, 0x32, 0x43, 0x40, 0x00, 0x01, 0x75, 0x30, 0x00, 0x02, 0x8d, 0x10, 0x00, 0x03, 0x69, 0xec,
    0x53, 0x40, 0x00, 0x01, 0x00, 0x00, 0x00, 0x00, 0x01, 0x34, 0x38, 0x60, 0x00, 0x00, 0x05, 0x20,
    0x00, 0x00, 0x08, 0xec, 0x00, 0x03, 0x6a, 0x8c, 0x40, 0x40, 0x00, 0x01, 0x00, 0x00, 0x00, 0x00,
    0x01, 0x30, 0x95, 0xe0, 0x00, 0x01, 0x23, 0xf0, 0x00, 0x01, 0xfe, 0xd7, 0x00, 0x03, 0x69, 0x24,
    0x64, 0x40, 0x00, 0x01, 0x00, 0x00, 0x00, 0x00, 0x01, 0x33, 0xb8, 0x80, 0x00, 0x00, 0x3a, 0x28,
    0x00, 0x00, 0x65, 0xc5, 0x00, 0x03, 0x6a, 0x14, 0x58, 0x40, 0x00, 0x01, 0x00, 0x00, 0x00, 0x00,
    0x01, 0x33, 0xf2, 0xc0, 0x00, 0x00, 0x24, 0x70, 0x00, 0x00, 0x3f, 0xbe, 0x00, 0x03, 0x6a, 0x3c,
    0x58, 0x40, 0x00, 0x01, 0x00, 0x00, 0x00, 0x00, 0x01, 0x34, 0x17, 0x40, 0x00, 0x00, 0x21, 0x18,
    0x00, 0x00, 0x39, 0xe3, 0x00, 0x03, 0x6a, 0x64, 0x58, 0x40, 0x00, 0x01, 0x00, 0x00, 0x00, 0x00,
    0x01, 0x35, 0x40, 0x00, 0x00, 0x00, 0x76, 0xf8, 0x00, 0x00, 0xd0, 0x2a, 0x00, 0x03, 0x70, 0x2c,
    0x77, 0x40, 0x00, 0x01, 0x00, 0x00, 0x00, 0x00, 0x01, 0x35, 0xb7, 0x00, 0x00, 0x00, 0xb8, 0x20,
    0x00, 0x01, 0x42, 0x2c, 0x00, 0x03, 0x70, 0x54, 0x77, 0x40, 0x00, 0x01, 0x00, 0x00, 0x00, 0x00,
    0x01, 0x36, 0x6f, 0x20, 0x00, 0x00, 0xfc, 0x10, 0x00, 0x01, 0xb9, 0x14, 0x00, 0x03, 0x70, 0x7c,
    0x77, 0x40, 0x00, 0x01, 0x00, 0x00, 0x00, 0x00, 0x01, 0x37, 0x6b, 0x40, 0x00, 0x00, 0x8d, 0xe0,
    0x00, 0x00, 0xf8, 0x3e, 0x00, 0x03, 0x70, 0xa4, 0x70, 0x40, 0x00, 0x01, 0x00, 0x00, 0x00, 0x00,
    0x01, 0x37, 0xf9, 0x20, 0x00, 0x00, 0x31, 0x80, 0x00, 0x00, 0x56, 0xa0, 0x00, 0x03, 0x70, 0xcc,
    0x7f, 0x40, 0x00, 0x01, 0x00, 0x00, 0x00, 0x00, 0x01, 0x38, 0x2a, 0xa0, 0x00, 0x00, 0x38, 0x28,
    0x00, 0x00, 0x62, 0x40, 0x00, 0x03, 0x70, 0xf4, 0x64, 0x20, 0x00, 0x01, 0x00, 0x00, 0x00, 0x00,
    0x01, 0x38, 0x62, 0xe0, 0x00, 0x00, 0x38, 0x28, 0x00, 0x00, 0x62, 0x40, 0x00, 0x03, 0x71, 0x1c,
    0x64, 0x60, 0x00, 0x01, 0x00, 0x00, 0x00, 0x00, 0x01, 0x38, 0x9b, 0x20, 0x00, 0x00, 0xc8, 0xb0,
    0x00, 0x01, 0x5f, 0x2e, 0x00, 0x03, 0x71, 0x44, 0x7f, 0x40, 0x00, 0x01, 0x00, 0x00, 0x00, 0x00,
    0x01, 0x39, 0x63, 0xe0, 0x00, 0x00, 0x54, 0x78, 0x00, 0x00, 0x93, 0xcf, 0x00, 0x03, 0x71, 0x6c,
    0x77, 0x40, 0x00, 0x01, 0x00, 0x00, 0x00, 0x00, 0x01, 0x34, 0x3d, 0x80, 0x00, 0x01, 0x02, 0x78,
    0x00, 0x01, 0xc4, 0x50, 0x00, 0x03, 0x70, 0x04, 0x60, 0x40, 0x00, 0x01, 0x00, 0x00, 0x00, 0x00,
    0x01, 0x39, 0xb8, 0x60, 0x00, 0x00, 0x02, 0xa8, 0x00, 0x00, 0x04, 0xa6, 0x00, 0x03, 0x71, 0x94,
    0x64, 0x40, 0x00, 0x01, 0x00, 0x00, 0x00, 0x00, 0x01, 0x39, 0xbb, 0x20, 0x00, 0x00, 0xb8, 0x20,
    0x00, 0x01, 0x42, 0x2e, 0x00, 0x03, 0x71, 0xbc, 0x7f, 0x40, 0x00, 0x01, 0x00, 0x00, 0x00, 0x00,
    0x01, 0x3a, 0x73, 0x40, 0x00, 0x00, 0x46, 0x50, 0x00, 0x00, 0x7b, 0x00, 0x00, 0x03, 0x71, 0xe4,
    0x7f, 0x40, 0x00, 0x01, 0x00, 0x00, 0x00, 0x00, 0x01, 0x3a, 0xb9, 0xa0, 0x00, 0x00, 0x24, 0x98,
    0x00, 0x00, 0x40, 0x0a, 0x00, 0x03, 0x77, 0x44, 0x64, 0x40, 0x00, 0x01, 0x00, 0x00, 0x00, 0x00,
    0x01, 0x3a, 0xe0, 0xe0, 0x00, 0x00, 0x15, 0x68, 0x00, 0x00, 0x25, 0x76, 0x00, 0x03, 0x77, 0x94,
    0x64, 0x40, 0x00, 0x01, 0x00, 0x00, 0x00, 0x00, 0x01, 0x3a, 0xf6, 0x60, 0x00, 0x00, 0x05, 0xf8,
    0x00, 0x00, 0x0a, 0x6b, 0x00, 0x03, 0x77, 0xbc, 0x64, 0x40, 0x00, 0x01, 0x00, 0x00, 0x00, 0x00,
    0x01, 0x3a, 0xde, 0x40, 0x00, 0x00, 0x02, 0xa0, 0x00, 0x00, 0x04, 0x8b, 0x00, 0x03, 0x77, 0x6c,
    0x26, 0x40, 0x00, 0x01, 0x00, 0x00, 0x00, 0x00, 0x01, 0x3a, 0xfc, 0x60, 0x00, 0x00, 0x10, 0x98,
    0x00, 0x00, 0x1d, 0x00, 0x00, 0x03, 0x77, 0xe4, 0x64, 0x40, 0x00, 0x01, 0x00, 0x00, 0x00, 0x00,
    0x01, 0x3b, 0xa9, 0x00, 0x00, 0x00, 0x18, 0xd0, 0x00, 0x00, 0x2b, 0x64, 0x00, 0x03, 0x7b, 0x2c,
    0x56, 0x40, 0x00, 0x01, 0x00, 0x00, 0x00, 0x00, 0x01, 0x3b, 0x0d, 0x00, 0x00, 0x00, 0x9b, 0xe8,
    0x00, 0x01, 0x10, 0xd6, 0x00, 0x03, 0x7b, 0x04, 0x45, 0x40, 0x00, 0x01, 0x00, 0x00, 0x00, 0x00,
    0x01, 0x3b, 0xc1, 0xe0, 0x00, 0x00, 0x02, 0xa8, 0x00, 0x00, 0x04, 0xa6, 0x00, 0x03, 0x7b, 0x54,
    0x64, 0x40, 0x00, 0x01, 0x00, 0x00, 0x00, 0x00, 0x01, 0x3b, 0xc4, 0xa0, 0x00, 0x01, 0x1b, 0xa0,
    0x00, 0x01, 0xf0, 0x54, 0x00, 0x03, 0x7b, 0x7c, 0x6d, 0x40, 0x00, 0x01, 0x00, 0x00, 0x00, 0x00,
    0x01, 0x3c, 0xe0, 0x40, 0x00, 0x00, 0xb8, 0x20, 0x00, 0x01, 0x42, 0x2e, 0x00, 0x03, 0x7b, 0xa4,
    0x7f, 0x40, 0x00, 0x01, 0x00, 0x00, 0x00, 0x00, 0x01, 0x3d, 0x98, 0x60, 0x00, 0x00, 0x05, 0x20,
    0x00, 0x00, 0x08, 0xec, 0x00, 0x03, 0x7b, 0xcc, 0x40, 0x40, 0x00, 0x01, 0x00, 0x00, 0x00, 0x00,
    0x01, 0x3d, 0x98, 0x60, 0x00, 0x00, 0x05, 0x20, 0x00, 0x00, 0x08, 0xec, 0x00, 0x03, 0x7b, 0xcc,
    0x40, 0x40, 0x00, 0x01, 0x00, 0x00, 0x00, 0x00, 0x01, 0x3d, 0x98, 0x60, 0x00, 0x00, 0x05, 0x20,
    0x00, 0x00, 0x08, 0xec, 0x00, 0x03, 0x7b, 0xcc, 0x40, 0x40, 0x00, 0x01, 0x00, 0x00, 0x00, 0x00,
    0x01, 0x3d, 0x98, 0x60, 0x00, 0x00, 0x05, 0x20, 0x00, 0x00, 0x08, 0xec, 0x00, 0x03, 0x7b, 0xcc,
    0x40, 0x40, 0x00, 0x01, 0x00, 0x00, 0x00, 0x00, 0x01, 0x3d, 0x98, 0x60, 0x00, 0x00, 0x05, 0x20,
    0x00, 0x00, 0x08, 0xec, 0x00, 0x03, 0x7b, 0xcc, 0x40, 0x40, 0x00, 0x01, 0x00, 0x00, 0x00, 0x00,
    0x01, 0x3d, 0x98, 0x60, 0x00, 0x00, 0x05, 0x20, 0x00, 0x00, 0x08, 0xec, 0x00, 0x03, 0x7b, 0xcc,
    0x40, 0x40, 0x00, 0x01, 0x00, 0x00, 0x00, 0x00, 0x01, 0x3d, 0x98, 0x60, 0x00, 0x00, 0x05, 0x20,
    0x00, 0x00, 0x08, 0xec, 0x00, 0x03, 0x7b, 0xcc, 0x40, 0x40, 0x00, 0x01, 0x00, 0x00, 0x00, 0x00,
    0x01, 0x3d, 0x98, 0x60, 0x00, 0x00, 0x05, 0x20, 0x00, 0x00, 0x08, 0xec, 0x00, 0x03, 0x7b, 0xcc,
    0x40, 0x40, 0x00, 0x01, 0x00, 0x00, 0x00, 0x00, 0x01, 0x3d, 0x98, 0x60, 0x00, 0x00, 0x05, 0x20,
    0x00, 0x00, 0x08, 0xec, 0x00, 0x03, 0x7b, 0xcc, 0x40, 0x40, 0x00, 0x01, 0x00, 0x00, 0x00, 0x00,
    0x01, 0x3d, 0x98, 0x60, 0x00, 0x00, 0x05, 0x20, 0x00, 0x00, 0x08, 0xec, 0x00, 0x03, 0x7b, 0xcc,
    0x40, 0x40, 0x00, 0x01, 0x00, 0x00, 0x00, 0x00, 0x01, 0x3d, 0x98, 0x60, 0x00, 0x00, 0x05, 0x20,
    0x00, 0x00, 0x08, 0xec, 0x00, 0x03, 0x7b, 0xcc, 0x40, 0x40, 0x00, 0x01, 0x00, 0x00, 0x00, 0x00,
    0x01, 0x3d, 0x98, 0x60, 0x00, 0x00, 0x05, 0x20, 0x00, 0x00, 0x08, 0xec, 0x00, 0x03, 0x7b, 0xcc,
    0x40, 0x40, 0x00, 0x01, 0x00, 0x00, 0x00, 0x00, 0x01, 0x3d, 0x98, 0x60, 0x00, 0x00, 0x05, 0x20,
    0x00, 0x00, 0x08, 0xec, 0x00, 0x03, 0x7b, 0xcc, 0x40, 0x40, 0x00, 0x01, 0x00, 0x00, 0x00, 0x00,
    0x01, 0x3d, 0x98, 0x60, 0x00, 0x00, 0x05, 0x20, 0x00, 0x00, 0x08, 0xec, 0x00, 0x03, 0x7b, 0xcc,
    0x40, 0x40, 0x00, 0x01, 0x00, 0x00, 0x00, 0x00, 0x01, 0x3d, 0x98, 0x60, 0x00, 0x00, 0x05, 0x20,
    0x00, 0x00, 0x08, 0xec, 0x00, 0x03, 0x7b, 0xcc, 0x40, 0x40, 0x00, 0x01, 0x00, 0x00, 0x00, 0x00,
    0x01, 0x3d, 0x9d, 0x80, 0x00, 0x00, 0x6d, 0x58, 0x00, 0x00, 0xbf, 0x53, 0x00, 0x03, 0x7f, 0xa4,
    0x7f, 0x40, 0x00, 0x01, 0x00, 0x00, 0x00, 0x00, 0x01, 0x3e, 0x0a, 0xe0, 0x00, 0x00, 0x1e, 0xf0,
    0x00, 0x00, 0x36, 0x22, 0x00, 0x03, 0x7f, 0xcc, 0x64, 0x40, 0x00, 0x01, 0x00, 0x00, 0x00, 0x00,
    0x01, 0x3e, 0x29, 0xe0, 0x00, 0x00, 0x17, 0xf8, 0x00, 0x00, 0x29, 0xf2, 0x00, 0x03, 0x7f, 0xf4,
    0x64, 0x40, 0x00, 0x01, 0x00, 0x00, 0x00, 0x00, 0x01, 0x3e, 0x41, 0xe0, 0x00, 0x00, 0x20, 0x28,
    0x00, 0x00, 0x38, 0x40, 0x00, 0x03, 0x80, 0x1c, 0x64, 0x40, 0x00, 0x01, 0x00, 0x00, 0x00, 0x00,
    0x01, 0x3e, 0x62, 0x20, 0x00, 0x00, 0x27, 0xa0, 0x00, 0x00, 0x45, 0x56, 0x00, 0x03, 0x80, 0x44,
    0x64, 0x40, 0x00, 0x01, 0x00, 0x00, 0x00, 0x00, 0x01, 0x3e, 0x89, 0xc0, 0x00, 0x00, 0x7e, 0x78,
    0x00, 0x00, 0xdd, 0x51, 0x00, 0x03, 0x83, 0xc4, 0x64, 0x40, 0x00, 0x01, 0x00, 0x00, 0x00, 0x00,
    0x01, 0x40, 0x20, 0xa0, 0x00, 0x00, 0xc3, 0x70, 0x00, 0x01, 0x56, 0x00, 0x00, 0x03, 0x84, 0x14,
    0x64, 0x40, 0x00, 0x01, 0x00, 0x00, 0x00, 0x00, 0x01, 0x40, 0xe4, 0x20, 0x00, 0x01, 0xe2, 0xa8,
    0x00, 0x03, 0x4c, 0x9b, 0x00, 0x03, 0x84, 0x3c, 0x64, 0x40, 0x00, 0x01, 0x00, 0x00, 0x00, 0x00,
    0x01, 0x42, 0xc6, 0xe0, 0x00, 0x00, 0x88, 0x08, 0x00, 0x00, 0xee, 0x02, 0x00, 0x03, 0x84, 0x64,
    0x64, 0x40, 0x00, 0x01, 0x00, 0x00, 0x00, 0x00, 0x01, 0x3f, 0x08, 0x40, 0x00, 0x01, 0x18, 0x50,
    0x00, 0x01, 0xea, 0x87, 0x00, 0x03, 0x83, 0xec, 0x64, 0x40, 0x00, 0x01, 0x00, 0x00, 0x00, 0x00,
    0x01, 0x43, 0x4f, 0x00, 0x00, 0x01, 0x10, 0x08, 0x00, 0x01, 0xdc, 0x03, 0x00, 0x03, 0x84, 0x8c,
    0x64, 0x40, 0x00, 0x01, 0x00, 0x00, 0x00, 0x00, 0x01, 0x44, 0x5f, 0x20, 0x00, 0x00, 0xad, 0x88,
    0x00, 0x01, 0x2f, 0xa9, 0x00, 0x03, 0x84, 0xb4, 0x64, 0x40, 0x00, 0x01, 0x00, 0x00, 0x00, 0x00,
    0x01, 0x45, 0x0c, 0xc0, 0x00, 0x00, 0x20, 0x38, 0x00, 0x00, 0x38, 0x60, 0x00, 0x03, 0x84, 0xdc,
    0x76, 0x40, 0x00, 0x01, 0x00, 0x00, 0x00, 0x00, 0x01, 0x45, 0x2d, 0x00, 0x00, 0x00, 0x6c, 0xe8,
    0x00, 0x00, 0xbe, 0x8b, 0x00, 0x03, 0x85, 0x04, 0x74, 0x40, 0x00, 0x01, 0x00, 0x00, 0x00, 0x00,
    0x01, 0x45, 0x9a, 0x00, 0x00, 0x00, 0x29, 0x28, 0x00, 0x00, 0x48, 0x00, 0x00, 0x03, 0x85, 0x2c,
    0x64, 0x40, 0x00, 0x01, 0x00, 0x00, 0x00, 0x00, 0x01, 0x47, 0x9b, 0x40, 0x00, 0x00, 0x2b, 0x68,
    0x00, 0x00, 0x4b, 0xeb, 0x00, 0x03, 0x8a, 0x14, 0x64, 0x40, 0x00, 0x01, 0x00, 0x00, 0x00, 0x00,
    0x01, 0x47, 0xc6, 0xc0, 0x00, 0x00, 0x2a, 0xe0, 0x00, 0x00, 0x4b, 0x07, 0x00, 0x03, 0x8a, 0x3c,
    0x64, 0x40, 0x00, 0x01, 0x00, 0x00, 0x00, 0x00, 0x01, 0x45, 0xc3, 0x40, 0x00, 0x01, 0x43, 0xd8,
    0x00, 0x02, 0x36, 0xb7, 0x00, 0x03, 0x89, 0xc4, 0x64, 0x40, 0x00, 0x01, 0x00, 0x00, 0x00, 0x00,
    0x00, 0x00, 0x00, 0x00, 0x00, 0x00, 0x00, 0x00, 0x00, 0x00, 0x00, 0x00, 0x00, 0x00, 0x00, 0x00,
    0x00, 0x40, 0x00, 0x00, 0x00, 0x00, 0x00, 0x00, 0x01, 0x47, 0xf1, 0xa0, 0x00, 0x00, 0x05, 0x20,
    0x00, 0x00, 0x08, 0xec, 0x00, 0x03, 0x8a, 0x64, 0x01, 0x40, 0x00, 0x01, 0x00, 0x00, 0x00, 0x00,
    0x01, 0x47, 0xf1, 0xa0, 0x00, 0x00, 0x05, 0x20, 0x00, 0x00, 0x08, 0xec, 0x00, 0x03, 0x8a, 0x64,
    0x01, 0x40, 0x00, 0x01, 0x00, 0x00, 0x00, 0x00, 0x01, 0x48, 0x42, 0xc0, 0x00, 0x00, 0xa9, 0x30,
    0x00, 0x01, 0x28, 0x0e, 0x00, 0x03, 0x8f, 0x0c, 0x64, 0x40, 0x00, 0x01, 0x00, 0x00, 0x00, 0x00,
    0x01, 0x48, 0xec, 0x00, 0x00, 0x00, 0x53, 0x28, 0x00, 0x00, 0x91, 0x7d, 0x00, 0x03, 0x8f, 0x34,
    0x64, 0x40, 0x00, 0x01, 0x00, 0x00, 0x00, 0x00, 0x01, 0x49, 0x3f, 0x40, 0x00, 0x00, 0x25, 0x48,
    0x00, 0x00, 0x41, 0x38, 0x00, 0x03, 0x8f, 0x5c, 0x64, 0x40, 0x00, 0x01, 0x00, 0x00, 0x00, 0x00,
    0x00, 0x00, 0x00, 0x00, 0x00, 0x00, 0x00, 0x00, 0x00, 0x00, 0x00, 0x00, 0x00, 0x00, 0x00, 0x00,
    0x00, 0x40, 0x00, 0x00, 0x00, 0x00, 0x00, 0x00, 0x01, 0x4b, 0x55, 0x80, 0x00, 0x00, 0x20, 0x28,
    0x00, 0x00, 0x38, 0x3d, 0x00, 0x03, 0x8f, 0xd4, 0x64, 0x40, 0x00, 0x01, 0x00, 0x00, 0x00, 0x00,
    0x00, 0x00, 0x00, 0x00, 0x00, 0x00, 0x00, 0x00, 0x00, 0x00, 0x00, 0x00, 0x00, 0x00, 0x00, 0x00,
    0x00, 0x40, 0x00, 0x00, 0x00, 0x00, 0x00, 0x00, 0x01, 0x4b, 0x75, 0xc0, 0x00, 0x00, 0x4d, 0x58,
    0x00, 0x00, 0x87, 0x55, 0x00, 0x03, 0x8f, 0xfc, 0x50, 0x40, 0x00, 0x01, 0x00, 0x00, 0x00, 0x00,
    0x01, 0x4b, 0xc3, 0x20, 0x00, 0x00, 0x2c, 0xe8, 0x00, 0x00, 0x4e, 0x8d, 0x00, 0x03, 0x90, 0x24,
    0x64, 0x40, 0x00, 0x01, 0x00, 0x00, 0x00, 0x00, 0x01, 0x4b, 0xf0, 0x20, 0x00, 0x01, 0x3c, 0x00,
    0x00, 0x02, 0x29, 0x00, 0x00, 0x03, 0x90, 0x4c, 0x64, 0x40, 0x00, 0x01, 0x00, 0x00, 0x00, 0x00,
    0x01, 0x4d, 0xca, 0x60, 0x00, 0x00, 0x05, 0x20, 0x00, 0x00, 0x08, 0xec, 0x00, 0x03, 0x90, 0xc4,
    0x64, 0x40, 0x00, 0x01, 0x00, 0x00, 0x00, 0x00, 0x01, 0x4d, 0x2c, 0x20, 0x00, 0x00, 0x4b, 0xb0,
    0x00, 0x00, 0x84, 0x6e, 0x00, 0x03, 0x90, 0x74, 0x64, 0x40, 0x00, 0x01, 0x00, 0x00, 0x00, 0x00,
    0x01, 0x4d, 0x77, 0xe0, 0x00, 0x00, 0x52, 0x70, 0x00, 0x00, 0x90, 0x38, 0x00, 0x03, 0x90, 0x9c,
    0x64, 0x40, 0x00, 0x01, 0x00, 0x00, 0x00, 0x00, 0x01, 0x4f, 0x8c, 0xe0, 0x00, 0x00, 0x29, 0x08,
    0x00, 0x00, 0x47, 0xc8, 0x00, 0x03, 0x96, 0xec, 0x7f, 0x40, 0x00, 0x01, 0x00, 0x00, 0x00, 0x00,
    0x01, 0x4f, 0xb6, 0x00, 0x00, 0x00, 0x16, 0xf8, 0x00, 0x00, 0x28, 0x2f, 0x00, 0x03, 0x97, 0x14,
    0x64, 0x40, 0x00, 0x01, 0x00, 0x00, 0x00, 0x00, 0x01, 0x4f, 0xcd, 0x00, 0x00, 0x00, 0x5c, 0x60,
    0x00, 0x00, 0xa1, 0xa7, 0x00, 0x03, 0x97, 0x3c, 0x55, 0x40, 0x00, 0x01, 0x00, 0x00, 0x00, 0x00,
    0x01, 0x50, 0x29, 0x60, 0x00, 0x00, 0x33, 0xe8, 0x00, 0x00, 0x5a, 0xd1, 0x00, 0x03, 0x97, 0x64,
    0x4f, 0x40, 0x00, 0x01, 0x00, 0x00, 0x00, 0x00, 0x01, 0x50, 0x5d, 0x60, 0x00, 0x00, 0x05, 0x20,
    0x00, 0x00, 0x08, 0xec, 0x00, 0x03, 0x97, 0x8c, 0x64, 0x40, 0x00, 0x01, 0x00, 0x00, 0x00, 0x00,
    0x01, 0x4d, 0xcf, 0x80, 0x00, 0x01, 0xbd, 0x58, 0x00, 0x03, 0x0b, 0x52, 0x00, 0x03, 0x96, 0xc4,
    0x58, 0x40, 0x00, 0x01, 0x00, 0x00, 0x00, 0x00, 0x01, 0x50, 0x62, 0x80, 0x00, 0x00, 0xcf, 0x58,
    0x00, 0x01, 0x6a, 0xd0, 0x00, 0x03, 0x9b, 0x44, 0x5e, 0x40, 0x00, 0x01, 0x00, 0x00, 0x00, 0x00,
    0x01, 0x54, 0x9b, 0x20, 0x00, 0x00, 0x20, 0x50, 0x00, 0x00, 0x38, 0x83, 0x00, 0x03, 0x9b, 0xe4,
    0x64, 0x40, 0x00, 0x01, 0x00, 0x00, 0x00, 0x00, 0x01, 0x54, 0xbb, 0x80, 0x00, 0x00, 0x68, 0x50,
    0x00, 0x00, 0xb6, 0x7f, 0x00, 0x03, 0x9c, 0x0c, 0x64, 0x40, 0x00, 0x01, 0x00, 0x00, 0x00, 0x00,
    0x01, 0x51, 0x31, 0xe0, 0x00, 0x01, 0x60, 0xf8, 0x00, 0x02, 0x69, 0xb0, 0x00, 0x03, 0x9b, 0x6c,
    0x48, 0x40, 0x00, 0x01, 0x00, 0x00, 0x00, 0x00, 0x01, 0x55, 0x23, 0xe0, 0x00, 0x00, 0xb0, 0x68,
    0x00, 0x01, 0x34, 0xb4, 0x00, 0x03, 0x9c, 0x34, 0x64, 0x40, 0x00, 0x01, 0x00, 0x00, 0x00, 0x00,
    0x01, 0x52, 0x92, 0xe0, 0x00, 0x00, 0xbb, 0xb8, 0x00, 0x01, 0x48, 0x80, 0x00, 0x03, 0x9b, 0x94,
    0x50, 0x40, 0x00, 0x01, 0x00, 0x00, 0x00, 0x00, 0x01, 0x53, 0x4e, 0xa0, 0x00, 0x01, 0x4c, 0x70,
    0x00, 0x02, 0x45, 0xc0, 0x00, 0x03, 0x9b, 0xbc, 0x4e, 0x40, 0x00, 0x01, 0x00, 0x00, 0x00, 0x00,
    0x01, 0x55, 0xd4, 0x60, 0x00, 0x00, 0x05, 0x20, 0x00, 0x00, 0x08, 0xec, 0x00, 0x03, 0x9c, 0x5c,
    0x10, 0x40, 0x00, 0x01, 0x00, 0x00, 0x00, 0x00, 0x01, 0x55, 0xd4, 0x60, 0x00, 0x00, 0x05, 0x20,
    0x00, 0x00, 0x08, 0xec, 0x00, 0x03, 0x9c, 0x5c, 0x10, 0x40, 0x00, 0x01, 0x00, 0x00, 0x00, 0x00,
    0x01, 0x55, 0xd4, 0x60, 0x00, 0x00, 0x05, 0x20, 0x00, 0x00, 0x08, 0xec, 0x00, 0x03, 0x9c, 0x5c,
    0x10, 0x40, 0x00, 0x01, 0x00, 0x00, 0x00, 0x00, 0x01, 0x5a, 0x14, 0xc0, 0x00, 0x00, 0x72, 0xb0,
    0x00, 0x00, 0xc8, 0xab, 0x00, 0x03, 0xa1, 0xac, 0x64, 0x40, 0x00, 0x01, 0x00, 0x00, 0x00, 0x00,
    0x01, 0x5a, 0x87, 0x80, 0x00, 0x00, 0x86, 0xe0, 0x00, 0x00, 0xec, 0x00, 0x00, 0x03, 0xa1, 0xd4,
    0x64, 0x40, 0x00, 0x01, 0x00, 0x00, 0x00, 0x00, 0x01, 0x55, 0xd9, 0x80, 0x00, 0x01, 0x9d, 0xc0,
    0x00, 0x02, 0xd4, 0x0d, 0x00, 0x03, 0xa0, 0xe4, 0x47, 0x35, 0x00, 0x01, 0x00, 0x00, 0x00, 0x00,
    0x01, 0x55, 0xd9, 0x80, 0x00, 0x01, 0x9d, 0xc0, 0x00, 0x02, 0xd4, 0x0d, 0x00, 0x03, 0xa0, 0xe4,
    0x47, 0x4b, 0x00, 0x01, 0x00, 0x00, 0x00, 0x00, 0x01, 0x55, 0xd9, 0x80, 0x00, 0x01, 0x9d, 0xc0,
    0x00, 0x02, 0xd4, 0x0d, 0x00, 0x03, 0xa0, 0xe4, 0x47, 0x35, 0x00, 0x01, 0x00, 0x00, 0x00, 0x00,
    0x01, 0x55, 0xd9, 0x80, 0x00, 0x01, 0x9d, 0xc0, 0x00, 0x02, 0xd4, 0x0d, 0x00, 0x03, 0xa0, 0xe4,
    0x47, 0x4b, 0x00, 0x01, 0x00, 0x00, 0x00, 0x00, 0x00, 0x00, 0x00, 0x00, 0x00, 0x00, 0x00, 0x00,
    0x00, 0x00, 0x00, 0x00, 0x00, 0x00, 0x00, 0x00, 0x00, 0x40, 0x00, 0x00, 0x00, 0x00, 0x00, 0x00,
    0x00, 0x00, 0x00, 0x00, 0x00, 0x00, 0x00, 0x00, 0x00, 0x00, 0x00, 0x00, 0x00, 0x00, 0x00, 0x00,
    0x00, 0x40, 0x00, 0x00, 0x00, 0x00, 0x00, 0x00, 0x00, 0x00, 0x00, 0x00, 0x00, 0x00, 0x00, 0x00,
    0x00, 0x00, 0x00, 0x00, 0x00, 0x00, 0x00, 0x00, 0x00, 0x40, 0x00, 0x00, 0x00, 0x00, 0x00, 0x00,
    0x00, 0x00, 0x00, 0x00, 0x00, 0x00, 0x00, 0x00, 0x00, 0x00, 0x00, 0x00, 0x00, 0x00, 0x00, 0x00,
    0x00, 0x40, 0x00, 0x00, 0x00, 0x00, 0x00, 0x00, 0x01, 0x58, 0x2e, 0x80, 0x00, 0x00, 0xa9, 0x98,
    0x00, 0x01, 0x28, 0xc8, 0x00, 0x03, 0xa1, 0x34, 0x44, 0x35, 0x00, 0x01, 0x00, 0x00, 0x00, 0x00,
    0x01, 0x58, 0x2e, 0x80, 0x00, 0x00, 0xa9, 0x98, 0x00, 0x01, 0x28, 0xc8, 0x00, 0x03, 0xa1, 0x34,
    0x44, 0x4b, 0x00, 0x01, 0x00, 0x00, 0x00, 0x00, 0x01, 0x58, 0x2e, 0x80, 0x00, 0x00, 0xa9, 0x98,
    0x00, 0x01, 0x28, 0xc8, 0x00, 0x03, 0xa1, 0x34, 0x44, 0x35, 0x00, 0x01, 0x00, 0x00, 0x00, 0x00,
    0x01, 0x58, 0x2e, 0x80, 0x00, 0x00, 0xa9, 0x98, 0x00, 0x01, 0x28, 0xc8, 0x00, 0x03, 0xa1, 0x34,
    0x44, 0x4b, 0x00, 0x01, 0x00, 0x00, 0x00, 0x00, 0x01, 0x5b, 0x0e, 0x60, 0x00, 0x00, 0x39, 0x20,
    0x00, 0x00, 0x63, 0xf5, 0x00, 0x03, 0xa1, 0xfc, 0x64, 0x40, 0x00, 0x01, 0x00, 0x00, 0x00, 0x00,
    0x01, 0x58, 0xd8, 0x20, 0x00, 0x01, 0x19, 0xf8, 0x00, 0x01, 0xed, 0x6d, 0x00, 0x03, 0xa1, 0x5c,
    0x64, 0x40, 0x00, 0x01, 0x00, 0x00, 0x00, 0x00, 0x01, 0x58, 0xd8, 0x20, 0x00, 0x01, 0x19, 0xf8,
    0x00, 0x01, 0xed, 0x6d, 0x00, 0x03, 0xa1, 0x5c, 0x64, 0x40, 0x00, 0x01, 0x00, 0x00, 0x00, 0x00,
    0x01, 0x59, 0xf2, 0x20, 0x00, 0x00, 0x22, 0x98, 0x00, 0x00, 0x3c, 0x80, 0x00, 0x03, 0xa1, 0x84,
    0x42, 0x40, 0x00, 0x01, 0x00, 0x00, 0x00, 0x00, 0x01, 0x59, 0xf2, 0x20, 0x00, 0x00, 0x22, 0x98,
    0x00, 0x00, 0x3c, 0x80, 0x00, 0x03, 0xa1, 0x84, 0x42, 0x40, 0x00, 0x01, 0x00, 0x00, 0x00, 0x00,
    0x01, 0x59, 0xf2, 0x20, 0x00, 0x00, 0x22, 0x98, 0x00, 0x00, 0x3c, 0x80, 0x00, 0x03, 0xa1, 0x84,
    0x42, 0x40, 0x00, 0x01, 0x00, 0x00, 0x00, 0x00, 0x01, 0x59, 0xf2, 0x20, 0x00, 0x00, 0x22, 0x98,
    0x00, 0x00, 0x3c, 0x80, 0x00, 0x03, 0xa1, 0x84, 0x42, 0x40, 0x00, 0x01, 0x00, 0x00, 0x00, 0x00,
    0x01, 0x5b, 0x5e, 0x80, 0x00, 0x00, 0x4e, 0xe0, 0x00, 0x00, 0x8a, 0x00, 0x00, 0x03, 0xac, 0x6c,
    0x50, 0x40, 0x00, 0x01, 0x00, 0x00, 0x00, 0x00, 0x01, 0x5b, 0xad, 0x60, 0x00, 0x00, 0x8e, 0x40,
    0x00, 0x00, 0xf8, 0xe4, 0x00, 0x03, 0xac, 0x94, 0x64, 0x40, 0x00, 0x01, 0x00, 0x00, 0x00, 0x00,
    0x01, 0x5c, 0x3b, 0xa0, 0x00, 0x00, 0x44, 0x78, 0x00, 0x00, 0x77, 0xce, 0x00, 0x03, 0xac, 0xbc,
    0x64, 0x40, 0x00, 0x01, 0x00, 0x00, 0x00, 0x00, 0x01, 0x5c, 0x80, 0x20, 0x00, 0x00, 0x31, 0x28,
    0x00, 0x00, 0x56, 0x00, 0x00, 0x03, 0xac, 0xe4, 0x4f, 0x40, 0x00, 0x01, 0x00, 0x00, 0x00, 0x00,
    0x01, 0x5c, 0xb1, 0x60, 0x00, 0x00, 0x1d, 0xd0, 0x00, 0x00, 0x34, 0x2a, 0x00, 0x03, 0xad, 0x0c,
    0x64, 0x40, 0x00, 0x01, 0x00, 0x00, 0x00, 0x00, 0x01, 0x5c, 0xcf, 0x40, 0x00, 0x00, 0x55, 0x58,
    0x00, 0x00, 0x95, 0x55, 0x00, 0x03, 0xad, 0x34, 0x64, 0x40, 0x00, 0x01, 0x00, 0x00, 0x00, 0x00,
    0x01, 0x5d, 0x24, 0xa0, 0x00, 0x00, 0x25, 0xe8, 0x00, 0x00, 0x42, 0x55, 0x00, 0x03, 0xad, 0x5c,
    0x64, 0x40, 0x00, 0x01, 0x00, 0x00, 0x00, 0x00, 0x00, 0x00, 0x00, 0x00, 0x00, 0x00, 0x00, 0x00,
    0x00, 0x00, 0x00, 0x00, 0x00, 0x00, 0x00, 0x00, 0x00, 0x40, 0x00, 0x00, 0x00, 0x00, 0x00, 0x00,
    0x01, 0x5e, 0x2d, 0xa0, 0x00, 0x00, 0x25, 0xe8, 0x00, 0x00, 0x42, 0x55, 0x00, 0x03, 0xad, 0xd4,
    0x64, 0x40, 0x00, 0x01, 0x00, 0x00, 0x00, 0x00, 0x01, 0x5e, 0x53, 0xa0, 0x00, 0x00, 0xa3, 0xd0,
    0x00, 0x01, 0x1e, 0xaa, 0x00, 0x03, 0xad, 0xfc, 0x64, 0x40, 0x00, 0x01, 0x00, 0x00, 0x00, 0x00,
    0x01, 0x5e, 0xf7, 0x80, 0x00, 0x00, 0xa3, 0xd0, 0x00, 0x01, 0x1e, 0xaa, 0x00, 0x03, 0xae, 0x24,
    0x64, 0x40, 0x00, 0x01, 0x00, 0x00, 0x00, 0x00, 0x01, 0x5f, 0x9b, 0x60, 0x00, 0x00, 0xa3, 0xd0,
    0x00, 0x01, 0x1e, 0xaa, 0x00, 0x03, 0xae, 0x4c, 0x64, 0x40, 0x00, 0x01, 0x00, 0x00, 0x00, 0x00,
    0x01, 0x60, 0x3f, 0x40, 0x00, 0x00, 0x33, 0x10, 0x00, 0x00, 0x59, 0x55, 0x00, 0x03, 0xae, 0x74,
    0x64, 0x40, 0x00, 0x01, 0x00, 0x00, 0x00, 0x00, 0x01, 0x60, 0x72, 0x60, 0x00, 0x00, 0x70, 0x98,
    0x00, 0x00, 0xc4, 0xff, 0x00, 0x03, 0xae, 0x9c, 0x64, 0x40, 0x00, 0x01, 0x00, 0x00, 0x00, 0x00,
    0x01, 0x5b, 0x47, 0x80, 0x00, 0x00, 0x16, 0xf8, 0x00, 0x00, 0x28, 0x2f, 0x00, 0x03, 0xac, 0x44,
    0x58, 0x40, 0x00, 0x01, 0x00, 0x00, 0x00, 0x00, 0x01, 0x60, 0xe3, 0x00, 0x00, 0x00, 0x05, 0x20,
    0x00, 0x00, 0x08, 0xec, 0x00, 0x03, 0xae, 0xc4, 0x01, 0x40, 0x00, 0x01, 0x00, 0x00, 0x00, 0x00,
    0x01, 0x60, 0xe3, 0x00, 0x00, 0x00, 0x05, 0x20, 0x00, 0x00, 0x08, 0xec, 0x00, 0x03, 0xae, 0xc4,
    0x01, 0x40, 0x00, 0x01, 0x00, 0x00, 0x00, 0x00, 0x01, 0x60, 0xe3, 0x00, 0x00, 0x00, 0x05, 0x20,
    0x00, 0x00, 0x08, 0xec, 0x00, 0x03, 0xae, 0xc4, 0x01, 0x40, 0x00, 0x01, 0x00, 0x00, 0x00, 0x00,
    0x01, 0x60, 0xe3, 0x00, 0x00, 0x00, 0x05, 0x20, 0x00, 0x00, 0x08, 0xec, 0x00, 0x03, 0xae, 0xc4,
    0x01, 0x40, 0x00, 0x01, 0x00, 0x00, 0x00, 0x00, 0x01, 0x60, 0xe3, 0x00, 0x00, 0x00, 0x05, 0x20,
    0x00, 0x00, 0x08, 0xec, 0x00, 0x03, 0xae, 0xc4, 0x01, 0x40, 0x00, 0x01, 0x00, 0x00, 0x00, 0x00,
    0x01, 0x60, 0xe3, 0x00, 0x00, 0x00, 0x05, 0x20, 0x00, 0x00, 0x08, 0xec, 0x00, 0x03, 0xae, 0xc4,
    0x01, 0x40, 0x00, 0x01, 0x00, 0x00, 0x00, 0x00, 0x01, 0x60, 0xe3, 0x00, 0x00, 0x00, 0x05, 0x20,
    0x00, 0x00, 0x08, 0xec, 0x00, 0x03, 0xae, 0xc4, 0x01, 0x40, 0x00, 0x01, 0x00, 0x00, 0x00, 0x00,
    0x01, 0x61, 0x15, 0xc0, 0x00, 0x00, 0x27, 0x50, 0x00, 0x00, 0x44, 0xc0, 0x00, 0x03, 0xb6, 0xcc,
    0x68, 0x40, 0x00, 0x01, 0x00, 0x00, 0x00, 0x00, 0x01, 0x61, 0x3d, 0x20, 0x00, 0x00, 0x90, 0xc8,
    0x00, 0x00, 0xfd, 0x5d, 0x00, 0x03, 0xb6, 0xf4, 0x64, 0x40, 0x00, 0x01, 0x00, 0x00, 0x00, 0x00,
    0x01, 0x61, 0xce, 0x00, 0x00, 0x00, 0x90, 0xc8, 0x00, 0x00, 0xfd, 0x5d, 0x00, 0x03, 0xb7, 0x1c,
    0x64, 0x40, 0x00, 0x01, 0x00, 0x00, 0x00, 0x00, 0x01, 0x62, 0x5e, 0xe0, 0x00, 0x00, 0xd0, 0x48,
    0x00, 0x01, 0x6c, 0x78, 0x00, 0x03, 0xb7, 0x44, 0x74, 0x40, 0x00, 0x01, 0x00, 0x00, 0x00, 0x00,
    0x01, 0x63, 0x2f, 0x40, 0x00, 0x00, 0x68, 0x18, 0x00, 0x00, 0xb6, 0x22, 0x00, 0x03, 0xb7, 0x6c,
    0x7b, 0x40, 0x00, 0x01, 0x00, 0x00, 0x00, 0x00, 0x01, 0x60, 0xe8, 0x20, 0x00, 0x00, 0x2d, 0x98,
    0x00, 0x00, 0x4f, 0xc0, 0x00, 0x03, 0xb6, 0xa4, 0x70, 0x40, 0x00, 0x01, 0x00, 0x00, 0x00, 0x00,
    0x01, 0x63, 0x97, 0x60, 0x00, 0x00, 0x74, 0x00, 0x00, 0x00, 0xcb, 0x00, 0x00, 0x03, 0xb7, 0x94,
    0x74, 0x40, 0x00, 0x01, 0x00, 0x00, 0x00, 0x00, 0x01, 0x64, 0x0b, 0x60, 0x00, 0x00, 0x52, 0x28,
    0x00, 0x00, 0x8f, 0xbf, 0x00, 0x03, 0xb7, 0xbc, 0x6e, 0x40, 0x00, 0x01, 0x00, 0x00, 0x00, 0x00,
    0x01, 0x64, 0x5d, 0xa0, 0x00, 0x00, 0x52, 0x48, 0x00, 0x00, 0x8f, 0xf5, 0x00, 0x03, 0xb7, 0xe4,
    0x7f, 0x40, 0x00, 0x01, 0x00, 0x00, 0x00, 0x00, 0x01, 0x64, 0xb0, 0x00, 0x00, 0x00, 0x38, 0x28,
    0x00, 0x00, 0x62, 0x40, 0x00, 0x03, 0xb8, 0x0c, 0x6a, 0x40, 0x00, 0x01, 0x00, 0x00, 0x00, 0x00,
    0x01, 0x64, 0xe8, 0x40, 0x00, 0x00, 0x21, 0x48, 0x00, 0x00, 0x3a, 0x3c, 0x00, 0x03, 0xb8, 0x34,
    0x7c, 0x40, 0x00, 0x01, 0x00, 0x00, 0x00, 0x00, 0x01, 0x64, 0xb0, 0x00, 0x00, 0x00, 0x38, 0x28,
    0x00, 0x00, 0x62, 0x40, 0x00, 0x03, 0xb8, 0x0c, 0x6a, 0x40, 0x00, 0x01, 0x00, 0x00, 0x00, 0x00,
    0x01, 0x64, 0xe8, 0x40, 0x00, 0x00, 0x21, 0x48, 0x00, 0x00, 0x3a, 0x3c, 0x00, 0x03, 0xb8, 0x34,
    0x7c, 0x40, 0x00, 0x01, 0x00, 0x00, 0x00, 0x00, 0x01, 0x61, 0x15, 0xc0, 0x00, 0x00, 0x27, 0x50,
    0x00, 0x00, 0x44, 0xc0, 0x00, 0x03, 0xb6, 0xcc, 0x68, 0x40, 0x00, 0x01, 0x00, 0x00, 0x00, 0x00,
    0x01, 0x65, 0x09, 0xa0, 0x00, 0x00, 0x0f, 0x58, 0x00, 0x00, 0x1a, 0xcd, 0x00, 0x03, 0xb8, 0x5c,
    0x70, 0x40, 0x00, 0x01, 0x00, 0x00, 0x00, 0x00, 0x01, 0x65, 0x09, 0xa0, 0x00, 0x00, 0x0f, 0x58,
    0x00, 0x00, 0x1a, 0xcd, 0x00, 0x03, 0xb8, 0x5c, 0x70, 0x40, 0x00, 0x01, 0x00, 0x00, 0x00, 0x00,
    0x01, 0x65, 0x19, 0x00, 0x00, 0x00, 0x05, 0x20, 0x00, 0x00, 0x08, 0xec, 0x00, 0x03, 0xb8, 0x84,
    0x01, 0x40, 0x00, 0x01, 0x00, 0x00, 0x00, 0x00, 0x01, 0x65, 0x19, 0x00, 0x00, 0x00, 0x05, 0x20,
    0x00, 0x00, 0x08, 0xec, 0x00, 0x03, 0xb8, 0x84, 0x01, 0x40, 0x00, 0x01, 0x00, 0x00, 0x00, 0x00,
    0x01, 0x65, 0x19, 0x00, 0x00, 0x00, 0x05, 0x20, 0x00, 0x00, 0x08, 0xec, 0x00, 0x03, 0xb8, 0x84,
    0x01, 0x40, 0x00, 0x01, 0x00, 0x00, 0x00, 0x00, 0x01, 0x65, 0x19, 0x00, 0x00, 0x00, 0x05, 0x20,
    0x00, 0x00, 0x08, 0xec, 0x00, 0x03, 0xb8, 0x84, 0x01, 0x40, 0x00, 0x01, 0x00, 0x00, 0x00, 0x00,
    0x01, 0x65, 0x19, 0x00, 0x00, 0x00, 0x05, 0x20, 0x00, 0x00, 0x08, 0xec, 0x00, 0x03, 0xb8, 0x84,
    0x01, 0x40, 0x00, 0x01, 0x00, 0x00, 0x00, 0x00, 0x01, 0x65, 0xcf, 0xe0, 0x00, 0x00, 0x90, 0x88,
    0x00, 0x00, 0xfc, 0xe6, 0x00, 0x03, 0xbf, 0xcc, 0x64, 0x40, 0x00, 0x01, 0x00, 0x00, 0x00, 0x00,
    0x01, 0x66, 0x60, 0x80, 0x00, 0x00, 0x74, 0x00, 0x00, 0x00, 0xcb, 0x00, 0x00, 0x03, 0xbf, 0xf4,
    0x64, 0x40, 0x00, 0x01, 0x00, 0x00, 0x00, 0x00, 0x01, 0x66, 0xd4, 0x80, 0x00, 0x00, 0x99, 0xe8,
    0x00, 0x01, 0x0d, 0x55, 0x00, 0x03, 0xc0, 0x1c, 0x64, 0x40, 0x00, 0x01, 0x00, 0x00, 0x00, 0x00,
    0x01, 0x69, 0x19, 0xc0, 0x00, 0x00, 0x05, 0x20, 0x00, 0x00, 0x08, 0xec, 0x00, 0x03, 0xc0, 0xe4,
    0x40, 0x40, 0x00, 0x01, 0x00, 0x00, 0x00, 0x00, 0x01, 0x67, 0x6e, 0x80, 0x00, 0x00, 0x3d, 0x18,
    0x00, 0x00, 0x6a, 0xdf, 0x00, 0x03, 0xc0, 0x44, 0x64, 0x40, 0x00, 0x01, 0x00, 0x00, 0x00, 0x00,
    0x01, 0x67, 0xab, 0xa0, 0x00, 0x00, 0x42, 0xd0, 0x00, 0x00, 0x74, 0xdf, 0x00, 0x03, 0xc0, 0x6c,
    0x64, 0x40, 0x00, 0x01, 0x00, 0x00, 0x00, 0x00, 0x01, 0x67, 0xee, 0x80, 0x00, 0x00, 0x99, 0x88,
    0x00, 0x01, 0x0c, 0xa6, 0x00, 0x03, 0xc0, 0x94, 0x64, 0x40, 0x00, 0x01, 0x00, 0x00, 0x00, 0x00,
    0x01, 0x68, 0x88, 0x20, 0x00, 0x00, 0x91, 0x88, 0x00, 0x00, 0xfe, 0xa6, 0x00, 0x03, 0xc0, 0xbc,
    0x64, 0x40, 0x00, 0x01, 0x00, 0x00, 0x00, 0x00, 0x01, 0x69, 0x19, 0xc0, 0x00, 0x00, 0x05, 0x20,
    0x00, 0x00, 0x08, 0xec, 0x00, 0x03, 0xc0, 0xe4, 0x40, 0x40, 0x00, 0x01, 0x00, 0x00, 0x00, 0x00,
    0x01, 0x69, 0x19, 0xc0, 0x00, 0x00, 0x05, 0x20, 0x00, 0x00, 0x08, 0xec, 0x00, 0x03, 0xc0, 0xe4,
    0x40, 0x40, 0x00, 0x01, 0x00, 0x00, 0x00, 0x00, 0x01, 0x69, 0x19, 0xc0, 0x00, 0x00, 0x05, 0x20,
    0x00, 0x00, 0x08, 0xec, 0x00, 0x03, 0xc0, 0xe4, 0x40, 0x40, 0x00, 0x01, 0x00, 0x00, 0x00, 0x00,
    0x01, 0x69, 0x19, 0xc0, 0x00, 0x00, 0x05, 0x20, 0x00, 0x00, 0x08, 0xec, 0x00, 0x03, 0xc0, 0xe4,
    0x40, 0x40, 0x00, 0x01, 0x00, 0x00, 0x00, 0x00, 0x01, 0x69, 0x19, 0xc0, 0x00, 0x00, 0x05, 0x20,
    0x00, 0x00, 0x08, 0xec, 0x00, 0x03, 0xc0, 0xe4, 0x40, 0x40, 0x00, 0x01, 0x00, 0x00, 0x00, 0x00,
    0x01, 0x69, 0x19, 0xc0, 0x00, 0x00, 0x05, 0x20, 0x00, 0x00, 0x08, 0xec, 0x00, 0x03, 0xc0, 0xe4,
    0x40, 0x40, 0x00, 0x01, 0x00, 0x00, 0x00, 0x00, 0x01, 0x65, 0x1e, 0x20, 0x00, 0x00, 0xb1, 0xb8,
    0x00, 0x01, 0x37, 0x00, 0x00, 0x03, 0xbf, 0xa4, 0x3f, 0x40, 0x00, 0x01, 0x00, 0x00, 0x00, 0x00,
    0x01, 0x69, 0x19, 0xc0, 0x00, 0x00, 0x05, 0x20, 0x00, 0x00, 0x08, 0xec, 0x00, 0x03, 0xc0, 0xe4,
    0x01, 0x40, 0x00, 0x01, 0x00, 0x00, 0x00, 0x00, 0x01, 0x69, 0x19, 0xc0, 0x00, 0x00, 0x05, 0x20,
    0x00, 0x00, 0x08, 0xec, 0x00, 0x03, 0xc0, 0xe4, 0x01, 0x40, 0x00, 0x01, 0x00, 0x00, 0x00, 0x00,
    0x01, 0x69, 0x19, 0xc0, 0x00, 0x00, 0x05, 0x20, 0x00, 0x00, 0x08, 0xec, 0x00, 0x03, 0xc0, 0xe4,
    0x01, 0x40, 0x00, 0x01, 0x00, 0x00, 0x00, 0x00, 0x01, 0x69, 0x19, 0xc0, 0x00, 0x00, 0x05, 0x20,
    0x00, 0x00, 0x08, 0xec, 0x00, 0x03, 0xc0, 0xe4, 0x01, 0x40, 0x00, 0x01, 0x00, 0x00, 0x00, 0x00,
    0x01, 0x69, 0x19, 0xc0, 0x00, 0x00, 0x05, 0x20, 0x00, 0x00, 0x08, 0xec, 0x00, 0x03, 0xc0, 0xe4,
    0x01, 0x40, 0x00, 0x01, 0x00, 0x00, 0x00, 0x00, 0x01, 0x69, 0x19, 0xc0, 0x00, 0x00, 0x05, 0x20,
    0x00, 0x00, 0x08, 0xec, 0x00, 0x03, 0xc0, 0xe4, 0x01, 0x40, 0x00, 0x01, 0x00, 0x00, 0x00, 0x00,
    0x01, 0x69, 0x19, 0xc0, 0x00, 0x00, 0x05, 0x20, 0x00, 0x00, 0x08, 0xec, 0x00, 0x03, 0xc0, 0xe4,
    0x01, 0x40, 0x00, 0x01, 0x00, 0x00, 0x00, 0x00, 0x01, 0x69, 0x19, 0xc0, 0x00, 0x00, 0x05, 0x20,
    0x00, 0x00, 0x08, 0xec, 0x00, 0x03, 0xc0, 0xe4, 0x01, 0x40, 0x00, 0x01, 0x00, 0x00, 0x00, 0x00,
    0x01, 0x69, 0x19, 0xc0, 0x00, 0x00, 0x05, 0x20, 0x00, 0x00, 0x08, 0xec, 0x00, 0x03, 0xc0, 0xe4,
    0x01, 0x40, 0x00, 0x01, 0x00, 0x00, 0x00, 0x00, 0x01, 0x69, 0x19, 0xc0, 0x00, 0x00, 0x05, 0x20,
    0x00, 0x00, 0x08, 0xec, 0x00, 0x03, 0xc0, 0xe4, 0x01, 0x40, 0x00, 0x01, 0x00, 0x00, 0x00, 0x00,
    0x01, 0x69, 0x1e, 0xe0, 0x00, 0x00, 0xba, 0xe0, 0x00, 0x01, 0x47, 0x06, 0x00, 0x03, 0xc6, 0xa4,
    0x4c, 0x40, 0x00, 0x01, 0x00, 0x00, 0x00, 0x00, 0x01, 0x69, 0xd9, 0xc0, 0x00, 0x00, 0x7a, 0xb8,
    0x00, 0x00, 0xd6, 0xbf, 0x00, 0x03, 0xc6, 0xcc, 0x7f, 0x40, 0x00, 0x01, 0x00, 0x00, 0x00, 0x00,
    0x01, 0x6a, 0x54, 0x80, 0x00, 0x00, 0xb5, 0x10, 0x00, 0x01, 0x3c, 0xd2, 0x00, 0x03, 0xc6, 0xf4,
    0x5d, 0x40, 0x00, 0x01, 0x00, 0x00, 0x00, 0x00, 0x01, 0x6b, 0x09, 0xa0, 0x00, 0x00, 0xb5, 0x10,
    0x00, 0x01, 0x3c, 0xd2, 0x00, 0x03, 0xc7, 0x1c, 0x5c, 0x40, 0x00, 0x01, 0x00, 0x00, 0x00, 0x00,
    0x01, 0x6b, 0xbe, 0xc0, 0x00, 0x00, 0x9c, 0xf8, 0x00, 0x01, 0x12, 0xa6, 0x00, 0x03, 0xc7, 0x44,
    0x5b, 0x40, 0x00, 0x01, 0x00, 0x00, 0x00, 0x00, 0x01, 0x6c, 0x5b, 0xc0, 0x00, 0x00, 0x4b, 0xe8,
    0x00, 0x00, 0x84, 0xd5, 0x00, 0x03, 0xc7, 0x6c, 0x7f, 0x40, 0x00, 0x01, 0x00, 0x00, 0x00, 0x00,
    0x00, 0x00, 0x00, 0x00, 0x00, 0x00, 0x00, 0x00, 0x00, 0x00, 0x00, 0x00, 0x00, 0x00, 0x00, 0x00,
    0x00, 0x40, 0x00, 0x00, 0x00, 0x00, 0x00, 0x00, 0x00, 0x00, 0x00, 0x00, 0x00, 0x00, 0x00, 0x00,
    0x00, 0x00, 0x00, 0x00, 0x00, 0x00, 0x00, 0x00, 0x00, 0x40, 0x00, 0x00, 0x00, 0x00, 0x00, 0x00,
    0x01, 0x6d, 0xa1, 0xe0, 0x00, 0x00, 0x05, 0x20, 0x00, 0x00, 0x08, 0xec, 0x00, 0x03, 0xc8, 0x34,
    0x01, 0x40, 0x00, 0x01, 0x00, 0x00, 0x00, 0x00, 0x01, 0x6d, 0xa1, 0xe0, 0x00, 0x00, 0x05, 0x20,
    0x00, 0x00, 0x08, 0xec, 0x00, 0x03, 0xc8, 0x34, 0x01, 0x40, 0x00, 0x01, 0x00, 0x00, 0x00, 0x00,
    0x01, 0x6d, 0xa1, 0xe0, 0x00, 0x00, 0x05, 0x20, 0x00, 0x00, 0x08, 0xec, 0x00, 0x03, 0xc8, 0x34,
    0x01, 0x40, 0x00, 0x01, 0x00, 0x00, 0x00, 0x00, 0x01, 0x6d, 0xa1, 0xe0, 0x00, 0x00, 0x05, 0x20,
    0x00, 0x00, 0x08, 0xec, 0x00, 0x03, 0xc8, 0x34, 0x01, 0x40, 0x00, 0x01, 0x00, 0x00, 0x00, 0x00,
    0x01, 0x6d, 0xa1, 0xe0, 0x00, 0x00, 0x05, 0x20, 0x00, 0x00, 0x08, 0xec, 0x00, 0x03, 0xc8, 0x34,
    0x01, 0x40, 0x00, 0x01, 0x00, 0x00, 0x00, 0x00, 0x01, 0x6d, 0xa1, 0xe0, 0x00, 0x00, 0x05, 0x20,
    0x00, 0x00, 0x08, 0xec, 0x00, 0x03, 0xc8, 0x34, 0x01, 0x40, 0x00, 0x01, 0x00, 0x00, 0x00, 0x00,
    0x01, 0x6d, 0xa1, 0xe0, 0x00, 0x00, 0x05, 0x20, 0x00, 0x00, 0x08, 0xec, 0x00, 0x03, 0xc8, 0x34,
    0x01, 0x40, 0x00, 0x01, 0x00, 0x00, 0x00, 0x00, 0x01, 0x6d, 0xa1, 0xe0, 0x00, 0x00, 0x05, 0x20,
    0x00, 0x00, 0x08, 0xec, 0x00, 0x03, 0xc8, 0x34, 0x01, 0x40, 0x00, 0x01, 0x00, 0x00, 0x00, 0x00,
    0x01, 0x6d, 0xcc, 0x60, 0x00, 0x00, 0x90, 0x88, 0x00, 0x00, 0xfc, 0xe6, 0x00, 0x03, 0xce, 0xac,
    0x64, 0x40, 0x00, 0x01, 0x00, 0x00, 0x00, 0x00, 0x01, 0x6e, 0x5d, 0x00, 0x00, 0x00, 0x74, 0x00,
    0x00, 0x00, 0xcb, 0x00, 0x00, 0x03, 0xce, 0xd4, 0x64, 0x40, 0x00, 0x01, 0x00, 0x00, 0x00, 0x00,
    0x01, 0x6e, 0xd1, 0x00, 0x00, 0x00, 0x2e, 0x98, 0x00, 0x00, 0x51, 0x89, 0x00, 0x03, 0xce, 0xfc,
    0x70, 0x40, 0x00, 0x01, 0x00, 0x00, 0x00, 0x00, 0x00, 0x00, 0x00, 0x00, 0x00, 0x00, 0x00, 0x00,
    0x00, 0x00, 0x00, 0x00, 0x00, 0x00, 0x00, 0x00, 0x00, 0x40, 0x00, 0x00, 0x00, 0x00, 0x00, 0x00,
    0x00, 0x00, 0x00, 0x00, 0x00, 0x00, 0x00, 0x00, 0x00, 0x00, 0x00, 0x00, 0x00, 0x00, 0x00, 0x00,
    0x00, 0x40, 0x00, 0x00, 0x00, 0x00, 0x00, 0x00, 0x01, 0x70, 0x4b, 0xa0, 0x00, 0x00, 0x50, 0xf0,
    0x00, 0x00, 0x8d, 0x9e, 0x00, 0x03, 0xcf, 0x9c, 0x64, 0x40, 0x00, 0x01, 0x00, 0x00, 0x00, 0x00,
    0x01, 0x70, 0x9c, 0xa0, 0x00, 0x00, 0x50, 0xf0, 0x00, 0x00, 0x8d, 0x9e, 0x00, 0x03, 0xcf, 0xc4,
    0x70, 0x40, 0x00, 0x01, 0x00, 0x00, 0x00, 0x00, 0x01, 0x70, 0xed, 0xa0, 0x00, 0x00, 0x08, 0x68,
    0x00, 0x00, 0x0e, 0xaa, 0x00, 0x03, 0xcf, 0xec, 0x64, 0x40, 0x00, 0x01, 0x00, 0x00, 0x00, 0x00,
    0x01, 0x70, 0xf6, 0x20, 0x00, 0x00, 0x49, 0x00, 0x00, 0x00, 0x7f, 0xb6, 0x00, 0x03, 0xd0, 0x14,
    0x64, 0x40, 0x00, 0x01, 0x00, 0x00, 0x00, 0x00, 0x01, 0x71, 0x3f, 0x20, 0x00, 0x00, 0x47, 0x08,
    0x00, 0x00, 0x7c, 0x49, 0x00, 0x03, 0xd0, 0x3c, 0x64, 0x40, 0x00, 0x01, 0x00, 0x00, 0x00, 0x00,
    0x01, 0x6d, 0xa7, 0x00, 0x00, 0x00, 0x25, 0x48, 0x00, 0x00, 0x41, 0x3d, 0x00, 0x03, 0xce, 0x84,
    0x64, 0x40, 0x00, 0x01, 0x00, 0x00, 0x00, 0x00, 0x01, 0x71, 0x86, 0x40, 0x00, 0x00, 0x5d, 0x50,
    0x00, 0x00, 0xa3, 0x44, 0x00, 0x03, 0xd0, 0x64, 0x71, 0x40, 0x00, 0x01, 0x00, 0x00, 0x00, 0x00,
    0x01, 0x71, 0xe3, 0xa0, 0x00, 0x00, 0x56, 0xc0, 0x00, 0x00, 0x97, 0xc3, 0x00, 0x03, 0xd0, 0x8c,
    0x5e, 0x40, 0x00, 0x01, 0x00, 0x00, 0x00, 0x00, 0x01, 0x72, 0x3a, 0x60, 0x00, 0x00, 0x05, 0x20,
    0x00, 0x00, 0x08, 0xec, 0x00, 0x03, 0xd0, 0xb4, 0x01, 0x40, 0x00, 0x01, 0x00, 0x00, 0x00, 0x00,
    0x01, 0x72, 0x3a, 0x60, 0x00, 0x00, 0x05, 0x20, 0x00, 0x00, 0x08, 0xec, 0x00, 0x03, 0xd0, 0xb4,
    0x01, 0x40, 0x00, 0x01, 0x00, 0x00, 0x00, 0x00, 0x01, 0x72, 0x3a, 0x60, 0x00, 0x00, 0x05, 0x20,
    0x00, 0x00, 0x08, 0xec, 0x00, 0x03, 0xd0, 0xb4, 0x01, 0x40, 0x00, 0x01, 0x00, 0x00, 0x00, 0x00,
    0x01, 0x72, 0x3a, 0x60, 0x00, 0x00, 0x05, 0x20, 0x00, 0x00, 0x08, 0xec, 0x00, 0x03, 0xd0, 0xb4,
    0x01, 0x40, 0x00, 0x01, 0x00, 0x00, 0x00, 0x00, 0x01, 0x72, 0x3a, 0x60, 0x00, 0x00, 0x05, 0x20,
    0x00, 0x00, 0x08, 0xec, 0x00, 0x03, 0xd0, 0xb4, 0x01, 0x40, 0x00, 0x01, 0x00, 0x00, 0x00, 0x00,
    0x01, 0x72, 0x3a, 0x60, 0x00, 0x00, 0x05, 0x20, 0x00, 0x00, 0x08, 0xec, 0x00, 0x03, 0xd0, 0xb4,
    0x01, 0x40, 0x00, 0x01, 0x00, 0x00, 0x00, 0x00, 0x01, 0x72, 0x3a, 0x60, 0x00, 0x00, 0x05, 0x20,
    0x00, 0x00, 0x08, 0xec, 0x00, 0x03, 0xd0, 0xb4, 0x01, 0x40, 0x00, 0x01, 0x00, 0x00, 0x00, 0x00,
    0x00, 0x00, 0x00, 0x00, 0x00, 0x00, 0x00, 0x00, 0x00, 0x00, 0x00, 0x00, 0x00, 0x00, 0x00, 0x00,
    0x00, 0x40, 0x00, 0x00, 0x00, 0x00, 0x00, 0x00, 0x01, 0x76, 0x47, 0x00, 0x00, 0x00, 0x0d, 0x90,
    0x00, 0x00, 0x17, 0xb1, 0x00, 0x03, 0xd7, 0xf4, 0x7f, 0x40, 0x00, 0x01, 0x00, 0x00, 0x00, 0x00,
    0x01, 0x76, 0x54, 0xa0, 0x00, 0x00, 0x19, 0xa0, 0x00, 0x00, 0x2c, 0xd4, 0x00, 0x03, 0xd8, 0x1c,
    0x78, 0x40, 0x00, 0x01, 0x00, 0x00, 0x00, 0x00, 0x01, 0x76, 0x6e, 0x40, 0x00, 0x00, 0x6f, 0x48,
    0x00, 0x00, 0xc2, 0xbb, 0x00, 0x03, 0xd8, 0x44, 0x77, 0x40, 0x00, 0x01, 0x00, 0x00, 0x00, 0x00,
    0x01, 0x76, 0xdd, 0xa0, 0x00, 0x00, 0x10, 0x98, 0x00, 0x00, 0x1d, 0x09, 0x00, 0x03, 0xd8, 0x6c,
    0x64, 0x30, 0x00, 0x01, 0x00, 0x00, 0x00, 0x00, 0x01, 0x76, 0xdd, 0xa0, 0x00, 0x00, 0x10, 0x98,
    0x00, 0x00, 0x1d, 0x09, 0x00, 0x03, 0xd8, 0x6c, 0x64, 0x50, 0x00, 0x01, 0x00, 0x00, 0x00, 0x00,
    0x01, 0x76, 0xee, 0x40, 0x00, 0x00, 0x05, 0x20, 0x00, 0x00, 0x08, 0xec, 0x00, 0x03, 0xd8, 0x94,
    0x01, 0x40, 0x00, 0x01, 0x00, 0x00, 0x00, 0x00, 0x01, 0x76, 0xee, 0x40, 0x00, 0x00, 0x05, 0x20,
    0x00, 0x00, 0x08, 0xec, 0x00, 0x03, 0xd8, 0x94, 0x01, 0x40, 0x00, 0x01, 0x00, 0x00, 0x00, 0x00,
    0x01, 0x76, 0xee, 0x40, 0x00, 0x00, 0x05, 0x20, 0x00, 0x00, 0x08, 0xec, 0x00, 0x03, 0xd8, 0x94,
    0x01, 0x40, 0x00, 0x01, 0x00, 0x00, 0x00, 0x00, 0x01, 0x76, 0xee, 0x40, 0x00, 0x00, 0x05, 0x20,
    0x00, 0x00, 0x08, 0xec, 0x00, 0x03, 0xd8, 0x94, 0x01, 0x40, 0x00, 0x01, 0x00, 0x00, 0x00, 0x00,
    0x01, 0x81, 0x65, 0x80, 0x00, 0x00, 0x05, 0x20, 0x00, 0x00, 0x08, 0xec, 0x00, 0x03, 0xe1, 0x7c,
    0x10, 0x40, 0x00, 0x01, 0x00, 0x00, 0x00, 0x00, 0x01, 0x76, 0xf3, 0x60, 0x00, 0x00, 0x4d, 0x50,
    0x00, 0x00, 0x87, 0x40, 0x00, 0x03, 0xde, 0x84, 0x6a, 0x40, 0x00, 0x01, 0x00, 0x00, 0x00, 0x00,
    0x01, 0x7a, 0x7d, 0x20, 0x00, 0x00, 0x80, 0xa8, 0x00, 0x00, 0xe1, 0x24, 0x00, 0x03, 0xdf, 0x4c,
    0x7f, 0x40, 0x00, 0x01, 0x00, 0x00, 0x00, 0x00, 0x01, 0x7a, 0xfd, 0xe0, 0x00, 0x00, 0x59, 0xb8,
    0x00, 0x00, 0x9d, 0x02, 0x00, 0x03, 0xdf, 0x74, 0x7f, 0x40, 0x00, 0x01, 0x00, 0x00, 0x00, 0x00,
    0x01, 0x7b, 0x57, 0xa0, 0x00, 0x00, 0x35, 0x90, 0x00, 0x00, 0x5d, 0xb4, 0x00, 0x03, 0xdf, 0x9c,
    0x7f, 0x40, 0x00, 0x01, 0x00, 0x00, 0x00, 0x00, 0x01, 0x77, 0x40, 0xc0, 0x00, 0x00, 0x41, 0x88,
    0x00, 0x00, 0x72, 0xa7, 0x00, 0x03, 0xde, 0xac, 0x6e, 0x40, 0x00, 0x01, 0x00, 0x00, 0x00, 0x00,
    0x01, 0x77, 0x82, 0x60, 0x00, 0x01, 0x6c, 0x98, 0x00, 0x02, 0x7e, 0x00, 0x00, 0x03, 0xde, 0xd4,
    0x4d, 0x40, 0x00, 0x01, 0x00, 0x00, 0x00, 0x00, 0x01, 0x7b, 0x8d, 0x40, 0x00, 0x00, 0x43, 0xb8,
    0x00, 0x00, 0x76, 0x82, 0x00, 0x03, 0xdf, 0xc4, 0x7f, 0x40, 0x00, 0x01, 0x00, 0x00, 0x00, 0x00,
    0x01, 0x7b, 0xd1, 0x00, 0x00, 0x00, 0xa9, 0x10, 0x00, 0x01, 0x27, 0xd6, 0x00, 0x03, 0xdf, 0xec,
    0x61, 0x40, 0x00, 0x01, 0x00, 0x00, 0x00, 0x00, 0x01, 0x7c, 0x7a, 0x20, 0x00, 0x00, 0xa9, 0x10,
    0x00, 0x01, 0x27, 0xd6, 0x00, 0x03, 0xe0, 0x14, 0x64, 0x40, 0x00, 0x01, 0x00, 0x00, 0x00, 0x00,
    0x01, 0x7d, 0x23, 0x40, 0x00, 0x00, 0x82, 0x30, 0x00, 0x00, 0xe3, 0xce, 0x00, 0x03, 0xe0, 0x3c,
    0x66, 0x40, 0x00, 0x01, 0x00, 0x00, 0x00, 0x00, 0x01, 0x7d, 0xa5, 0x80, 0x00, 0x00, 0xee, 0xd0,
    0x00, 0x01, 0xa1, 0xe2, 0x00, 0x03, 0xe0, 0x64, 0x7f, 0x40, 0x00, 0x01, 0x00, 0x00, 0x00, 0x00,
    0x01, 0x78, 0xef, 0x00, 0x00, 0x00, 0x89, 0x28, 0x00, 0x00, 0xf0, 0x00, 0x00, 0x03, 0xde, 0xfc,
    0x7f, 0x40, 0x00, 0x01, 0x00, 0x00, 0x00, 0x00, 0x01, 0x7e, 0x94, 0x60, 0x00, 0x00, 0x4b, 0x50,
    0x00, 0x00, 0x83, 0xbf, 0x00, 0x03, 0xe0, 0x8c, 0x7f, 0x40, 0x00, 0x01, 0x00, 0x00, 0x00, 0x00,
    0x01, 0x7e, 0xdf, 0xc0, 0x00, 0x00, 0x50, 0xe0, 0x00, 0x00, 0x8d, 0x80, 0x00, 0x03, 0xe0, 0xb4,
    0x7f, 0x40, 0x00, 0x01, 0x00, 0x00, 0x00, 0x00, 0x01, 0x7f, 0x30, 0xa0, 0x00, 0x00, 0xe1, 0x98,
    0x00, 0x01, 0x8a, 0xbe, 0x00, 0x03, 0xe0, 0xdc, 0x7f, 0x40, 0x00, 0x01, 0x00, 0x00, 0x00, 0x00,
    0x01, 0x79, 0x78, 0x40, 0x00, 0x01, 0x04, 0xe0, 0x00, 0x01, 0xc8, 0x80, 0x00, 0x03, 0xdf, 0x24,
    0x7f, 0x40, 0x00, 0x01, 0x00, 0x00, 0x00, 0x00, 0x01, 0x80, 0x12, 0x40, 0x00, 0x00, 0x4a, 0xa8,
    0x00, 0x00, 0x82, 0x9d, 0x00, 0x03, 0xe1, 0x04, 0x7f, 0x40, 0x00, 0x01, 0x00, 0x00, 0x00, 0x00,
    0x01, 0x80, 0x5d, 0x00, 0x00, 0x00, 0x50, 0x60, 0x00, 0x00, 0x8c, 0xa0, 0x00, 0x03, 0xe1, 0x2c,
    0x7f, 0x40, 0x00, 0x01, 0x00, 0x00, 0x00, 0x00, 0x01, 0x76, 0xf3, 0x60, 0x00, 0x00, 0x4d, 0x50,
    0x00, 0x00, 0x87, 0x40, 0x00, 0x03, 0xde, 0x84, 0x70, 0x40, 0x00, 0x01, 0x00, 0x00, 0x00, 0x00,
    0x01, 0x80, 0xad, 0x60, 0x00, 0x00, 0xb8, 0x20, 0x00, 0x01, 0x42, 0x2c, 0x00, 0x03, 0xe1, 0x54,
    0x58, 0x40, 0x00, 0x01, 0x00, 0x00, 0x00, 0x00, 0x00, 0x00, 0x00, 0x00, 0x00, 0x00, 0x00, 0x00,
    0x00, 0x00, 0x00, 0x00, 0x00, 0x00, 0x00, 0x00, 0x00, 0x40, 0x00, 0x00, 0x00, 0x00, 0x00, 0x00,
    0x01, 0x85, 0xbe, 0x00, 0x00, 0x00, 0x56, 0x60, 0x00, 0x00, 0x97, 0x26, 0x00, 0x03, 0xea, 0x1c,
    0x70, 0x40, 0x00, 0x01, 0x00, 0x00, 0x00, 0x00, 0x01, 0x86, 0x14, 0x60, 0x00, 0x00, 0x0c, 0xe0,
    0x00, 0x00, 0x16, 0x7d, 0x00, 0x03, 0xea, 0x44, 0x45, 0x40, 0x00, 0x01, 0x00, 0x00, 0x00, 0x00,
    0x01, 0x86, 0x21, 0x40, 0x00, 0x00, 0x05, 0x20, 0x00, 0x00, 0x08, 0xec, 0x00, 0x03, 0xea, 0x6c,
    0x01, 0x40, 0x00, 0x01, 0x00, 0x00, 0x00, 0x00, 0x01, 0x86, 0x21, 0x40, 0x00, 0x00, 0x05, 0x20,
    0x00, 0x00, 0x08, 0xec, 0x00, 0x03, 0xea, 0x6c, 0x01, 0x40, 0x00, 0x01, 0x00, 0x00, 0x00, 0x00,
    0x01, 0x86, 0x21, 0x40, 0x00, 0x00, 0x05, 0x20, 0x00, 0x00, 0x08, 0xec, 0x00, 0x03, 0xea, 0x6c,
    0x01, 0x40, 0x00, 0x01, 0x00, 0x00, 0x00, 0x00, 0x01, 0x86, 0x21, 0x40, 0x00, 0x00, 0x05, 0x20,
    0x00, 0x00, 0x08, 0xec, 0x00, 0x03, 0xea, 0x6c, 0x01, 0x40, 0x00, 0x01, 0x00, 0x00, 0x00, 0x00,
    0x01, 0x86, 0x21, 0x40, 0x00, 0x00, 0x05, 0x20, 0x00, 0x00, 0x08, 0xec, 0x00, 0x03, 0xea, 0x6c,
    0x01, 0x40, 0x00, 0x01, 0x00, 0x00, 0x00, 0x00, 0x01, 0x86, 0x21, 0x40, 0x00, 0x00, 0x05, 0x20,
    0x00, 0x00, 0x08, 0xec, 0x00, 0x03, 0xea, 0x6c, 0x01, 0x40, 0x00, 0x01, 0x00, 0x00, 0x00, 0x00,
    0x01, 0x86, 0x21, 0x40, 0x00, 0x00, 0x05, 0x20, 0x00, 0x00, 0x08, 0xec, 0x00, 0x03, 0xea, 0x6c,
    0x01, 0x40, 0x00, 0x01, 0x00, 0x00, 0x00, 0x00, 0x01, 0x86, 0x21, 0x40, 0x00, 0x00, 0x05, 0x20,
    0x00, 0x00, 0x08, 0xec, 0x00, 0x03, 0xea, 0x6c, 0x01, 0x40, 0x00, 0x01, 0x00, 0x00, 0x00, 0x00,
    0x01, 0x86, 0x21, 0x40, 0x00, 0x00, 0x05, 0x20, 0x00, 0x00, 0x08, 0xec, 0x00, 0x03, 0xea, 0x6c,
    0x01, 0x40, 0x00, 0x01, 0x00, 0x00, 0x00, 0x00, 0x01, 0x86, 0x21, 0x40, 0x00, 0x00, 0x05, 0x20,
    0x00, 0x00, 0x08, 0xec, 0x00, 0x03, 0xea, 0x6c, 0x01, 0x40, 0x00, 0x01, 0x00, 0x00, 0x00, 0x00,
    0x01, 0x86, 0x21, 0x40, 0x00, 0x00, 0x05, 0x20, 0x00, 0x00, 0x08, 0xec, 0x00, 0x03, 0xea, 0x6c,
    0x01, 0x40, 0x00, 0x01, 0x00, 0x00, 0x00, 0x00, 0x01, 0x86, 0x21, 0x40, 0x00, 0x00, 0x05, 0x20,
    0x00, 0x00, 0x08, 0xec, 0x00, 0x03, 0xea, 0x6c, 0x01, 0x40, 0x00, 0x01, 0x00, 0x00, 0x00, 0x00,
    0x01, 0x86, 0x21, 0x40, 0x00, 0x00, 0x05, 0x20, 0x00, 0x00, 0x08, 0xec, 0x00, 0x03, 0xea, 0x6c,
    0x01, 0x40, 0x00, 0x01, 0x00, 0x00, 0x00, 0x00, 0x00, 0x00, 0x00, 0x00, 0x00, 0x00, 0x00, 0x00,
    0x00, 0x00, 0x00, 0x00, 0x00, 0x00, 0x00, 0x00, 0x00, 0x40, 0x00, 0x00, 0x00, 0x00, 0x00, 0x00,
    0x01, 0x8a, 0x79, 0xc0, 0x00, 0x00, 0x6d, 0xa8, 0x00, 0x00, 0xbf, 0xda, 0x00, 0x03, 0xee, 0xfc,
    0x64, 0x40, 0x00, 0x01, 0x00, 0x00, 0x00, 0x00, 0x01, 0x8a, 0xe7, 0x80, 0x00, 0x00, 0x37, 0x50,
    0x00, 0x00, 0x60, 0xc0, 0x00, 0x03, 0xef, 0x24, 0x64, 0x40, 0x00, 0x01, 0x00, 0x00, 0x00, 0x00,
    0x01, 0x8b, 0x1e, 0xe0, 0x00, 0x00, 0x05, 0x20, 0x00, 0x00, 0x08, 0xec, 0x00, 0x03, 0xef, 0x4c,
    0x01, 0x40, 0x00, 0x01, 0x00, 0x00, 0x00, 0x00, 0x01, 0x8b, 0x1e, 0xe0, 0x00, 0x00, 0x05, 0x20,
    0x00, 0x00, 0x08, 0xec, 0x00, 0x03, 0xef, 0x4c, 0x01, 0x40, 0x00, 0x01, 0x00, 0x00, 0x00, 0x00,
    0x01, 0x8b, 0x1e, 0xe0, 0x00, 0x00, 0x05, 0x20, 0x00, 0x00, 0x08, 0xec, 0x00, 0x03, 0xef, 0x4c,
    0x01, 0x40, 0x00, 0x01, 0x00, 0x00, 0x00, 0x00, 0x01, 0x8b, 0x1e, 0xe0, 0x00, 0x00, 0x05, 0x20,
    0x00, 0x00, 0x08, 0xec, 0x00, 0x03, 0xef, 0x4c, 0x01, 0x40, 0x00, 0x01, 0x00, 0x00, 0x00, 0x00,
    0x01, 0x8b, 0x1e, 0xe0, 0x00, 0x00, 0x05, 0x20, 0x00, 0x00, 0x08, 0xec, 0x00, 0x03, 0xef, 0x4c,
    0x01, 0x40, 0x00, 0x01, 0x00, 0x00, 0x00, 0x00, 0x01, 0x8b, 0x1e, 0xe0, 0x00, 0x00, 0x05, 0x20,
    0x00, 0x00, 0x08, 0xec, 0x00, 0x03, 0xef, 0x4c, 0x01, 0x40, 0x00, 0x01, 0x00, 0x00, 0x00, 0x00,
    0x01, 0x8b, 0x1e, 0xe0, 0x00, 0x00, 0x05, 0x20, 0x00, 0x00, 0x08, 0xec, 0x00, 0x03, 0xef, 0x4c,
    0x01, 0x40, 0x00, 0x01, 0x00, 0x00, 0x00, 0x00, 0x01, 0x8b, 0x1e, 0xe0, 0x00, 0x00, 0x05, 0x20,
    0x00, 0x00, 0x08, 0xec, 0x00, 0x03, 0xef, 0x4c, 0x01, 0x40, 0x00, 0x01, 0x00, 0x00, 0x00, 0x00,
    0x01, 0x8b, 0x1e, 0xe0, 0x00, 0x00, 0x05, 0x20, 0x00, 0x00, 0x08, 0xec, 0x00, 0x03, 0xef, 0x4c,
    0x01, 0x40, 0x00, 0x01, 0x00, 0x00, 0x00, 0x00, 0x01, 0x8b, 0x1e, 0xe0, 0x00, 0x00, 0x05, 0x20,
    0x00, 0x00, 0x08, 0xec, 0x00, 0x03, 0xef, 0x4c, 0x01, 0x40, 0x00, 0x01, 0x00, 0x00, 0x00, 0x00,
    0x01, 0x8b, 0x1e, 0xe0, 0x00, 0x00, 0x05, 0x20, 0x00, 0x00, 0x08, 0xec, 0x00, 0x03, 0xef, 0x4c,
    0x01, 0x40, 0x00, 0x01, 0x00, 0x00, 0x00, 0x00, 0x01, 0x8b, 0x1e, 0xe0, 0x00, 0x00, 0x05, 0x20,
    0x00, 0x00, 0x08, 0xec, 0x00, 0x03, 0xef, 0x4c, 0x01, 0x40, 0x00, 0x01, 0x00, 0x00, 0x00, 0x00,
    0x01, 0x8b, 0x1e, 0xe0, 0x00, 0x00, 0x05, 0x20, 0x00, 0x00, 0x08, 0xec, 0x00, 0x03, 0xef, 0x4c,
    0x01, 0x40, 0x00, 0x01, 0x00, 0x00, 0x00, 0x00, 0x01, 0x8b, 0x72, 0xe0, 0x00, 0x00, 0x14, 0xb0,
    0x00, 0x00, 0x24, 0x31, 0x00, 0x03, 0xf3, 0xac, 0x64, 0x40, 0x00, 0x01, 0x00, 0x00, 0x00, 0x00,
    0x01, 0x8b, 0x87, 0xa0, 0x00, 0x00, 0x14, 0xb0, 0x00, 0x00, 0x24, 0x31, 0x00, 0x03, 0xf3, 0xd4,
    0x64, 0x40, 0x00, 0x01, 0x00, 0x00, 0x00, 0x00, 0x01, 0x8b, 0x9c, 0x60, 0x00, 0x00, 0x6c, 0xe8,
    0x00, 0x00, 0xbe, 0x8b, 0x00, 0x03, 0xf3, 0xfc, 0x70, 0x40, 0x00, 0x01, 0x00, 0x00, 0x00, 0x00,
    0x01, 0x8c, 0x09, 0x60, 0x00, 0x00, 0x87, 0xc8, 0x00, 0x00, 0xed, 0x98, 0x00, 0x03, 0xf4, 0x24,
    0x7f, 0x40, 0x00, 0x01, 0x00, 0x00, 0x00, 0x00, 0x01, 0x8c, 0x91, 0x40, 0x00, 0x00, 0x3e, 0x40,
    0x00, 0x00, 0x6c, 0xe6, 0x00, 0x03, 0xf4, 0x4c, 0x7f, 0x40, 0x00, 0x01, 0x00, 0x00, 0x00, 0x00,
    0x01, 0x8b, 0x24, 0x00, 0x00, 0x00, 0x4e, 0xc8, 0x00, 0x00, 0x89, 0xd6, 0x00, 0x03, 0xf3, 0x84,
    0x70, 0x40, 0x00, 0x01, 0x00, 0x00, 0x00, 0x00, 0x01, 0x8c, 0xcf, 0x80, 0x00, 0x00, 0x05, 0x20,
    0x00, 0x00, 0x08, 0xec, 0x00, 0x03, 0xf4, 0x74, 0x01, 0x40, 0x00, 0x01, 0x00, 0x00, 0x00, 0x00,
    0x01, 0x8c, 0xcf, 0x80, 0x00, 0x00, 0x05, 0x20, 0x00, 0x00, 0x08, 0xec, 0x00, 0x03, 0xf4, 0x74,
    0x01, 0x40, 0x00, 0x01, 0x00, 0x00, 0x00, 0x00, 0x01, 0x8c, 0xcf, 0x80, 0x00, 0x00, 0x05, 0x20,
    0x00, 0x00, 0x08, 0xec, 0x00, 0x03, 0xf4, 0x74, 0x01, 0x40, 0x00, 0x01, 0x00, 0x00, 0x00, 0x00,
    0x01, 0x8c, 0xcf, 0x80, 0x00, 0x00, 0x05, 0x20, 0x00, 0x00, 0x08, 0xec, 0x00, 0x03, 0xf4, 0x74,
    0x01, 0x40, 0x00, 0x01, 0x00, 0x00, 0x00, 0x00, 0x01, 0x8c, 0xcf, 0x80, 0x00, 0x00, 0x05, 0x20,
    0x00, 0x00, 0x08, 0xec, 0x00, 0x03, 0xf4, 0x74, 0x01, 0x40, 0x00, 0x01, 0x00, 0x00, 0x00, 0x00,
    0x01, 0x8c, 0xcf, 0x80, 0x00, 0x00, 0x05, 0x20, 0x00, 0x00, 0x08, 0xec, 0x00, 0x03, 0xf4, 0x74,
    0x01, 0x40, 0x00, 0x01, 0x00, 0x00, 0x00, 0x00, 0x01, 0x8c, 0xcf, 0x80, 0x00, 0x00, 0x05, 0x20,
    0x00, 0x00, 0x08, 0xec, 0x00, 0x03, 0xf4, 0x74, 0x01, 0x40, 0x00, 0x01, 0x00, 0x00, 0x00, 0x00,
    0x01, 0x8c, 0xcf, 0x80, 0x00, 0x00, 0x05, 0x20, 0x00, 0x00, 0x08, 0xec, 0x00, 0x03, 0xf4, 0x74,
    0x01, 0x40, 0x00, 0x01, 0x00, 0x00, 0x00, 0x00, 0x01, 0x8c, 0xcf, 0x80, 0x00, 0x00, 0x05, 0x20,
    0x00, 0x00, 0x08, 0xec, 0x00, 0x03, 0xf4, 0x74, 0x01, 0x40, 0x00, 0x01, 0x00, 0x00, 0x00, 0x00,
    0x01, 0x8c, 0xcf, 0x80, 0x00, 0x00, 0x05, 0x20, 0x00, 0x00, 0x08, 0xec, 0x00, 0x03, 0xf4, 0x74,
    0x01, 0x40, 0x00, 0x01, 0x00, 0x00, 0x00, 0x00, 0x01, 0x8d, 0x31, 0x00, 0x00, 0x00, 0xa0, 0x58,
    0x00, 0x01, 0x18, 0x97, 0x00, 0x03, 0xf8, 0xac, 0x70, 0x40, 0x00, 0x01, 0x00, 0x00, 0x00, 0x00,
    0x01, 0x8d, 0xd1, 0x60, 0x00, 0x00, 0x5e, 0xe8, 0x00, 0x00, 0xa6, 0x13, 0x00, 0x03, 0xf8, 0xd4,
    0x70, 0x40, 0x00, 0x01, 0x00, 0x00, 0x00, 0x00, 0x01, 0x8c, 0xd4, 0xa0, 0x00, 0x00, 0x5c, 0x48,
    0x00, 0x00, 0xa1, 0x74, 0x00, 0x03, 0xf8, 0x84, 0x64, 0x40, 0x00, 0x01, 0x00, 0x00, 0x00, 0x00,
    0x01, 0x8e, 0x94, 0xa0, 0x00, 0x00, 0x55, 0x20, 0x00, 0x00, 0x94, 0xf5, 0x00, 0x03, 0xf9, 0x24,
    0x64, 0x40, 0x00, 0x01, 0x00, 0x00, 0x00, 0x00, 0x01, 0x8e, 0xe9, 0xc0, 0x00, 0x00, 0x84, 0xf8,
    0x00, 0x00, 0xe8, 0xb1, 0x00, 0x03, 0xf9, 0x4c, 0x64, 0x40, 0x00, 0x01, 0x00, 0x00, 0x00, 0x00,
    0x01, 0x8e, 0x30, 0x60, 0x00, 0x00, 0x64, 0x28, 0x00, 0x00, 0xaf, 0x3d, 0x00, 0x03, 0xf8, 0xfc,
    0x5c, 0x40, 0x00, 0x01, 0x00, 0x00, 0x00, 0x00, 0x01, 0x91, 0xb7, 0x20, 0x00, 0x00, 0x1b, 0x28,
    0x00, 0x00, 0x2f, 0x80, 0x00, 0x04, 0x01, 0x1c, 0x66, 0x40, 0x00, 0x01, 0x00, 0x00, 0x00, 0x00,
    0x01, 0x91, 0x13, 0xc0, 0x00, 0x00, 0x1a, 0x10, 0x00, 0x00, 0x2d, 0x95, 0x00, 0x04, 0x00, 0xa4,
    0x66, 0x40, 0x00, 0x01, 0x00, 0x00, 0x00, 0x00, 0x01, 0x93, 0x85, 0x60, 0x00, 0x00, 0x0e, 0xe0,
    0x00, 0x00, 0x1a, 0x00, 0x00, 0x04, 0x02, 0x0c, 0x62, 0x40, 0x00, 0x01, 0x00, 0x00, 0x00, 0x00,
    0x01, 0x95, 0x08, 0x40, 0x00, 0x00, 0x1a, 0x10, 0x00, 0x00, 0x2d, 0x9a, 0x00, 0x04, 0x03, 0x74,
    0x66, 0x40, 0x00, 0x01, 0x00, 0x00, 0x00, 0x00, 0x01, 0x94, 0x99, 0xc0, 0x00, 0x00, 0x16, 0x18,
    0x00, 0x00, 0x26, 0xa0, 0x00, 0x04, 0x02, 0xfc, 0x72, 0x40, 0x00, 0x01, 0x00, 0x00, 0x00, 0x00,
    0x01, 0x90, 0x8c, 0x40, 0x00, 0x00, 0x16, 0x18, 0x00, 0x00, 0x26, 0x9f, 0x00, 0x04, 0x00, 0x2c,
    0x66, 0x40, 0x00, 0x01, 0x00, 0x00, 0x00, 0x00, 0x01, 0x90, 0x05, 0x60, 0x00, 0x00, 0x1c, 0x10,
    0x00, 0x00, 0x31, 0x1a, 0x00, 0x03, 0xff, 0xb4, 0x68, 0x40, 0x00, 0x01, 0x00, 0x00, 0x00, 0x00,
    0x01, 0x93, 0xf9, 0xe0, 0x00, 0x00, 0x0d, 0x68, 0x00, 0x00, 0x17, 0x6a, 0x00, 0x04, 0x02, 0x84,
    0x71, 0x40, 0x00, 0x01, 0x00, 0x00, 0x00, 0x00, 0x01, 0x92, 0xc8, 0x20, 0x00, 0x00, 0x33, 0xa0,
    0x00, 0x00, 0x5a, 0x57, 0x00, 0x04, 0x01, 0x94, 0x78, 0x40, 0x00, 0x01, 0x00, 0x00, 0x00, 0x00,
    0x01, 0x91, 0x2d, 0xe0, 0x00, 0x00, 0x3a, 0xa8, 0x00, 0x00, 0x66, 0xa2, 0x00, 0x04, 0x00, 0xcc,
    0x6e, 0x40, 0x00, 0x01, 0x00, 0x00, 0x00, 0x00, 0x01, 0x90, 0xa2, 0x60, 0x00, 0x00, 0x25, 0xa0,
    0x00, 0x00, 0x41, 0xcb, 0x00, 0x04, 0x00, 0x54, 0x6e, 0x40, 0x00, 0x01, 0x00, 0x00, 0x00, 0x00,
    0x01, 0x92, 0xfb, 0xc0, 0x00, 0x00, 0x49, 0x08, 0x00, 0x00, 0x7f, 0xc9, 0x00, 0x04, 0x01, 0xbc,
    0x6c, 0x40, 0x00, 0x01, 0x00, 0x00, 0x00, 0x00, 0x01, 0x94, 0xaf, 0xe0, 0x00, 0x00, 0x30, 0xe8,
    0x00, 0x00, 0x55, 0x96, 0x00, 0x04, 0x03, 0x24, 0x6a, 0x40, 0x00, 0x01, 0x00, 0x00, 0x00, 0x00,
    0x01, 0x94, 0x07, 0x60, 0x00, 0x00, 0x2b, 0x68, 0x00, 0x00, 0x4b, 0xf0, 0x00, 0x04, 0x02, 0xac,
    0x70, 0x40, 0x00, 0x01, 0x00, 0x00, 0x00, 0x00, 0x01, 0x90, 0x21, 0x80, 0x00, 0x00, 0x2b, 0x48,
    0x00, 0x00, 0x4b, 0xb7, 0x00, 0x03, 0xff, 0xdc, 0x6e, 0x40, 0x00, 0x01, 0x00, 0x00, 0x00, 0x00,
    0x01, 0x8f, 0x6e, 0xc0, 0x00, 0x00, 0x42, 0x70, 0x00, 0x00, 0x74, 0x40, 0x00, 0x03, 0xff, 0x64,
    0x6d, 0x40, 0x00, 0x01, 0x00, 0x00, 0x00, 0x00, 0x01, 0x93, 0x94, 0x40, 0x00, 0x00, 0x2a, 0x98,
    0x00, 0x00, 0x4a, 0x86, 0x00, 0x04, 0x02, 0x34, 0x6d, 0x40, 0x00, 0x01, 0x00, 0x00, 0x00, 0x00,
    0x01, 0x92, 0x50, 0xc0, 0x00, 0x00, 0x77, 0x50, 0x00, 0x00, 0xd0, 0xc1, 0x00, 0x04, 0x01, 0x6c,
    0x69, 0x40, 0x00, 0x01, 0x00, 0x00, 0x00, 0x00, 0x01, 0x91, 0x68, 0xa0, 0x00, 0x00, 0x4e, 0x70,
    0x00, 0x00, 0x89, 0x44, 0x00, 0x04, 0x00, 0xf4, 0x6c, 0x40, 0x00, 0x01, 0x00, 0x00, 0x00, 0x00,
    0x01, 0x90, 0xc8, 0x00, 0x00, 0x00, 0x4b, 0xb8, 0x00, 0x00, 0x84, 0x76, 0x00, 0x04, 0x00, 0x7c,
    0x6d, 0x40, 0x00, 0x01, 0x00, 0x00, 0x00, 0x00, 0x01, 0x93, 0x44, 0xe0, 0x00, 0x00, 0x40, 0x80,
    0x00, 0x00, 0x70, 0xd5, 0x00, 0x04, 0x01, 0xe4, 0x64, 0x40, 0x00, 0x01, 0x00, 0x00, 0x00, 0x00,
    0x01, 0x94, 0xe0, 0xe0, 0x00, 0x00, 0x27, 0x50, 0x00, 0x00, 0x44, 0xc0, 0x00, 0x04, 0x03, 0x4c,
    0x64, 0x40, 0x00, 0x01, 0x00, 0x00, 0x00, 0x00, 0x01, 0x94, 0x32, 0xe0, 0x00, 0x00, 0x66, 0xd0,
    0x00, 0x00, 0xb3, 0xe1, 0x00, 0x04, 0x02, 0xd4, 0x67, 0x40, 0x00, 0x01, 0x00, 0x00, 0x00, 0x00,
    0x01, 0x90, 0x4c, 0xe0, 0x00, 0x00, 0x3f, 0x60, 0x00, 0x00, 0x6e, 0xdc, 0x00, 0x04, 0x00, 0x04,
    0x67, 0x40, 0x00, 0x01, 0x00, 0x00, 0x00, 0x00, 0x01, 0x8f, 0xb1, 0x40, 0x00, 0x00, 0x54, 0x10,
    0x00, 0x00, 0x93, 0x17, 0x00, 0x03, 0xff, 0x8c, 0x64, 0x40, 0x00, 0x01, 0x00, 0x00, 0x00, 0x00,
    0x01, 0x93, 0xbe, 0xe0, 0x00, 0x00, 0x3b, 0x00, 0x00, 0x00, 0x67, 0x40, 0x00, 0x04, 0x02, 0x5c,
    0x64, 0x40, 0x00, 0x01, 0x00, 0x00, 0x00, 0x00, 0x01, 0x91, 0xd2, 0x60, 0x00, 0x00, 0x7e, 0x60,
    0x00, 0x00, 0xdd, 0x21, 0x00, 0x04, 0x01, 0x44, 0x7f, 0x40, 0x00, 0x01, 0x00, 0x00, 0x00, 0x00,
    0x01, 0x96, 0x8a, 0xe0, 0x00, 0x00, 0x20, 0xf8, 0x00, 0x00, 0x39, 0xb0, 0x00, 0x04, 0x0d, 0x7c,
    0x76, 0x40, 0x00, 0x01, 0x00, 0x00, 0x00, 0x00, 0x01, 0x95, 0x22, 0x60, 0x00, 0x00, 0x6e, 0x80,
    0x00, 0x00, 0xc1, 0x5c, 0x00, 0x04, 0x0d, 0x04, 0x5a, 0x40, 0x00, 0x01, 0x00, 0x00, 0x00, 0x00,
    0x01, 0x95, 0x90, 0xe0, 0x00, 0x00, 0xac, 0x50, 0x00, 0x01, 0x2d, 0x80, 0x00, 0x04, 0x0d, 0x2c,
    0x5a, 0x40, 0x00, 0x01, 0x00, 0x00, 0x00, 0x00, 0x01, 0x96, 0x3d, 0x40, 0x00, 0x00, 0x4d, 0x90,
    0x00, 0x00, 0x87, 0xb2, 0x00, 0x04, 0x0d, 0x54, 0x5a, 0x40, 0x00, 0x01, 0x00, 0x00, 0x00, 0x00,
    0x01, 0x96, 0xab, 0xe0, 0x00, 0x00, 0x05, 0x20, 0x00, 0x00, 0x08, 0xec, 0x00, 0x04, 0x0d, 0xa4,
    0x01, 0x40, 0x00, 0x01, 0x00, 0x00, 0x00, 0x00, 0x01, 0x96, 0xab, 0xe0, 0x00, 0x00, 0x05, 0x20,
    0x00, 0x00, 0x08, 0xec, 0x00, 0x04, 0x0d, 0xa4, 0x01, 0x40, 0x00, 0x01, 0x00, 0x00, 0x00, 0x00,
    0x01, 0x96, 0xb1, 0x00, 0x00, 0x00, 0x74, 0x00, 0x00, 0x00, 0xcb, 0x00, 0x00, 0x04, 0x10, 0xa4,
    0x7f, 0x40, 0x00, 0x01, 0x00, 0x00, 0x00, 0x00, 0x01, 0x97, 0x25, 0x00, 0x00, 0x00, 0x63, 0xb8,
    0x00, 0x00, 0xae, 0x82, 0x00, 0x04, 0x10, 0xcc, 0x7f, 0x40, 0x00, 0x01, 0x00, 0x00, 0x00, 0x00,
    0x01, 0x97, 0x88, 0xc0, 0x00, 0x00, 0x05, 0x20, 0x00, 0x00, 0x08, 0xec, 0x00, 0x04, 0x10, 0xf4,
    0x01, 0x40, 0x00, 0x01, 0x00, 0x00, 0x00, 0x00, 0x01, 0x97, 0x88, 0xc0, 0x00, 0x00, 0x05, 0x20,
    0x00, 0x00, 0x08, 0xec, 0x00, 0x04, 0x10, 0xf4, 0x01, 0x40, 0x00, 0x01, 0x00, 0x00, 0x00, 0x00,
    0x01, 0x97, 0x88, 0xc0, 0x00, 0x00, 0x05, 0x20, 0x00, 0x00, 0x08, 0xec, 0x00, 0x04, 0x10, 0xf4,
    0x01, 0x40, 0x00, 0x01, 0x00, 0x00, 0x00, 0x00, 0x01, 0x97, 0x88, 0xc0, 0x00, 0x00, 0x05, 0x20,
    0x00, 0x00, 0x08, 0xec, 0x00, 0x04, 0x10, 0xf4, 0x01, 0x40, 0x00, 0x01, 0x00, 0x00, 0x00, 0x00,
    0x01, 0x97, 0x88, 0xc0, 0x00, 0x00, 0x05, 0x20, 0x00, 0x00, 0x08, 0xec, 0x00, 0x04, 0x10, 0xf4,
    0x01, 0x40, 0x00, 0x01, 0x00, 0x00, 0x00, 0x00, 0x01, 0x97, 0x88, 0xc0, 0x00, 0x00, 0x05, 0x20,
    0x00, 0x00, 0x08, 0xec, 0x00, 0x04, 0x10, 0xf4, 0x01, 0x40, 0x00, 0x01, 0x00, 0x00, 0x00, 0x00,
    0x01, 0x97, 0x88, 0xc0, 0x00, 0x00, 0x05, 0x20, 0x00, 0x00, 0x08, 0xec, 0x00, 0x04, 0x10, 0xf4,
    0x01, 0x40, 0x00, 0x01, 0x00, 0x00, 0x00, 0x00, 0x01, 0x97, 0x88, 0xc0, 0x00, 0x00, 0x05, 0x20,
    0x00, 0x00, 0x08, 0xec, 0x00, 0x04, 0x10, 0xf4, 0x01, 0x40, 0x00, 0x01, 0x00, 0x00, 0x00, 0x00,
    0x01, 0x97, 0x8d, 0xe0, 0x00, 0x00, 0xa0, 0xb8, 0x00, 0x01, 0x19, 0x3a, 0x00, 0x04, 0x13, 0xc4,
    0x6e, 0x40, 0x00, 0x01, 0x00, 0x00, 0x00, 0x00, 0x01, 0x98, 0x2e, 0xa0, 0x00, 0x00, 0xb7, 0x48,
    0x00, 0x01, 0x40, 0xba, 0x00, 0x04, 0x13, 0xec, 0x7f, 0x40, 0x00, 0x01, 0x00, 0x00, 0x00, 0x00,
    0x01, 0x98, 0xe6, 0x00, 0x00, 0x00, 0x8d, 0x58, 0x00, 0x00, 0xf7, 0x59, 0x00, 0x04, 0x14, 0x14,
    0x70, 0x40, 0x00, 0x01, 0x00, 0x00, 0x00, 0x00, 0x01, 0x99, 0x73, 0x60, 0x00, 0x00, 0xd2, 0x70,
    0x00, 0x01, 0x70, 0x40, 0x00, 0x04, 0x14, 0x3c, 0x5a, 0x40, 0x00, 0x01, 0x00, 0x00, 0x00, 0x00,
    0x01, 0x9a, 0x45, 0xe0, 0x00, 0x00, 0x06, 0x98, 0x00, 0x00, 0x0b, 0x80, 0x00, 0x04, 0x14, 0x64,
    0x6e, 0x40, 0x00, 0x01, 0x00, 0x00, 0x00, 0x00, 0x01, 0x9a, 0x4c, 0x80, 0x00, 0x00, 0x44, 0xd8,
    0x00, 0x00, 0x78, 0x74, 0x00, 0x04, 0x14, 0x8c, 0x5a, 0x40, 0x00, 0x01, 0x00, 0x00, 0x00, 0x00,
    0x01, 0x9a, 0x91, 0x60, 0x00, 0x00, 0x05, 0x20, 0x00, 0x00, 0x08, 0xec, 0x00, 0x04, 0x14, 0xb4,
    0x01, 0x40, 0x00, 0x01, 0x00, 0x00, 0x00, 0x00, 0x01, 0x9a, 0x91, 0x60, 0x00, 0x00, 0x05, 0x20,
    0x00, 0x00, 0x08, 0xec, 0x00, 0x04, 0x14, 0xb4, 0x01, 0x40, 0x00, 0x01, 0x00, 0x00, 0x00, 0x00,
    0x01, 0x9a, 0x91, 0x60, 0x00, 0x00, 0x05, 0x20, 0x00, 0x00, 0x08, 0xec, 0x00, 0x04, 0x14, 0xb4,
    0x01, 0x40, 0x00, 0x01, 0x00, 0x00, 0x00, 0x00, 0x01, 0x9a, 0x91, 0x60, 0x00, 0x00, 0x05, 0x20,
    0x00, 0x00, 0x08, 0xec, 0x00, 0x04, 0x14, 0xb4, 0x01, 0x40, 0x00, 0x01, 0x00, 0x00, 0x00, 0x00,
    0x00, 0x00, 0x00, 0x00, 0x00, 0x00, 0x00, 0x00, 0x00, 0x00, 0x00, 0x00, 0x00, 0x00, 0x00, 0x00,
    0x00, 0x40, 0x00, 0x00, 0x00, 0x00, 0x00, 0x00, 0x01, 0xa1, 0x21, 0x40, 0x00, 0x00, 0x10, 0x48,
    0x00, 0x00, 0x1c, 0x7c, 0x00, 0x04, 0x19, 0xf4, 0x64, 0x40, 0x00, 0x01, 0x00, 0x00, 0x00, 0x00,
    0x01, 0x9a, 0x96, 0x80, 0x00, 0x01, 0xe8, 0x98, 0x00, 0x03, 0x57, 0x00, 0x00, 0x04, 0x19, 0x04,
    0x40, 0x40, 0x00, 0x01, 0x00, 0x00, 0x00, 0x00, 0x00, 0x00, 0x00, 0x00, 0x00, 0x00, 0x00, 0x00,
    0x00, 0x00, 0x00, 0x00, 0x00, 0x00, 0x00, 0x00, 0x00, 0x40, 0x00, 0x00, 0x00, 0x00, 0x00, 0x00,
    0x01, 0xa1, 0xfa, 0x20, 0x00, 0x00, 0x44, 0x40, 0x00, 0x00, 0x77, 0x66, 0x00, 0x04, 0x1a, 0x44,
    0x64, 0x40, 0x00, 0x01, 0x00, 0x00, 0x00, 0x00, 0x01, 0xa2, 0x3e, 0x60, 0x00, 0x00, 0x56, 0xb8,
    0x00, 0x00, 0x97, 0xc0, 0x00, 0x04, 0x1a, 0x6c, 0x78, 0x40, 0x00, 0x01, 0x00, 0x00, 0x00, 0x00,
    0x01, 0x9c, 0x7f, 0x20, 0x00, 0x00, 0x90, 0x60, 0x00, 0x00, 0xfc, 0xa8, 0x00, 0x04, 0x19, 0x2c,
    0x30, 0x40, 0x00, 0x01, 0x00, 0x00, 0x00, 0x00, 0x01, 0xa2, 0x95, 0x20, 0x00, 0x00, 0x05, 0x20,
    0x00, 0x00, 0x08, 0xec, 0x00, 0x04, 0x1a, 0x94, 0x01, 0x40, 0x00, 0x01, 0x00, 0x00, 0x00, 0x00,
    0x01, 0xa2, 0x95, 0x20, 0x00, 0x00, 0x05, 0x20, 0x00, 0x00, 0x08, 0xec, 0x00, 0x04, 0x1a, 0x94,
    0x01, 0x40, 0x00, 0x01, 0x00, 0x00, 0x00, 0x00, 0x01, 0xa2, 0x95, 0x20, 0x00, 0x00, 0x05, 0x20,
    0x00, 0x00, 0x08, 0xec, 0x00, 0x04, 0x1a, 0x94, 0x01, 0x40, 0x00, 0x01, 0x00, 0x00, 0x00, 0x00,
    0x01, 0xa2, 0x95, 0x20, 0x00, 0x00, 0x05, 0x20, 0x00, 0x00, 0x08, 0xec, 0x00, 0x04, 0x1a, 0x94,
    0x01, 0x40, 0x00, 0x01, 0x00, 0x00, 0x00, 0x00, 0x01, 0xa2, 0x95, 0x20, 0x00, 0x00, 0x05, 0x20,
    0x00, 0x00, 0x08, 0xec, 0x00, 0x04, 0x1a, 0x94, 0x01, 0x40, 0x00, 0x01, 0x00, 0x00, 0x00, 0x00,
    0x01, 0xa2, 0x95, 0x20, 0x00, 0x00, 0x05, 0x20, 0x00, 0x00, 0x08, 0xec, 0x00, 0x04, 0x1a, 0x94,
    0x01, 0x40, 0x00, 0x01, 0x00, 0x00, 0x00, 0x00, 0x01, 0xa2, 0x95, 0x20, 0x00, 0x00, 0x05, 0x20,
    0x00, 0x00, 0x08, 0xec, 0x00, 0x04, 0x1a, 0x94, 0x01, 0x40, 0x00, 0x01, 0x00, 0x00, 0x00, 0x00,
    0x01, 0xa2, 0x95, 0x20, 0x00, 0x00, 0x05, 0x20, 0x00, 0x00, 0x08, 0xec, 0x00, 0x04, 0x1a, 0x94,
    0x01, 0x40, 0x00, 0x01, 0x00, 0x00, 0x00, 0x00, 0x01, 0xa2, 0x95, 0x20, 0x00, 0x00, 0x05, 0x20,
    0x00, 0x00, 0x08, 0xec, 0x00, 0x04, 0x1a, 0x94, 0x01, 0x40, 0x00, 0x01, 0x00, 0x00, 0x00, 0x00,
    0x01, 0xa2, 0x9a, 0x40, 0x00, 0x00, 0x23, 0x10, 0x00, 0x00, 0x3d, 0x59, 0x00, 0x04, 0x20, 0x64,
    0x64, 0x40, 0x00, 0x01, 0x00, 0x00, 0x00, 0x00, 0x01, 0xa2, 0xbd, 0x60, 0x00, 0x00, 0x0a, 0x10,
    0x00, 0x00, 0x11, 0x9b, 0x00, 0x04, 0x20, 0x8c, 0x5e, 0x40, 0x00, 0x01, 0x00, 0x00, 0x00, 0x00,
    0x01, 0xa2, 0xc7, 0x80, 0x00, 0x00, 0x0d, 0xb8, 0x00, 0x00, 0x17, 0xfb, 0x00, 0x04, 0x20, 0xb4,
    0x5e, 0x40, 0x00, 0x01, 0x00, 0x00, 0x00, 0x00, 0x01, 0xa2, 0xd5, 0x40, 0x00, 0x00, 0x0d, 0x28,
    0x00, 0x00, 0x17, 0x00, 0x00, 0x04, 0x20, 0xdc, 0x64, 0x40, 0x00, 0x01, 0x00, 0x00, 0x00, 0x00,
    0x01, 0xa2, 0xe2, 0x80, 0x00, 0x00, 0x0d, 0x20, 0x00, 0x00, 0x16, 0xf3, 0x00, 0x04, 0x21, 0x04,
    0x64, 0x40, 0x00, 0x01, 0x00, 0x00, 0x00, 0x00, 0x01, 0xa2, 0xef, 0xa0, 0x00, 0x00, 0x11, 0xb0,
    0x00, 0x00, 0x1e, 0xef, 0x00, 0x04, 0x21, 0x2c, 0x64, 0x40, 0x00, 0x01, 0x00, 0x00, 0x00, 0x00,
    0x01, 0xa2, 0xef, 0xa0, 0x00, 0x00, 0x11, 0xb0, 0x00, 0x00, 0x1e, 0xef, 0x00, 0x04, 0x21, 0x2c,
    0x64, 0x40, 0x00, 0x01, 0x00, 0x00, 0x00, 0x00, 0x01, 0xa3, 0x01, 0x60, 0x00, 0x00, 0x05, 0x20,
    0x00, 0x00, 0x08, 0xec, 0x00, 0x04, 0x21, 0x54, 0x01, 0x40, 0x00, 0x01, 0x00, 0x00, 0x00, 0x00,
    0x01, 0xa3, 0x01, 0x60, 0x00, 0x00, 0x05, 0x20, 0x00, 0x00, 0x08, 0xec, 0x00, 0x04, 0x21, 0x54,
    0x01, 0x40, 0x00, 0x01, 0x00, 0x00, 0x00, 0x00, 0x01, 0xa3, 0x01, 0x60, 0x00, 0x00, 0x05, 0x20,
    0x00, 0x00, 0x08, 0xec, 0x00, 0x04, 0x21, 0x54, 0x01, 0x40, 0x00, 0x01, 0x00, 0x00, 0x00, 0x00,
    0x01, 0xa3, 0x01, 0x60, 0x00, 0x00, 0x05, 0x20, 0x00, 0x00, 0x08, 0xec, 0x00, 0x04, 0x21, 0x54,
    0x01, 0x40, 0x00, 0x01, 0x00, 0x00, 0x00, 0x00, 0x01, 0xa3, 0x01, 0x60, 0x00, 0x00, 0x05, 0x20,
    0x00, 0x00, 0x08, 0xec, 0x00, 0x04, 0x21, 0x54, 0x01, 0x40, 0x00, 0x01, 0x00, 0x00, 0x00, 0x00,
    0x01, 0xa3, 0x01, 0x60, 0x00, 0x00, 0x05, 0x20, 0x00, 0x00, 0x08, 0xec, 0x00, 0x04, 0x21, 0x54,
    0x01, 0x40, 0x00, 0x01, 0x00, 0x00, 0x00, 0x00, 0x01, 0xa3, 0x01, 0x60, 0x00, 0x00, 0x05, 0x20,
    0x00, 0x00, 0x08, 0xec, 0x00, 0x04, 0x21, 0x54, 0x01, 0x40, 0x00, 0x01, 0x00, 0x00, 0x00, 0x00,
    0x01, 0xa3, 0x01, 0x60, 0x00, 0x00, 0x05, 0x20, 0x00, 0x00, 0x08, 0xec, 0x00, 0x04, 0x21, 0x54,
    0x01, 0x40, 0x00, 0x01, 0x00, 0x00, 0x00, 0x00, 0x01, 0xa3, 0x01, 0x60, 0x00, 0x00, 0x05, 0x20,
    0x00, 0x00, 0x08, 0xec, 0x00, 0x04, 0x21, 0x54, 0x01, 0x40, 0x00, 0x01, 0x00, 0x00, 0x00, 0x00,
    0x01, 0xa3, 0x06, 0x80, 0x00, 0x00, 0x05, 0x20, 0x00, 0x00, 0x08, 0xec, 0x00, 0x04, 0x24, 0xc4,
    0x01, 0x40, 0x00, 0x01, 0x00, 0x00, 0x00, 0x00, 0x01, 0xa3, 0x06, 0x80, 0x00, 0x00, 0x05, 0x20,
    0x00, 0x00, 0x08, 0xec, 0x00, 0x04, 0x24, 0xc4, 0x01, 0x40, 0x00, 0x01, 0x00, 0x00, 0x00, 0x00,
    0x01, 0xa3, 0x06, 0x80, 0x00, 0x00, 0x05, 0x20, 0x00, 0x00, 0x08, 0xec, 0x00, 0x04, 0x24, 0xc4,
    0x01, 0x40, 0x00, 0x01, 0x00, 0x00, 0x00, 0x00, 0x01, 0xa3, 0x06, 0x80, 0x00, 0x00, 0x05, 0x20,
    0x00, 0x00, 0x08, 0xec, 0x00, 0x04, 0x24, 0xc4, 0x01, 0x40, 0x00, 0x01, 0x00, 0x00, 0x00, 0x00,
    0x01, 0xa3, 0x06, 0x80, 0x00, 0x00, 0x05, 0x20, 0x00, 0x00, 0x08, 0xec, 0x00, 0x04, 0x24, 0xc4,
    0x01, 0x40, 0x00, 0x01, 0x00, 0x00, 0x00, 0x00, 0x01, 0xa3, 0x06, 0x80, 0x00, 0x00, 0x05, 0x20,
    0x00, 0x00, 0x08, 0xec, 0x00, 0x04, 0x24, 0xc4, 0x01, 0x40, 0x00, 0x01, 0x00, 0x00, 0x00, 0x00,
    0x01, 0xa3, 0x06, 0x80, 0x00, 0x00, 0x05, 0x20, 0x00, 0x00, 0x08, 0xec, 0x00, 0x04, 0x24, 0xc4,
    0x01, 0x40, 0x00, 0x01, 0x00, 0x00, 0x00, 0x00, 0x01, 0xa3, 0x06, 0x80, 0x00, 0x00, 0x05, 0x20,
    0x00, 0x00, 0x08, 0xec, 0x00, 0x04, 0x24, 0xc4, 0x01, 0x40, 0x00, 0x01, 0x00, 0x00, 0x00, 0x00,
    0x01, 0xa3, 0x06, 0x80, 0x00, 0x00, 0x05, 0x20, 0x00, 0x00, 0x08, 0xec, 0x00, 0x04, 0x24, 0xc4,
    0x01, 0x40, 0x00, 0x01, 0x00, 0x00, 0x00, 0x00, 0x01, 0xa3, 0x06, 0x80, 0x00, 0x00, 0x05, 0x20,
    0x00, 0x00, 0x08, 0xec, 0x00, 0x04, 0x24, 0xc4, 0x01, 0x40, 0x00, 0x01, 0x00, 0x00, 0x00, 0x00,
    0x01, 0xa3, 0x06, 0x80, 0x00, 0x00, 0x05, 0x20, 0x00, 0x00, 0x08, 0xec, 0x00, 0x04, 0x24, 0xc4,
    0x01, 0x40, 0x00, 0x01, 0x00, 0x00, 0x00, 0x00, 0x01, 0xa3, 0x06, 0x80, 0x00, 0x00, 0x05, 0x20,
    0x00, 0x00, 0x08, 0xec, 0x00, 0x04, 0x24, 0xc4, 0x01, 0x40, 0x00, 0x01, 0x00, 0x00, 0x00, 0x00,
    0x01, 0xa3, 0x06, 0x80, 0x00, 0x00, 0x05, 0x20, 0x00, 0x00, 0x08, 0xec, 0x00, 0x04, 0x24, 0xc4,
    0x01, 0x40, 0x00, 0x01, 0x00, 0x00, 0x00, 0x00, 0x01, 0xa3, 0x06, 0x80, 0x00, 0x00, 0x05, 0x20,
    0x00, 0x00, 0x08, 0xec, 0x00, 0x04, 0x24, 0xc4, 0x01, 0x40, 0x00, 0x01, 0x00, 0x00, 0x00, 0x00,
    0x01, 0xa3, 0x06, 0x80, 0x00, 0x00, 0x05, 0x20, 0x00, 0x00, 0x08, 0xec, 0x00, 0x04, 0x24, 0xc4,
    0x01, 0x40, 0x00, 0x01, 0x00, 0x00, 0x00, 0x00, 0x01, 0xa3, 0x06, 0x80, 0x00, 0x00, 0x05, 0x20,
    0x00, 0x00, 0x08, 0xec, 0x00, 0x04, 0x24, 0xc4, 0x01, 0x40, 0x00, 0x01, 0x00, 0x00, 0x00, 0x00,
    0x01, 0xa3, 0x0b, 0xa0, 0x00, 0x00, 0x05, 0x20, 0x00, 0x00, 0x08, 0xec, 0x00, 0x04, 0x26, 0x84,
    0x01, 0x40, 0x00, 0x01, 0x00, 0x00, 0x00, 0x00, 0x01, 0xa3, 0x0b, 0xa0, 0x00, 0x00, 0x05, 0x20,
    0x00, 0x00, 0x08, 0xec, 0x00, 0x04, 0x26, 0x84, 0x01, 0x40, 0x00, 0x01, 0x00, 0x00, 0x00, 0x00,
    0x01, 0xa3, 0x0b, 0xa0, 0x00, 0x00, 0x05, 0x20, 0x00, 0x00, 0x08, 0xec, 0x00, 0x04, 0x26, 0x84,
    0x01, 0x40, 0x00, 0x01, 0x00, 0x00, 0x00, 0x00, 0x01, 0xa3, 0x0b, 0xa0, 0x00, 0x00, 0x05, 0x20,
    0x00, 0x00, 0x08, 0xec, 0x00, 0x04, 0x26, 0x84, 0x01, 0x40, 0x00, 0x01, 0x00, 0x00, 0x00, 0x00,
    0x01, 0xa3, 0x0b, 0xa0, 0x00, 0x00, 0x05, 0x20, 0x00, 0x00, 0x08, 0xec, 0x00, 0x04, 0x26, 0x84,
    0x01, 0x40, 0x00, 0x01, 0x00, 0x00, 0x00, 0x00, 0x01, 0xa3, 0x0b, 0xa0, 0x00, 0x00, 0x05, 0x20,
    0x00, 0x00, 0x08, 0xec, 0x00, 0x04, 0x26, 0x84, 0x01, 0x40, 0x00, 0x01, 0x00, 0x00, 0x00, 0x00,
    0x01, 0xa3, 0x0b, 0xa0, 0x00, 0x00, 0x05, 0x20, 0x00, 0x00, 0x08, 0xec, 0x00, 0x04, 0x26, 0x84,
    0x01, 0x40, 0x00, 0x01, 0x00, 0x00, 0x00, 0x00, 0x01, 0xa3, 0x0b, 0xa0, 0x00, 0x00, 0x05, 0x20,
    0x00, 0x00, 0x08, 0xec, 0x00, 0x04, 0x26, 0x84, 0x01, 0x40, 0x00, 0x01, 0x00, 0x00, 0x00, 0x00,
    0x01, 0xa3, 0x0b, 0xa0, 0x00, 0x00, 0x05, 0x20, 0x00, 0x00, 0x08, 0xec, 0x00, 0x04, 0x26, 0x84,
    0x01, 0x40, 0x00, 0x01, 0x00, 0x00, 0x00, 0x00, 0x01, 0xa3, 0x0b, 0xa0, 0x00, 0x00, 0x05, 0x20,
    0x00, 0x00, 0x08, 0xec, 0x00, 0x04, 0x26, 0x84, 0x01, 0x40, 0x00, 0x01, 0x00, 0x00, 0x00, 0x00,
    0x01, 0xa3, 0x0b, 0xa0, 0x00, 0x00, 0x05, 0x20, 0x00, 0x00, 0x08, 0xec, 0x00, 0x04, 0x26, 0x84,
    0x01, 0x40, 0x00, 0x01, 0x00, 0x00, 0x00, 0x00, 0x01, 0xa3, 0x0b, 0xa0, 0x00, 0x00, 0x05, 0x20,
    0x00, 0x00, 0x08, 0xec, 0x00, 0x04, 0x26, 0x84, 0x01, 0x40, 0x00, 0x01, 0x00, 0x00, 0x00, 0x00,
    0x01, 0xa3, 0x0b, 0xa0, 0x00, 0x00, 0x05, 0x20, 0x00, 0x00, 0x08, 0xec, 0x00, 0x04, 0x26, 0x84,
    0x01, 0x40, 0x00, 0x01, 0x00, 0x00, 0x00, 0x00, 0x01, 0xa3, 0x0b, 0xa0, 0x00, 0x00, 0x05, 0x20,
    0x00, 0x00, 0x08, 0xec, 0x00, 0x04, 0x26, 0x84, 0x01, 0x40, 0x00, 0x01, 0x00, 0x00, 0x00, 0x00,
    0x01, 0xa3, 0x0b, 0xa0, 0x00, 0x00, 0x05, 0x20, 0x00, 0x00, 0x08, 0xec, 0x00, 0x04, 0x26, 0x84,
    0x01, 0x40, 0x00, 0x01, 0x00, 0x00, 0x00, 0x00, 0x01, 0xa3, 0x0b, 0xa0, 0x00, 0x00, 0x05, 0x20,
    0x00, 0x00, 0x08, 0xec, 0x00, 0x04, 0x26, 0x84, 0x01, 0x40, 0x00, 0x01, 0x00, 0x00, 0x00, 0x00,
    0x01, 0xa3, 0x10, 0xc0, 0x00, 0x00, 0x05, 0x20, 0x00, 0x00, 0x08, 0xec, 0x00, 0x04, 0x28, 0x44,
    0x01, 0x40, 0x00, 0x01, 0x00, 0x00, 0x00, 0x00, 0x01, 0xa3, 0x10, 0xc0, 0x00, 0x00, 0x05, 0x20,
    0x00, 0x00, 0x08, 0xec, 0x00, 0x04, 0x28, 0x44, 0x01, 0x40, 0x00, 0x01, 0x00, 0x00, 0x00, 0x00,
    0x01, 0xa3, 0x10, 0xc0, 0x00, 0x00, 0x05, 0x20, 0x00, 0x00, 0x08, 0xec, 0x00, 0x04, 0x28, 0x44,
    0x01, 0x40, 0x00, 0x01, 0x00, 0x00, 0x00, 0x00, 0x01, 0xa3, 0x10, 0xc0, 0x00, 0x00, 0x05, 0x20,
    0x00, 0x00, 0x08, 0xec, 0x00, 0x04, 0x28, 0x44, 0x01, 0x40, 0x00, 0x01, 0x00, 0x00, 0x00, 0x00,
    0x01, 0xa3, 0x10, 0xc0, 0x00, 0x00, 0x05, 0x20, 0x00, 0x00, 0x08, 0xec, 0x00, 0x04, 0x28, 0x44,
    0x01, 0x40, 0x00, 0x01, 0x00, 0x00, 0x00, 0x00, 0x01, 0xa3, 0x10, 0xc0, 0x00, 0x00, 0x05, 0x20,
    0x00, 0x00, 0x08, 0xec, 0x00, 0x04, 0x28, 0x44, 0x01, 0x40, 0x00, 0x01, 0x00, 0x00, 0x00, 0x00,
    0x01, 0xa3, 0x10, 0xc0, 0x00, 0x00, 0x05, 0x20, 0x00, 0x00, 0x08, 0xec, 0x00, 0x04, 0x28, 0x44,
    0x01, 0x40, 0x00, 0x01, 0x00, 0x00, 0x00, 0x00, 0x01, 0xa3, 0x10, 0xc0, 0x00, 0x00, 0x05, 0x20,
    0x00, 0x00, 0x08, 0xec, 0x00, 0x04, 0x28, 0x44, 0x01, 0x40, 0x00, 0x01, 0x00, 0x00, 0x00, 0x00,
    0x01, 0xa3, 0x10, 0xc0, 0x00, 0x00, 0x05, 0x20, 0x00, 0x00, 0x08, 0xec, 0x00, 0x04, 0x28, 0x44,
    0x01, 0x40, 0x00, 0x01, 0x00, 0x00, 0x00, 0x00, 0x01, 0xa3, 0x10, 0xc0, 0x00, 0x00, 0x05, 0x20,
    0x00, 0x00, 0x08, 0xec, 0x00, 0x04, 0x28, 0x44, 0x01, 0x40, 0x00, 0x01, 0x00, 0x00, 0x00, 0x00,
    0x01, 0xa3, 0x10, 0xc0, 0x00, 0x00, 0x05, 0x20, 0x00, 0x00, 0x08, 0xec, 0x00, 0x04, 0x28, 0x44,
    0x01, 0x40, 0x00, 0x01, 0x00, 0x00, 0x00, 0x00, 0x01, 0xa3, 0x10, 0xc0, 0x00, 0x00, 0x05, 0x20,
    0x00, 0x00, 0x08, 0xec, 0x00, 0x04, 0x28, 0x44, 0x01, 0x40, 0x00, 0x01, 0x00, 0x00, 0x00, 0x00,
    0x01, 0xa3, 0x10, 0xc0, 0x00, 0x00, 0x05, 0x20, 0x00, 0x00, 0x08, 0xec, 0x00, 0x04, 0x28, 0x44,
    0x01, 0x40, 0x00, 0x01, 0x00, 0x00, 0x00, 0x00, 0x01, 0xa3, 0x10, 0xc0, 0x00, 0x00, 0x05, 0x20,
    0x00, 0x00, 0x08, 0xec, 0x00, 0x04, 0x28, 0x44, 0x01, 0x40, 0x00, 0x01, 0x00, 0x00, 0x00, 0x00,
    0x01, 0xa3, 0x10, 0xc0, 0x00, 0x00, 0x05, 0x20, 0x00, 0x00, 0x08, 0xec, 0x00, 0x04, 0x28, 0x44,
    0x01, 0x40, 0x00, 0x01, 0x00, 0x00, 0x00, 0x00, 0x01, 0xa3, 0x10, 0xc0, 0x00, 0x00, 0x05, 0x20,
    0x00, 0x00, 0x08, 0xec, 0x00, 0x04, 0x28, 0x44, 0x01, 0x40, 0x00, 0x01, 0x00, 0x00, 0x00, 0x00,
    0x01, 0xa3, 0x15, 0xe0, 0x00, 0x00, 0x13, 0x70, 0x00, 0x00, 0x21, 0xf7, 0x00, 0x04, 0x2a, 0x84,
    0x64, 0x40, 0x00, 0x01, 0x00, 0x00, 0x00, 0x00, 0x01, 0xa3, 0x29, 0x60, 0x00, 0x00, 0x73, 0xa0,
    0x00, 0x00, 0xca, 0x56, 0x00, 0x04, 0x2a, 0xac, 0x76, 0x40, 0x00, 0x01, 0x00, 0x00, 0x00, 0x00,
    0x01, 0xa3, 0x9d, 0x00, 0x00, 0x00, 0x94, 0x00, 0x00, 0x01, 0x03, 0x00, 0x00, 0x04, 0x2a, 0xd4,
    0x7f, 0x40, 0x00, 0x01, 0x00, 0x00, 0x00, 0x00, 0x01, 0xa4, 0x31, 0x00, 0x00, 0x01, 0x80, 0xc0,
    0x00, 0x02, 0xa1, 0x43, 0x00, 0x04, 0x2a, 0xfc, 0x64, 0x40, 0x00, 0x01, 0x00, 0x00, 0x00, 0x00,
    0x01, 0xa5, 0xb1, 0xc0, 0x00, 0x00, 0x05, 0x20, 0x00, 0x00, 0x08, 0xec, 0x00, 0x04, 0x2b, 0x24,
    0x01, 0x40, 0x00, 0x01, 0x00, 0x00, 0x00, 0x00, 0x01, 0xa5, 0xb1, 0xc0, 0x00, 0x00, 0x05, 0x20,
    0x00, 0x00, 0x08, 0xec, 0x00, 0x04, 0x2b, 0x24, 0x01, 0x40, 0x00, 0x01, 0x00, 0x00, 0x00, 0x00,
    0x01, 0xa5, 0xb1, 0xc0, 0x00, 0x00, 0x05, 0x20, 0x00, 0x00, 0x08, 0xec, 0x00, 0x04, 0x2b, 0x24,
    0x01, 0x40, 0x00, 0x01, 0x00, 0x00, 0x00, 0x00, 0x01, 0xa5, 0xb1, 0xc0, 0x00, 0x00, 0x05, 0x20,
    0x00, 0x00, 0x08, 0xec, 0x00, 0x04, 0x2b, 0x24, 0x01, 0x40, 0x00, 0x01, 0x00, 0x00, 0x00, 0x00,
    0x01, 0xa5, 0xb1, 0xc0, 0x00, 0x00, 0x05, 0x20, 0x00, 0x00, 0x08, 0xec, 0x00, 0x04, 0x2b, 0x24,
    0x01, 0x40, 0x00, 0x01, 0x00, 0x00, 0x00, 0x00, 0x01, 0xa5, 0xb1, 0xc0, 0x00, 0x00, 0x05, 0x20,
    0x00, 0x00, 0x08, 0xec, 0x00, 0x04, 0x2b, 0x24, 0x01, 0x40, 0x00, 0x01, 0x00, 0x00, 0x00, 0x00,
    0x01, 0xa5, 0xb1, 0xc0, 0x00, 0x00, 0x05, 0x20, 0x00, 0x00, 0x08, 0xec, 0x00, 0x04, 0x2b, 0x24,
    0x01, 0x40, 0x00, 0x01, 0x00, 0x00, 0x00, 0x00, 0x01, 0xa5, 0xb1, 0xc0, 0x00, 0x00, 0x05, 0x20,
    0x00, 0x00, 0x08, 0xec, 0x00, 0x04, 0x2b, 0x24, 0x01, 0x40, 0x00, 0x01, 0x00, 0x00, 0x00, 0x00,
    0x01, 0xa5, 0xb1, 0xc0, 0x00, 0x00, 0x05, 0x20, 0x00, 0x00, 0x08, 0xec, 0x00, 0x04, 0x2b, 0x24,
    0x01, 0x40, 0x00, 0x01, 0x00, 0x00, 0x00, 0x00, 0x01, 0xa5, 0xb1, 0xc0, 0x00, 0x00, 0x05, 0x20,
    0x00, 0x00, 0x08, 0xec, 0x00, 0x04, 0x2b, 0x24, 0x01, 0x40, 0x00, 0x01, 0x00, 0x00, 0x00, 0x00,
    0x01, 0xa5, 0xb1, 0xc0, 0x00, 0x00, 0x05, 0x20, 0x00, 0x00, 0x08, 0xec, 0x00, 0x04, 0x2b, 0x24,
    0x01, 0x40, 0x00, 0x01, 0x00, 0x00, 0x00, 0x00, 0x01, 0xa5, 0xb1, 0xc0, 0x00, 0x00, 0x05, 0x20,
    0x00, 0x00, 0x08, 0xec, 0x00, 0x04, 0x2b, 0x24, 0x01, 0x40, 0x00, 0x01, 0x00, 0x00, 0x00, 0x00,
    0x01, 0xa5, 0xb6, 0xe0, 0x00, 0x00, 0x49, 0x78, 0x00, 0x00, 0x80, 0x85, 0x00, 0x04, 0x36, 0xe4,
    0x64, 0x40, 0x00, 0x01, 0x00, 0x00, 0x00, 0x00, 0x01, 0xa6, 0x00, 0x60, 0x00, 0x00, 0x43, 0x40,
    0x00, 0x00, 0x75, 0xa4, 0x00, 0x04, 0x37, 0x0c, 0x64, 0x40, 0x00, 0x01, 0x00, 0x00, 0x00, 0x00,
    0x01, 0xa6, 0x43, 0xa0, 0x00, 0x00, 0x1e, 0xb8, 0x00, 0x00, 0x35, 0xc0, 0x00, 0x04, 0x37, 0x34,
    0x5a, 0x40, 0x00, 0x01, 0x00, 0x00, 0x00, 0x00, 0x01, 0xa6, 0x62, 0x60, 0x00, 0x00, 0x42, 0x70,
    0x00, 0x00, 0x74, 0x40, 0x00, 0x04, 0x37, 0x5c, 0x64, 0x40, 0x00, 0x01, 0x00, 0x00, 0x00, 0x00,
    0x01, 0xa6, 0xa4, 0xe0, 0x00, 0x00, 0x54, 0x10, 0x00, 0x00, 0x93, 0x17, 0x00, 0x04, 0x37, 0x84,
    0x64, 0x40, 0x00, 0x01, 0x00, 0x00, 0x00, 0x00, 0x01, 0xa6, 0xf9, 0x00, 0x00, 0x00, 0x1c, 0x10,
    0x00, 0x00, 0x31, 0x1a, 0x00, 0x04, 0x37, 0xac, 0x64, 0x40, 0x00, 0x01, 0x00, 0x00, 0x00, 0x00,
    0x01, 0xa7, 0x15, 0x20, 0x00, 0x00, 0x3a, 0x90, 0x00, 0x00, 0x66, 0x77, 0x00, 0x04, 0x37, 0xd4,
    0x6e, 0x40, 0x00, 0x01, 0x00, 0x00, 0x00, 0x00, 0x01, 0xa7, 0x4f, 0xc0, 0x00, 0x00, 0x1c, 0x68,
    0x00, 0x00, 0x31, 0xaa, 0x00, 0x04, 0x37, 0xfc, 0x64, 0x40, 0x00, 0x01, 0x00, 0x00, 0x00, 0x00,
    0x01, 0xa7, 0x6c, 0x40, 0x00, 0x00, 0x3b, 0xb8, 0x00, 0x00, 0x68, 0x77, 0x00, 0x04, 0x38, 0x24,
    0x71, 0x40, 0x00, 0x01, 0x00, 0x00, 0x00, 0x00, 0x01, 0xa7, 0xa8, 0x00, 0x00, 0x00, 0x55, 0xe8,
    0x00, 0x00, 0x96, 0x52, 0x00, 0x04, 0x38, 0x4c, 0x64, 0x40, 0x00, 0x01, 0x00, 0x00, 0x00, 0x00,
    0x01, 0xa7, 0xfe, 0x00, 0x00, 0x00, 0x1a, 0x68, 0x00, 0x00, 0x2e, 0x31, 0x00, 0x04, 0x38, 0x74,
    0x5d, 0x40, 0x00, 0x01, 0x00, 0x00, 0x00, 0x00, 0x01, 0xa8, 0x18, 0x80, 0x00, 0x00, 0x2a, 0xb8,
    0x00, 0x00, 0x4a, 0xb6, 0x00, 0x04, 0x38, 0x9c, 0x64, 0x40, 0x00, 0x01, 0x00, 0x00, 0x00, 0x00,
    0x01, 0xa8, 0x43, 0x40, 0x00, 0x00, 0x2b, 0x48, 0x00, 0x00, 0x4b, 0xb7, 0x00, 0x04, 0x38, 0xc4,
    0x64, 0x40, 0x00, 0x01, 0x00, 0x00, 0x00, 0x00, 0x01, 0xa8, 0x6e, 0xa0, 0x00, 0x00, 0x3f, 0x60,
    0x00, 0x00, 0x6e, 0xdc, 0x00, 0x04, 0x38, 0xec, 0x64, 0x40, 0x00, 0x01, 0x00, 0x00, 0x00, 0x00,
    0x01, 0xa8, 0xae, 0x00, 0x00, 0x00, 0x16, 0x18, 0x00, 0x00, 0x26, 0x9f, 0x00, 0x04, 0x39, 0x14,
    0x64, 0x40, 0x00, 0x01, 0x00, 0x00, 0x00, 0x00, 0x01, 0xa8, 0xc4, 0x20, 0x00, 0x00, 0x30, 0x30,
    0x00, 0x00, 0x54, 0x51, 0x00, 0x04, 0x39, 0x3c, 0x64, 0x40, 0x00, 0x01, 0x00, 0x00, 0x00, 0x00,
    0x01, 0xa8, 0xf4, 0x60, 0x00, 0x00, 0x16, 0x18, 0x00, 0x00, 0x26, 0x9f, 0x00, 0x04, 0x39, 0x64,
    0x64, 0x40, 0x00, 0x01, 0x00, 0x00, 0x00, 0x00, 0x01, 0xa9, 0x0a, 0x80, 0x00, 0x00, 0x55, 0xe0,
    0x00, 0x00, 0x96, 0x44, 0x00, 0x04, 0x39, 0x8c, 0x6a, 0x40, 0x00, 0x01, 0x00, 0x00, 0x00, 0x00,
    0x01, 0xa9, 0x60, 0x60, 0x00, 0x00, 0x4b, 0x70, 0x00, 0x00, 0x84, 0x00, 0x00, 0x04, 0x39, 0xb4,
    0x64, 0x40, 0x00, 0x01, 0x00, 0x00, 0x00, 0x00, 0x01, 0xa9, 0xab, 0xe0, 0x00, 0x00, 0x57, 0x78,
    0x00, 0x00, 0x99, 0x0b, 0x00, 0x04, 0x39, 0xdc, 0x5c, 0x40, 0x00, 0x01, 0x00, 0x00, 0x00, 0x00,
    0x01, 0xaa, 0x03, 0x60, 0x00, 0x00, 0x21, 0x50, 0x00, 0x00, 0x3a, 0x4c, 0x00, 0x04, 0x3a, 0x04,
    0x6a, 0x40, 0x00, 0x01, 0x00, 0x00, 0x00, 0x00, 0x01, 0xaa, 0x24, 0xc0, 0x00, 0x00, 0x25, 0xa0,
    0x00, 0x00, 0x41, 0xcb, 0x00, 0x04, 0x3a, 0x2c, 0x64, 0x40, 0x00, 0x01, 0x00, 0x00, 0x00, 0x00,
    0x01, 0xaa, 0x4a, 0x60, 0x00, 0x00, 0x4b, 0xb8, 0x00, 0x00, 0x84, 0x76, 0x00, 0x04, 0x3a, 0x54,
    0x6d, 0x40, 0x00, 0x01, 0x00, 0x00, 0x00, 0x00, 0x01, 0xaa, 0x96, 0x20, 0x00, 0x00, 0x1a, 0x10,
    0x00, 0x00, 0x2d, 0x95, 0x00, 0x04, 0x3a, 0x7c, 0x5d, 0x40, 0x00, 0x01, 0x00, 0x00, 0x00, 0x00,
    0x01, 0xaa, 0xb0, 0x40, 0x00, 0x00, 0x24, 0x98, 0x00, 0x00, 0x40, 0x00, 0x00, 0x04, 0x3a, 0xa4,
    0x64, 0x40, 0x00, 0x01, 0x00, 0x00, 0x00, 0x00, 0x01, 0xaa, 0xd4, 0xe0, 0x00, 0x00, 0x0c, 0x20,
    0x00, 0x00, 0x15, 0x30, 0x00, 0x04, 0x3a, 0xcc, 0x64, 0x40, 0x00, 0x01, 0x00, 0x00, 0x00, 0x00,
    0x01, 0xaa, 0xe1, 0x00, 0x00, 0x00, 0x6e, 0xb0, 0x00, 0x00, 0xc1, 0xaa, 0x00, 0x04, 0x3a, 0xf4,
    0x70, 0x40, 0x00, 0x01, 0x00, 0x00, 0x00, 0x00, 0x01, 0xab, 0x4f, 0xc0, 0x00, 0x00, 0x4b, 0xe0,
    0x00, 0x00, 0x84, 0xbc, 0x00, 0x04, 0x3b, 0x1c, 0x64, 0x40, 0x00, 0x01, 0x00, 0x00, 0x00, 0x00,
    0x01, 0xab, 0x9b, 0xa0, 0x00, 0x00, 0x64, 0x50, 0x00, 0x00, 0xaf, 0x87, 0x00, 0x04, 0x3b, 0x44,
    0x54, 0x40, 0x00, 0x01, 0x00, 0x00, 0x00, 0x00, 0x01, 0xac, 0x00, 0x00, 0x00, 0x00, 0x1e, 0xa0,
    0x00, 0x00, 0x35, 0x95, 0x00, 0x04, 0x3b, 0x6c, 0x64, 0x40, 0x00, 0x01, 0x00, 0x00, 0x00, 0x00,
    0x01, 0xac, 0x1e, 0xa0, 0x00, 0x00, 0x3a, 0xa8, 0x00, 0x00, 0x66, 0xa2, 0x00, 0x04, 0x3b, 0x94,
    0x64, 0x40, 0x00, 0x01, 0x00, 0x00, 0x00, 0x00, 0x01, 0xac, 0x59, 0x60, 0x00, 0x00, 0x4e, 0x70,
    0x00, 0x00, 0x89, 0x44, 0x00, 0x04, 0x3b, 0xbc, 0x69, 0x40, 0x00, 0x01, 0x00, 0x00, 0x00, 0x00,
    0x01, 0xac, 0xa7, 0xe0, 0x00, 0x00, 0x1b, 0x28, 0x00, 0x00, 0x2f, 0x80, 0x00, 0x04, 0x3b, 0xe4,
    0x64, 0x40, 0x00, 0x01, 0x00, 0x00, 0x00, 0x00, 0x01, 0xac, 0xc3, 0x20, 0x00, 0x00, 0x38, 0x00,
    0x00, 0x00, 0x62, 0x00, 0x00, 0x04, 0x3c, 0x0c, 0x64, 0x40, 0x00, 0x01, 0x00, 0x00, 0x00, 0x00,
    0x01, 0xac, 0xfb, 0x20, 0x00, 0x00, 0x21, 0x40, 0x00, 0x00, 0x3a, 0x2a, 0x00, 0x04, 0x3c, 0x34,
    0x64, 0x40, 0x00, 0x01, 0x00, 0x00, 0x00, 0x00, 0x01, 0xad, 0x1c, 0x60, 0x00, 0x00, 0x3d, 0x40,
    0x00, 0x00, 0x6b, 0x2a, 0x00, 0x04, 0x3c, 0x5c, 0x72, 0x40, 0x00, 0x01, 0x00, 0x00, 0x00, 0x00,
    0x01, 0xad, 0x59, 0xa0, 0x00, 0x00, 0x41, 0x88, 0x00, 0x00, 0x72, 0xaa, 0x00, 0x04, 0x3c, 0x84,
    0x64, 0x40, 0x00, 0x01, 0x00, 0x00, 0x00, 0x00, 0x01, 0xad, 0x9b, 0x40, 0x00, 0x00, 0x3e, 0x18,
    0x00, 0x00, 0x6c, 0xaa, 0x00, 0x04, 0x3c, 0xac, 0x5c, 0x40, 0x00, 0x01, 0x00, 0x00, 0x00, 0x00,
    0x01, 0xad, 0xd9, 0x60, 0x00, 0x00, 0x1a, 0xb0, 0x00, 0x00, 0x2e, 0xaa, 0x00, 0x04, 0x3c, 0xd4,
    0x64, 0x40, 0x00, 0x01, 0x00, 0x00, 0x00, 0x00, 0x01, 0xad, 0xf4, 0x20, 0x00, 0x00, 0x49, 0x08,
    0x00, 0x00, 0x7f, 0xc9, 0x00, 0x04, 0x3c, 0xfc, 0x5c, 0x40, 0x00, 0x01, 0x00, 0x00, 0x00, 0x00,
    0x01, 0xae, 0x3d, 0x40, 0x00, 0x00, 0x40, 0x80, 0x00, 0x00, 0x70, 0xd5, 0x00, 0x04, 0x3d, 0x24,
    0x64, 0x40, 0x00, 0x01, 0x00, 0x00, 0x00, 0x00, 0x01, 0xae, 0x7d, 0xc0, 0x00, 0x00, 0x0e, 0xe0,
    0x00, 0x00, 0x1a, 0x00, 0x00, 0x04, 0x3d, 0x4c, 0x64, 0x40, 0x00, 0x01, 0x00, 0x00, 0x00, 0x00,
    0x01, 0xae, 0x8c, 0xa0, 0x00, 0x00, 0x3f, 0xd0, 0x00, 0x00, 0x6f, 0xaa, 0x00, 0x04, 0x3d, 0x74,
    0x64, 0x40, 0x00, 0x01, 0x00, 0x00, 0x00, 0x00, 0x01, 0xae, 0xcc, 0x80, 0x00, 0x00, 0x11, 0x18,
    0x00, 0x00, 0x1d, 0xea, 0x00, 0x04, 0x3d, 0x9c, 0x64, 0x40, 0x00, 0x01, 0x00, 0x00, 0x00, 0x00,
    0x01, 0xae, 0xdd, 0xa0, 0x00, 0x00, 0x5a, 0xe0, 0x00, 0x00, 0x9f, 0x00, 0x00, 0x04, 0x3d, 0xc4,
    0x6f, 0x40, 0x00, 0x01, 0x00, 0x00, 0x00, 0x00, 0x01, 0xaf, 0x38, 0x80, 0x00, 0x00, 0x44, 0x38,
    0x00, 0x00, 0x77, 0x58, 0x00, 0x04, 0x3d, 0xec, 0x64, 0x40, 0x00, 0x01, 0x00, 0x00, 0x00, 0x00,
    0x01, 0xaf, 0x7c, 0xc0, 0x00, 0x00, 0x69, 0x48, 0x00, 0x00, 0xb8, 0x3b, 0x00, 0x04, 0x3e, 0x14,
    0x64, 0x40, 0x00, 0x01, 0x00, 0x00, 0x00, 0x00, 0x01, 0xaf, 0xe6, 0x20, 0x00, 0x00, 0x1d, 0x70,
    0x00, 0x00, 0x33, 0x7f, 0x00, 0x04, 0x3e, 0x3c, 0x64, 0x40, 0x00, 0x01, 0x00, 0x00, 0x00, 0x00,
    0x01, 0xb0, 0x03, 0xa0, 0x00, 0x00, 0x2a, 0x98, 0x00, 0x00, 0x4a, 0x86, 0x00, 0x04, 0x3e, 0x64,
    0x64, 0x40, 0x00, 0x01, 0x00, 0x00, 0x00, 0x00, 0x01, 0xb0, 0x2e, 0x40, 0x00, 0x00, 0x58, 0x80,
    0x00, 0x00, 0x9a, 0xdb, 0x00, 0x04, 0x3e, 0x8c, 0x64, 0x40, 0x00, 0x01, 0x00, 0x00, 0x00, 0x00,
    0x01, 0xb0, 0x86, 0xc0, 0x00, 0x00, 0x0d, 0x68, 0x00, 0x00, 0x17, 0x6a, 0x00, 0x04, 0x3e, 0xb4,
    0x64, 0x40, 0x00, 0x01, 0x00, 0x00, 0x00, 0x00, 0x01, 0xb0, 0x94, 0x40, 0x00, 0x00, 0x3d, 0x58,
    0x00, 0x00, 0x6b, 0x55, 0x00, 0x04, 0x3e, 0xdc, 0x64, 0x40, 0x00, 0x01, 0x00, 0x00, 0x00, 0x00,
    0x01, 0xb0, 0xd1, 0xa0, 0x00, 0x00, 0x0a, 0xe0, 0x00, 0x00, 0x13, 0x00, 0x00, 0x04, 0x3f, 0x04,
    0x64, 0x40, 0x00, 0x01, 0x00, 0x00, 0x00, 0x00, 0x01, 0xb0, 0xdc, 0x80, 0x00, 0x00, 0x8c, 0x68,
    0x00, 0x00, 0xf5, 0xaa, 0x00, 0x04, 0x3f, 0x2c, 0x64, 0x40, 0x00, 0x01, 0x00, 0x00, 0x00, 0x00,
    0x01, 0xb1, 0x69, 0x00, 0x00, 0x00, 0x4b, 0x90, 0x00, 0x00, 0x84, 0x30, 0x00, 0x04, 0x3f, 0x54,
    0x6e, 0x40, 0x00, 0x01, 0x00, 0x00, 0x00, 0x00, 0x01, 0xb1, 0xb4, 0xa0, 0x00, 0x00, 0x5a, 0x60,
    0x00, 0x00, 0x9e, 0x1f, 0x00, 0x04, 0x3f, 0x7c, 0x62, 0x40, 0x00, 0x01, 0x00, 0x00, 0x00, 0x00,
    0x01, 0xb2, 0x0f, 0x00, 0x00, 0x00, 0x21, 0xe8, 0x00, 0x00, 0x3b, 0x4b, 0x00, 0x04, 0x3f, 0xa4,
    0x67, 0x40, 0x00, 0x01, 0x00, 0x00, 0x00, 0x00, 0x01, 0xb2, 0x31, 0x00, 0x00, 0x00, 0x2b, 0x68,
    0x00, 0x00, 0x4b, 0xf0, 0x00, 0x04, 0x3f, 0xcc, 0x70, 0x40, 0x00, 0x01, 0x00, 0x00, 0x00, 0x00,
    0x01, 0xb2, 0x5c, 0x80, 0x00, 0x00, 0x66, 0xd0, 0x00, 0x00, 0xb3, 0xe1, 0x00, 0x04, 0x3f, 0xf4,
    0x67, 0x40, 0x00, 0x01, 0x00, 0x00, 0x00, 0x00, 0x01, 0xb2, 0xc3, 0x60, 0x00, 0x00, 0x16, 0x18,
    0x00, 0x00, 0x26, 0xa0, 0x00, 0x04, 0x40, 0x1c, 0x70, 0x40, 0x00, 0x01, 0x00, 0x00, 0x00, 0x00,
    0x01, 0xb2, 0xd9, 0x80, 0x00, 0x00, 0x35, 0xe8, 0x00, 0x00, 0x5e, 0x55, 0x00, 0x04, 0x40, 0x44,
    0x6f, 0x40, 0x00, 0x01, 0x00, 0x00, 0x00, 0x00, 0x01, 0xb3, 0x0f, 0x80, 0x00, 0x00, 0x0f, 0x28,
    0x00, 0x00, 0x1a, 0x83, 0x00, 0x04, 0x40, 0x6c, 0x6e, 0x40, 0x00, 0x01, 0x00, 0x00, 0x00, 0x00,
    0x01, 0xb3, 0x1e, 0xc0, 0x00, 0x00, 0xa0, 0x90, 0x00, 0x01, 0x18, 0xfa, 0x00, 0x04, 0x40, 0x94,
    0x75, 0x40, 0x00, 0x01, 0x00, 0x00, 0x00, 0x00, 0x01, 0xb3, 0xbf, 0x60, 0x00, 0x00, 0x35, 0x88,
    0x00, 0x00, 0x5d, 0xa3, 0x00, 0x04, 0x40, 0xbc, 0x64, 0x40, 0x00, 0x01, 0x00, 0x00, 0x00, 0x00,
    0x01, 0xb3, 0xf5, 0x00, 0x00, 0x00, 0x1a, 0x10, 0x00, 0x00, 0x2d, 0x9a, 0x00, 0x04, 0x40, 0xe4,
    0x5e, 0x40, 0x00, 0x01, 0x00, 0x00, 0x00, 0x00, 0x01, 0xb4, 0x0f, 0x20, 0x00, 0x00, 0x22, 0x98,
    0x00, 0x00, 0x3c, 0x84, 0x00, 0x04, 0x41, 0x0c, 0x5d, 0x40, 0x00, 0x01, 0x00, 0x00, 0x00, 0x00,
    0x01, 0xb4, 0x31, 0xc0, 0x00, 0x00, 0x30, 0xe8, 0x00, 0x00, 0x55, 0x96, 0x00, 0x04, 0x41, 0x34,
    0x5e, 0x40, 0x00, 0x01, 0x00, 0x00, 0x00, 0x00, 0x01, 0xb4, 0x62, 0xc0, 0x00, 0x00, 0x27, 0x50,
    0x00, 0x00, 0x44, 0xc0, 0x00, 0x04, 0x41, 0x5c, 0x64, 0x40, 0x00, 0x01, 0x00, 0x00, 0x00, 0x00,
    0x01, 0xb4, 0x8a, 0x20, 0x00, 0x00, 0x1a, 0x10, 0x00, 0x00, 0x2d, 0x9a, 0x00, 0x04, 0x41, 0x84,
    0x64, 0x40, 0x00, 0x01, 0x00, 0x00, 0x00, 0x00, 0x01, 0xb4, 0xa4, 0x40, 0x00, 0x00, 0x2b, 0xc0,
    0x00, 0x00, 0x4c, 0x8b, 0x00, 0x04, 0x41, 0xac, 0x64, 0x40, 0x00, 0x01, 0x00, 0x00, 0x00, 0x00,
    0x01, 0xb4, 0xd0, 0x00, 0x00, 0x00, 0x0d, 0xc8, 0x00, 0x00, 0x18, 0x17, 0x00, 0x04, 0x41, 0xd4,
    0x64, 0x40, 0x00, 0x01, 0x00, 0x00, 0x00, 0x00, 0x01, 0xb4, 0xdd, 0xe0, 0x00, 0x00, 0x35, 0x88,
    0x00, 0x00, 0x5d, 0xa3, 0x00, 0x04, 0x41, 0xfc, 0x70, 0x40, 0x00, 0x01, 0x00, 0x00, 0x00, 0x00,
    0x00, 0x00, 0x00, 0x00, 0x00, 0x00, 0x00, 0x00, 0x00, 0x00, 0x00, 0x00, 0x00, 0x00, 0x00, 0x00,
    0x00, 0x40, 0x00, 0x00, 0x00, 0x00, 0x00, 0x00, 0x01, 0xb5, 0x31, 0x40, 0x00, 0x00, 0x8f, 0x40,
    0x00, 0x00, 0xfa, 0xa8, 0x00, 0x04, 0x60, 0x34, 0x6a, 0x40, 0x00, 0x01, 0x00, 0x00, 0x00, 0x00,
    0x01, 0xb5, 0xc0, 0x80, 0x00, 0x00, 0x04, 0x60, 0x00, 0x00, 0x07, 0xa8, 0x00, 0x04, 0x60, 0x5c,
    0x60, 0x40, 0x00, 0x01, 0x00, 0x00, 0x00, 0x00, 0x00, 0x00, 0x00, 0x00, 0x00, 0x00, 0x00, 0x00,
    0x00, 0x00, 0x00, 0x00, 0x00, 0x00, 0x00, 0x00, 0x00, 0x40, 0x00, 0x00, 0x00, 0x00, 0x00, 0x00,
    0x01, 0xb6, 0x0d, 0x00, 0x00, 0x00, 0x6d, 0x60, 0x00, 0x00, 0xbf, 0x5e, 0x00, 0x04, 0x60, 0xfc,
    0x6a, 0x40, 0x00, 0x01, 0x00, 0x00, 0x00, 0x00, 0x01, 0xb6, 0x7a, 0x60, 0x00, 0x00, 0x6a, 0x60,
    0x00, 0x00, 0xba, 0x1c, 0x00, 0x04, 0x61, 0x24, 0x63, 0x40, 0x00, 0x01, 0x00, 0x00, 0x00, 0x00,
    0x01, 0xb6, 0xe4, 0xc0, 0x00, 0x00, 0x25, 0x28, 0x00, 0x00, 0x40, 0xfe, 0x00, 0x04, 0x61, 0x4c,
    0x6a, 0x40, 0x00, 0x01, 0x00, 0x00, 0x00, 0x00, 0x01, 0xb7, 0x1f, 0x80, 0x00, 0x00, 0x6d, 0xe0,
    0x00, 0x00, 0xc0, 0x42, 0x00, 0x04, 0x61, 0x9c, 0x6a, 0x40, 0x00, 0x01, 0x00, 0x00, 0x00, 0x00,
    0x00, 0x00, 0x00, 0x00, 0x00, 0x00, 0x00, 0x00, 0x00, 0x00, 0x00, 0x00, 0x00, 0x00, 0x00, 0x00,
    0x00, 0x40, 0x00, 0x00, 0x00, 0x00, 0x00, 0x00, 0x01, 0xb7, 0xd4, 0xa0, 0x00, 0x00, 0x4c, 0x98,
    0x00, 0x00, 0x86, 0x02, 0x00, 0x04, 0x62, 0x3c, 0x6a, 0x40, 0x00, 0x01, 0x00, 0x00, 0x00, 0x00,
    0x01, 0xb6, 0x0d, 0x00, 0x00, 0x00, 0x6d, 0x60, 0x00, 0x00, 0xbf, 0x5e, 0x00, 0x04, 0x60, 0xfc,
    0x6a, 0x40, 0x00, 0x01, 0x00, 0x00, 0x00, 0x00, 0x00, 0x00, 0x00, 0x00, 0x00, 0x00, 0x00, 0x00,
    0x00, 0x00, 0x00, 0x00, 0x00, 0x00, 0x00, 0x00, 0x00, 0x40, 0x00, 0x00, 0x00, 0x00, 0x00, 0x00,
    0x01, 0xb8, 0x8a, 0x60, 0x00, 0x00, 0x4f, 0x60, 0x00, 0x00, 0x8a, 0xdf, 0x00, 0x04, 0x62, 0xdc,
    0x50, 0x40, 0x00, 0x01, 0x00, 0x00, 0x00, 0x00, 0x01, 0xb8, 0xd9, 0xc0, 0x00, 0x00, 0x7c, 0x30,
    0x00, 0x00, 0xd9, 0x51, 0x00, 0x04, 0x63, 0x04, 0x6a, 0x40, 0x00, 0x01, 0x00, 0x00, 0x00, 0x00,
    0x00, 0x00, 0x00, 0x00, 0x00, 0x00, 0x00, 0x00, 0x00, 0x00, 0x00, 0x00, 0x00, 0x00, 0x00, 0x00,
    0x00, 0x40, 0x00, 0x00, 0x00, 0x00, 0x00, 0x00, 0x01, 0xb9, 0xcb, 0x00, 0x00, 0x00, 0x36, 0xb0,
    0x00, 0x00, 0x5f, 0xa9, 0x00, 0x04, 0x63, 0x7c, 0x6a, 0x40, 0x00, 0x01, 0x00, 0x00, 0x00, 0x00,
    0x01, 0xb6, 0x0d, 0x00, 0x00, 0x00, 0x6d, 0x60, 0x00, 0x00, 0xbf, 0x5e, 0x00, 0x04, 0x60, 0xfc,
    0x6a, 0x40, 0x00, 0x01, 0x00, 0x00, 0x00, 0x00, 0x01, 0xba, 0x12, 0xa0, 0x00, 0x00, 0x88, 0xd8,
    0x00, 0x00, 0xef, 0x72, 0x00, 0x04, 0x63, 0xcc, 0x6a, 0x40, 0x00, 0x01, 0x00, 0x00, 0x00, 0x00,
    0x01, 0xba, 0x9b, 0x80, 0x00, 0x00, 0x96, 0x48, 0x00, 0x01, 0x06, 0xfe, 0x00, 0x04, 0x63, 0xf4,
    0x6a, 0x40, 0x00, 0x01, 0x00, 0x00, 0x00, 0x00, 0x01, 0xbb, 0x31, 0xe0, 0x00, 0x00, 0x13, 0x00,
    0x00, 0x00, 0x21, 0x38, 0x00, 0x04, 0x64, 0x1c, 0x50, 0x40, 0x00, 0x01, 0x00, 0x00, 0x00, 0x00,
    0x01, 0xbb, 0x44, 0xe0, 0x00, 0x01, 0x0e, 0x18, 0x00, 0x01, 0xd8, 0xa8, 0x00, 0x04, 0x64, 0x44,
    0x6a, 0x40, 0x00, 0x01, 0x00, 0x00, 0x00, 0x00, 0x00, 0x00, 0x00, 0x00, 0x00, 0x00, 0x00, 0x00,
    0x00, 0x00, 0x00, 0x00, 0x00, 0x00, 0x00, 0x00, 0x00, 0x40, 0x00, 0x00, 0x00, 0x00, 0x00, 0x00,
    0x01, 0xb6, 0x0d, 0x00, 0x00, 0x00, 0x6d, 0x60, 0x00, 0x00, 0xbf, 0x5e, 0x00, 0x04, 0x60, 0xfc,
    0x6a, 0x40, 0x00, 0x01, 0x00, 0x00, 0x00, 0x00, 0x01, 0xbc, 0xec, 0x60, 0x00, 0x00, 0x09, 0x38,
    0x00, 0x00, 0x10, 0x1e, 0x00, 0x04, 0x64, 0xe4, 0x6a, 0x40, 0x00, 0x01, 0x00, 0x00, 0x00, 0x00,
    0x00, 0x00, 0x00, 0x00, 0x00, 0x00, 0x00, 0x00, 0x00, 0x00, 0x00, 0x00, 0x00, 0x00, 0x00, 0x00,
    0x00, 0x40, 0x00, 0x00, 0x00, 0x00, 0x00, 0x00, 0x00, 0x00, 0x00, 0x00, 0x00, 0x00, 0x00, 0x00,
    0x00, 0x00, 0x00, 0x00, 0x00, 0x00, 0x00, 0x00, 0x00, 0x40, 0x00, 0x00, 0x00, 0x00, 0x00, 0x00,
    0x00, 0x00, 0x00, 0x00, 0x00, 0x00, 0x00, 0x00, 0x00, 0x00, 0x00, 0x00, 0x00, 0x00, 0x00, 0x00,
    0x00, 0x40, 0x00, 0x00, 0x00, 0x00, 0x00, 0x00, 0x01, 0xb5, 0xd8, 0x60, 0x00, 0x00, 0x22, 0x18,
    0x00, 0x00, 0x3b, 0xa8, 0x00, 0x04, 0x60, 0xac, 0x74, 0x40, 0x00, 0x01, 0x00, 0x00, 0x00, 0x00,
    0x01, 0xb6, 0x0d, 0x00, 0x00, 0x00, 0x6d, 0x60, 0x00, 0x00, 0xbf, 0x5e, 0x00, 0x04, 0x60, 0xfc,
    0x6a, 0x40, 0x00, 0x01, 0x00, 0x00, 0x00, 0x00, 0x01, 0xbd, 0x9b, 0xc0, 0x00, 0x00, 0x8d, 0xe8,
    0x00, 0x00, 0xf8, 0x53, 0x00, 0x04, 0x65, 0xd4, 0x6a, 0x40, 0x00, 0x01, 0x00, 0x00, 0x00, 0x00,
    0x01, 0xbe, 0x29, 0xc0, 0x00, 0x00, 0x70, 0xe8, 0x00, 0x00, 0xc5, 0x8b, 0x00, 0x04, 0x65, 0xfc,
    0x6a, 0x40, 0x00, 0x01, 0x00, 0x00, 0x00, 0x00, 0x00, 0x00, 0x00, 0x00, 0x00, 0x00, 0x00, 0x00,
    0x00, 0x00, 0x00, 0x00, 0x00, 0x00, 0x00, 0x00, 0x00, 0x40, 0x00, 0x00, 0x00, 0x00, 0x00, 0x00,
    0x01, 0xbe, 0xd8, 0x40, 0x00, 0x00, 0x33, 0xb0, 0x00, 0x00, 0x5a, 0x67, 0x00, 0x04, 0x66, 0xc4,
    0x6a, 0x40, 0x00, 0x01, 0x00, 0x00, 0x00, 0x00, 0x00, 0x00, 0x00, 0x00, 0x00, 0x00, 0x00, 0x00,
    0x00, 0x00, 0x00, 0x00, 0x00, 0x00, 0x00, 0x00, 0x00, 0x40, 0x00, 0x00, 0x00, 0x00, 0x00, 0x00,
    0x01, 0xb6, 0x0d, 0x00, 0x00, 0x00, 0x6d, 0x60, 0x00, 0x00, 0xbf, 0x5e, 0x00, 0x04, 0x60, 0xfc,
    0x6a, 0x40, 0x00, 0x01, 0x00, 0x00, 0x00, 0x00, 0x00, 0x00, 0x00, 0x00, 0x00, 0x00, 0x00, 0x00,
    0x00, 0x00, 0x00, 0x00, 0x00, 0x00, 0x00, 0x00, 0x00, 0x40, 0x00, 0x00, 0x00, 0x00, 0x00, 0x00,
    0x01, 0xbf, 0xc3, 0xa0, 0x00, 0x00, 0x48, 0x30, 0x00, 0x00, 0x7e, 0x54, 0x00, 0x04, 0x67, 0xdc,
    0x6a, 0x40, 0x00, 0x01, 0x00, 0x00, 0x00, 0x00, 0x01, 0xc0, 0x0b, 0xe0, 0x00, 0x00, 0x98, 0xa0,
    0x00, 0x01, 0x0b, 0x16, 0x00, 0x04, 0x68, 0x04, 0x6a, 0x40, 0x00, 0x01, 0x00, 0x00, 0x00, 0x00,
    0x01, 0xc0, 0xa4, 0x80, 0x00, 0x00, 0xe2, 0x00, 0x00, 0x01, 0x8b, 0x75, 0x00, 0x04, 0x68, 0x2c,
    0x6a, 0x40, 0x00, 0x01, 0x00, 0x00, 0x00, 0x00, 0x00, 0x00, 0x00, 0x00, 0x00, 0x00, 0x00, 0x00,
    0x00, 0x00, 0x00, 0x00, 0x00, 0x00, 0x00, 0x00, 0x00, 0x40, 0x00, 0x00, 0x00, 0x00, 0x00, 0x00,
    0x01, 0xb6, 0x0d, 0x00, 0x00, 0x00, 0x6d, 0x60, 0x00, 0x00, 0xbf, 0x5e, 0x00, 0x04, 0x60, 0xfc,
    0x6a, 0x40, 0x00, 0x01, 0x00, 0x00, 0x00, 0x00, 0x01, 0xc1, 0xb5, 0xe0, 0x00, 0x00, 0x5e, 0xf8,
    0x00, 0x00, 0xa6, 0x28, 0x00, 0x04, 0x68, 0xcc, 0x6a, 0x40, 0x00, 0x01, 0x00, 0x00, 0x00, 0x00,
    0x01, 0xb8, 0xd9, 0xc0, 0x00, 0x00, 0x7c, 0x30, 0x00, 0x00, 0xd9, 0x51, 0x00, 0x04, 0x63, 0x04,
    0x6a, 0x40, 0x00, 0x01, 0x00, 0x00, 0x00, 0x00, 0x01, 0xc2, 0x14, 0xe0, 0x00, 0x00, 0x90, 0xc8,
    0x00, 0x00, 0xfd, 0x5a, 0x00, 0x04, 0x68, 0xf4, 0x6a, 0x40, 0x00, 0x01, 0x00, 0x00, 0x00, 0x00,
    0x01, 0xc2, 0xa5, 0xc0, 0x00, 0x00, 0x89, 0x28, 0x00, 0x00, 0xef, 0xfe, 0x00, 0x04, 0x69, 0x1c,
    0x6a, 0x40, 0x00, 0x01, 0x00, 0x00, 0x00, 0x00, 0x01, 0xc3, 0x2f, 0x00, 0x00, 0x00, 0xdd, 0x58,
    0x00, 0x01, 0x83, 0x53, 0x00, 0x04, 0x69, 0x44, 0x6a, 0x40, 0x00, 0x01, 0x00, 0x00, 0x00, 0x00,
    0x01, 0xb6, 0x0d, 0x00, 0x00, 0x00, 0x6d, 0x60, 0x00, 0x00, 0xbf, 0x5e, 0x00, 0x04, 0x60, 0xfc,
    0x6a, 0x40, 0x00, 0x01, 0x00, 0x00, 0x00, 0x00, 0x01, 0xc4, 0x0c, 0x60, 0x00, 0x00, 0xa4, 0xf8,
    0x00, 0x01, 0x20, 0xa8, 0x00, 0x04, 0x69, 0x6c, 0x6e, 0x40, 0x00, 0x01, 0x00, 0x00, 0x00, 0x00,
};
const unsigned int g_switchSfxIndexDataSize = sizeof(g_switchSfxIndexData);
